trade_name,active_ingredient,company,Distributor,registration_number,status
Gaucho 600 FS,Imidacloprid 600g/l FS,Bayer AG,"Marga Min Co.,Ltd.",A2019-125,Approved
Mercury 3 G,Metaldehyde 3% G,"AgriGate CropSciences Pte.,Ltd.","Myanmar Awba Group Co.,Ltd",A2017-3464,Approved
Fresh Green 25 EC,Pyraclostrobin 25% EC,Shandong Zhongxin Kenong Biolog,"Nawarat Myay Co.,Ltd.",E2021-5259,Approved
Hmoe Fighter,Pyraclostrobin 10% + Tebuconazole 20% SC,"Agro Icon Cropscience Pte.,Ltd.","Si Aka Yarzar Co.,Ltd.",E2021-5256,Approved
Airone WG,Copper Hydroxide 22.9% + Copper Oxychloride 24.6% WG,The Erawan Agricultural Chemical,Aventine Limited,E2019-4772,Approved
AKKOP 250 SC,Copper-Thiodiazole 250g/l SC,Advansia Sdn.Bhd.,"Advansia Agroscience Co.,Ltd",E2019-4552,Approved
Bright,Cymoxanil 30% + Famoxadone 22.5% WG,Shandong Sea Message Biochemis,"Shwe Chan Wii Co.,Ltd.",E2019-4755,Approved
Byter Zhongsheng,Zhongshengmycin 3% WP,Anhui Byter Agriculture Technolog,"Myanmar Golden Byter Co.,",E2019-4643,Approved
Cabrio Top 600 WG,Metiram 55% + Pyraclostrobin 5%w/w WG,"BASF SE, Germany",BASF Myanmar Limited,E2020-5023,Approved
Captain,Pyraclostrobin 25% SC,Lianyungang Liben Crop Science C,Myanmar Nicely Crop Science,E2020-4870,Approved
Change 500 WDG,Dimethomorph 35% + Kresoxim-methyl 15% WDG,"Agro Star Pte.,Ltd.","Asian Crops Global Co.,Ltd.",E2018-4206,Approved
Chlazo,Azoxystrobin 60g/l + Chlorothalonil 500g/l SC,Shandong United Pesticide Indust,Myanmar Wai Fung Agricult,E2020-5050,Approved
Chlock,Chlorothalonil 375g/l + Cymoxanil 50g/l SC,Shandong United Pesticide Indust,"Huynh Zaw Co.,Ltd.",E2018-4236,Approved
Super Sun,Dimethomorph 32% + Pyraclostrobin 16% WG,"Guangzhou Green Top Co.,Ltd.",Myanmar Shwe Nagar Agricu,E2019-4790,Approved
Dimebin,Dimethomorph 12% + Pyraclostrobin 6.7% WDG,Guangdong ZhenGe Biotechnolog,"Myanmar Golden Byter Co.,",E2019-4760,Approved
DKPYRACLOS 250 SC,Pyraclostrobin 25% SC,Zhejiang Zhongshan Chemical Ind,"Zhongshan Myanmar Co.,Ltd",E2019-4756,Approved
Eraproraz 49,Prochloraz 40% + Propiconazole 9%w/v EC,The Erawan Agricultural Chemical,Aventine Limited,E2019-4773,Approved
Evo Powdery 30 SC,Ethirimol 20% + Pyraclostrobin 10% SC,"Chrysalis Crop Pte.,Ltd.","Evogro Co.,Ltd.",E2020-5167,Approved
Fierise,Azoxystrobin 0.5% + Metalaxyl-M 0.3% GR,"Shaanxi Biogen Crop Science Co.,L",Myanmar Wai Fung Agricult,E2019-4717,Approved
Fighter-Famid 20 SC,Cyazofamid 20% SC,Shanghai Yuelian Chemical Indust,Myanmar Byter Agro Tech Co.ltd,E2019-4634,Approved
Fighting King,Azoxystrobin 20% + Flutriafol 20% SC,Shanghai Yuelian Chemical Indust,Myanmar Byter Agro Tech C,E2020-4816,Approved
Foison Knight,Epoxiconazole 12.5% SC,"Lier Chemical Co.,Ltd.",Agro Green Land Chemical,E2019-4704,Approved
Goodus,Azoxystrobin 15% + Tebuconazole 25% SC,"Shaanxi Royal Cropscience Co.,Ltd",Myanmar Wai Fung Agricult,E2019-4716,Approved
Grand 600,Metiram 55% + Pyraclostrobin 5% WDG,"Agro Star Pte.,Ltd.","Min Mahaw Co.,Ltd.",E2019-4524,Approved
Green Fruit,Azoxystrobin 20% + Propiconazole 12% SC,"Qingdao Audis Bio-Tech Co.,Ltd.","Shwe Chan Wii Co.,Ltd.",E2019-4754,Approved
Guang Pico,Picoxystrobin 22.5% SC,Anhui Guangxin Agrochemical Co.,Agro Green Land Chemical,E2019-4737,Approved
Guard Mix 38 WG,Boscalid 25% + Pyraclostrobin 13% WG,Shandong Kangqiao Bio-Technolog,Myanmar Byter Agro Tech C,E2019-4777,Approved
GUYU 500 SC,Dimethomorph 35% + Kresoxim-methyl 15% SC,"Agro Star Pte.,Ltd.","Min Mahaw Co.,Ltd.",E2018-4207,Approved
Hantyle,Fluazinam 50% SC,Shenzhen Noposion Agrochemical,Myanmar Wai Fung Agricult,E2019-4715,Approved
Jadop,Pyraclostrobin 10% + Tebuconazole 30% SC,Dongguan Ruidefeng Biotechnolog,Myanmar Wai Fung Agricult,E2019-4738,Approved
Kasucop 47% WP,Copper-Oxychloride 45% + Kasugamycin 2% WP,"Ningbo Cycle Chemical Co.,Ltd.",Golden Wish Agribusiness C,E2020-4238,Approved
Kaung Mon,Pyraclostrobin 28% + Tebuconazole 14% EC,Shanghai Yuelian Chemical Indust,Myanmar Byter Agro Tech C,E2019-4826,Approved
KAWSIN,Copper Oxychloride 45% + Kasugamycin 2% WP,"Anhui Santo Chemical Co.,Ltd.",Myanmar Golden Sun Crop,E2019-4516,Approved
Kingship,Fluazinam 50% SC,Shanghai Yuelian Chemical Indust,Myanmar Byter Agro Tech C,E2019-4831,Approved
Lynn 20 WP,Oxolinic Acid 20% WP,"AgriGate CropSciences Pte.,Ltd.","Myanma Awba Group Co.,Lt",E2020-4914,Approved
NX Strozole,Difenoconazole 10% + Pyraclostrobin 20% EC,"Hebei Ruibaode Bio-Chemical Co.,","Friends' Helper Co.,Ltd.",E2019-4681,Approved
PharOu-Naing 30 SC,Ethirimol 20% + Pyraclostrobin 10% SC,"Agrinova Cropcare Pte.,Ltd.","Wi Sar Ra International Co.,",E2020-5169,Approved
Pilar-Argon,Pyraclostrobin 10% + Tebuconazole 20% SC,"Pilarquim (Shanghai) Co.,Ltd.","Marga Min Co.,Ltd.",E2019-4757,Approved
Pilar-Combine,Azoxystrobin 10.5% + Propiconazole 17.5% SE,"Pilarquim (Shanghai) Co.,Ltd.","Marga Min Co.,Ltd.",E2019-4700,Approved
Pilar-Hmoe King,Cymoxanil 20% + Dimethomorph 50% WG,"Pilarquim (Shanghai) Co.,Ltd.","Marga Min Co.,Ltd.",E2019-4811,Approved
Pilar-Top One,Boscalid 20% + Cyprodinil 6%w/w SC,"Pilarquim (Shanghai) Co.,Ltd.","Marga Min Co.,Ltd.",E2020-4879,Approved
Pincom,Dimethomorph 30% + Pyraclostrobin 15% SC,Dongguan Ruidefeng Biotechnolog,Myanmar Wai Fung Agricult,E2019-4742,Approved
Power-GaGa,Metiram 55% + Pyraclostrobin 5% WDG,"Shandong Newpower Biotech Co.,","Myanmar Golden Byter Co.,",E2019-4645,Approved
Power-Nine,Cymoxanil 8% + Dimethomorph 40% SC,"Shandong Newpower Biotech Co.,","Myanmar Golden Byter Co.,",E2019-4646,Approved
Proxanil 45 SC,Cymoxanil 4.6% + Propamocarb HCL 36% SC,"Arysta LifeScience Benelux Sprl.,",Myanmar Arysta LifeScience,E2019-4703,Approved
Proza,Prochloraz 25% EW,Shandong United Pesticide Indust,"Friends' Helper Co.,Ltd.",E2020-5051,Approved
Pyradif 40 SC,Difenoconazole 25% + Pyraclostrobin 15% SC,Shandong Kangqiao Bio-Technolog,Myanmar Byter Agro Tech C,E2019-4752,Approved
Pytrobin,Pyraclostrobin 250g/l EC,Shandong United Pesticide Indust,"Huynh Zaw Co.,Ltd.",E2018-4246,Approved
Ringo-L 20 SC,Metominostrobin 20% SC,Summit Agro International Ltd.,"Close Friend Co.,Ltd.",E2020-4392,Approved
Root-guard,Fosthiazate 15% GR,Dongguan Ruidefeng Biotechnolog,Myanmar Wai Fung Agricult,E2020-4968,Approved
Seinn Power 50 WP,Copper Oxychloride 45% + Kasugamycin 5% WP,"Nanjing Bestgreen Chemical Co.,L","Seinn Ywetnu Co.,Ltd.",E2019-4759,Approved
Shwe Dixa,Difenoconazole 17% + Fenoxanil 20% SC,Makro Chemical,"Golden Key Co.,Ltd.",E2019-4501,Approved
Shwe Thar,Iprodione 10% + Thiram 40% WP,Makro Chemical,"Golden Key Co.,Ltd.",E2019-4515,Approved
Sim Cop 520 WP,Copper Hydroxide 50% + Kasugamycin 2% WP,"Agro Star Pte.,Ltd.","Asian Crops Global Co.,Ltd.",E2018-4354,Approved
Smarhand,Epoxiconazole 5% + Pyraclostrobin 15% SC,"Shaanxi Biogen Crop Science Co.,L",Myanmar Wai Fung Agricult,E2019-4739,Approved
Soon Kaung 30 SC,Ethirimol 20% + Pyraclostrobin 10% SC,"Optimus Agri-Tech Pte.,Ltd.",Myanmar Kaung Thu Kha Co,E2020-5168,Approved
Stafe,Tebuconazole 28% + Trifloxystrobin 14% SC,Shenzhen Noposion Agrochemical,Myanmar Wai Fung Agricult,E2019-4740,Approved
Sunrise Metrobin 30 WP,Azoxystrobin 20% + Dimethomorph 10% WP,"Sunrise Agro Chemicals Pte.,Ltd.",Wah Wah Agricultural Chem,E2018-4306,Approved
Super Linn 60% WG,Metiram 55% + Pyraclostrobin 5% WG,"Guangzhou Green Top Co.,Ltd.",Myanma Shwe Nagar Agricu,E2019-4781,Approved
Suyan Phena,Phenamacril 25% SC,Jiangsu Pesticide Research Instit,"Myanmar Golden Byter Co.,",E2020-4832,Approved
Suyan Tena,Phenamacril 360g/l + Tebuconazole 120g/l SC,Jiangsu Pesticide Research Instit,"Myanmar Golden Byter Co.,",E2020-4815,Approved
Swam Htet,Pyraclostrobin 10% ME,Guangdong ZhenGe Biotechnolog,"Myanmar Golden Byter Co.,",E2019-4647,Approved
Tarllen,Flusilazole 25% EW,Dongguan Ruidefeng Biotechnolog,Myanmar Wai Fung Agricult,E2019-4718,Approved
TH-Chan Thar 47 WP,Copper Oxychloride 45% + Kasugamycin 2% WP,Tonghua Pesticide Chemical Indus,"Friends' Helper Co.,Ltd.",E2019-4667,Approved
Thet Saunt 30 SC,Ethirimol 20% + Pyraclostrobin 10% SC,"AgriGate CropSciences Pte.,Ltd.","Myanma Awba Group Co.,Lt",E2020-5170,Approved
Tid,Thifluzamide 20% SC,Shandong United Pesticide Indust,"Huynh Zaw Co.,Ltd.",E2018-4347,Approved
Tide Tezo,Azoxystrobin 16% + Tebuconazole 7.5% SC,"Zhejiang Tide Cropscience Co.,Ltd.","Myanmar Golden Byter Co.,",E2019-4693,Approved
Tide-Nova,Chlorothalonil 40% + Thiophanate-methyl 35% WP,"Zhejiang Tide Cropscience Co.,Ltd.","Golden Key Co.,Ltd.",E2019-4638,Approved
Tiviant 77 WG,Fosetyl-aluminium 700g/kg + Isotianil 70g/kg WG,Bayer AG,"Bayer Thai Co.,Ltd. (Myanma",E2020-4919,Approved
Zampro 525 SC,Ametoctradin 30%w/v + Dimethomorph 22.5%w/v SC,BASF Espanola S.L.,BASF Myanmar Limited,E2020-5024,Approved
ZB-Combined Power 18% S,Chlorothalonil 16% + Cymoxanil 2% SC,Jiangxi Zhengbang Crop Protectior,Myanmar Shwe Thein Tradi,E2019-4794,Approved
ZB-Combined Strength 70%,Cymoxanil 20% + Dimethomorph 50% WG,Guangxi Baikal Biochemical Produ,Myanmar Shwe Thein Tradi,E2019-4795,Approved
ZB-Victor 50% WG,Pyraclostrobin 50% WG,Guangxi Baikal Biochemical Produ,Myanmar Shwe Thein Tradi,E2019-4796,Approved
Armo Clear,Captan 70% + Hexaconazole 5% WP,Anu Prooducts Ltd.,Aventine Limited,E2021-5310,Approved
Cypro-Bin 280 SC,Cyproconazole 80g/l + Picoxystrobin 200g/l SC,"Agrinova Cropcare Pte.,Ltd.","Wi Sar Ra International Co.,",E2021-5317,Approved
Besun Premium,Pyraclostrobin 15% + Zinc Thiazole 35% SC,"Zhejiang Xinnong Chemical Co.,Ltd",Myanmar Byter Agro Tech C,E2021-5340,Approved
Bepower,Tebuconazole 10% + Zinc Thiazole 30% SC,"Zhejiang Xinnong Chemical Co.,Ltd",Myanmar Byter Agro Tech C,E2021-5341,Approved
Evo Hmoo King 280 SC,Cyproconazole 80g/l + Picoxystrobin 200g/l SC,"Chrysalis Crop Pte.,Ltd.","Evogro Co.,Ltd.",E2021-5342,Approved
Omega 400 SC,Fenoxanil 200g/l + Oxolinic acid 200g/l SC,"Eastchem Co.,Ltd.","Myanma Awba Group Co.,Lt",E2021-5343,Approved
Protocol 280 EC,Cyproconazole 80g/l + Picoxystrobin 200g/l EC,"Eastchem Co.,Ltd.","Myanma Awba Group Co.,Lt",E2021-5344,Approved
Citiusa 550 WP,Isoprothiolane 40% + Tricyclazole 15% WP,"Eastchem Co.,Ltd.","Myanma Awba Group Co.,Lt",E2021-5345,Approved
Dual 280 SC,Cyproconazole 80g/l + Picoxystrobin 200g/l SC,"Optimus Agri-Tech Pte.,Ltd.",Myanmar Kaung Thu Kha Co,E2021-5346,Approved
Byter BS 1,Bacillus subtilis 10 Billion Spores/g WP,"Deqiang Biology Co.,Ltd.",Myanmar Byter Agro Tech C,E2021-5348,Approved
Vibrant,Kasugamycin 5% + Zinc Thiazole 35% SC,"Zhejiang Xinnong Chemical Co.,Ltd",Myanmar Byter Agro Tech Co,E2021-5365,Approved
Begold,Azoxystrobin 20% + Zinc Thiazole 30% SC,"Zhejiang Xinnong Chemical Co.,Ltd",Myanmar Byter Agro Tech Co,E2021-5366,Approved
Shwe Clobin,Pyraclostrobin 25% EC,Makro Chemical,"Golden Key Co.,Ltd.",E2021-5367,Approved
Merivon 50 SC,Fluxapyroxad 21.2% + Pyraclostrobin 21.2%w/w SC,BASF Espanola S.L.,Myanmar Byter Agro Tech Co,E2021-5368,Approved
Byter BS 2,Bacillus subtilis 100 Billion Spores/g WP,"Deqiang Biology Co.,Ltd.",Myanmar Byter Agro Tech Co,E2021-5372,Approved
Cabrio,Pyraclostrobin 250g/l EC,"BASF South-East Asia Pte.,Ltd.",Myanmar Byter Agro Tech Co,E2021-5380,Approved
Myay Bayin,Fosthiazate 10% G,"Agro Icon Cropscience Pte.,Ltd.","Aka Yarzar Co.,Ltd.",E2021-5381,Approved
AP Laung Shin,Cymoxanil 30% + Famoxadone 22.5% WG,Shandong Topagri Limited,"Agro Power Co.,Ltd.",E2021-5382,Approved
O-Liz,Azoxystrobin 6% + Chlorothalonil 50% SC,"Thep Watana Co.,Ltd.","SASA International Co.,Ltd.",E2021-5383,Approved
ZB-General 60 WG,Metiram 55% + Pyraclostrobin 5% WG,Jiangxi Zhengbang Crop Protection,"Friends' Helper Co.,Ltd.",E2021-5384,Approved
Hmoe Weik Sar,Pyraclostrobin 10% + Tebuconazole 20% SC,"Agro Icon Cropscience Pte.,Ltd.","Marga Min Co.,Ltd.",E2021-5419,Approved
AP Myo Luu Say,Fludioxonil 1.1% + Metalaxyl-M 1.7% + Thiamethoxam 22.2%,Shandong Topagri Limited,"Agro Power Co.,Ltd.",E2021-5420,Approved
SUN-Professor,Boscalid 25.2% + Pyraclostrobin 12.8% SC,"Shandong Trustco Agrochem Co.,Ltd",Myanmar Golden Sun Crop,E2021-5421,Approved
Cy-dimond 70 WG,Cymoxanil 20% + Dimethomorph 50% WG,Shaanxi Sunger Road Bio-Science,Myanmar Sunger Road Bio-Science,E2021-5422,Approved
Thiopy 45 SC,Pyraclostrobin 5% + Thiophanate-methyl 40% SC,Shaanxi Sunger Road Bio-Science,Myanmar Sunger Road Bio-Science,E2021-5423,Approved
Gold Medal,Pyraclostrobin 10% + Tebuconazole 20% SC,"Agro Icon Cropscience Pte.,Ltd.",Agri Idol Company Limited,E2021-5424,Approved
Hmoe Doctor,Pyraclostrobin 10% + Tebuconazole 20% SC,"Agro Icon Cropscience Pte.,Ltd.","Aka Yarzar Co.,Ltd.",E2021-5425,Approved
Super 10 G,Fosthiazate 10% G,"Agro Icon Cropscience Pte.,Ltd.",Agri Idol Company Limited,E2021-5436,Approved
Myae Poe Shin,Fosthiazate 10% G,"Agro Icon Cropscience Pte.,Ltd.","Marga Min Co.,Ltd.",E2021-5446,Approved
Royal Paing Bin,Pyraclostrobin 250g/l EC,Shandong Topagri Limited,"Royal Shin Thant Co.,Ltd.",E2021-5452,Approved
Byter Ninja 8 AS,Ningnanmycin 8% AS,"Deqiang Biology Co.,Ltd.",Myanmar Byter Agro Tech Co,E2021-5470,Approved
Kasunolate 43.5% WP,Kasugamycin 3.5% + Oxine-Copper 40% WP,Great Victory Chemical Industry,TPT Yee Shin (Agriculture),E2021-5486,Approved
Shirahagen 10% WP,Tecloftalam 10%w/w WP,Great Victory Chemical Industry,TPT Yee Shin (Agriculture),E2021-5487,Approved
Salsa,Picoxystrobin 6.78% + Tricyclazole 20.33% SC,UPL Limited,Myanmar Arysta LifeScience,E2021-5497,Approved
Besun,Zinc Thiazole 20% SC,"Zhejiang Xinnong Chemical Co.,Ltd",Myanmar Byter Agro Tech,E2019-4632,Approved
Besun Elite,Zinc Thiazole 30% SC,"Zhejiang Xinnong Chemical Co.,Ltd",Myanmar Byter Agro Tech,E2019-4631,Approved
Besun Plus,Zinc Thiazole 40% SC,"Zhejiang Xinnong Chemical Co.,Ltd",Myanmar Byter Agro Tech,E2019-4630,Approved
Guang Py,Pyraclostrobin 25% SC,Anhui Guangxin Agrochemical Co.,Agro Green Land Chemical,E2019-4776,Approved
NAB-Canna,Fludioxonil 1.1% + Metalaxyl-M 1.7% + Thiamethoxam 22.2%,Zibo NAB Agrochemicals Limited,"Topagri Myanmar Co.,Ltd.",E2020-4967,Approved
Premium 35.7 FS,Fludioxonil 12.5% + Metalaxyl-M 1% + Thiamethoxam 22.2%,"Optimus Agri-Tech Pte.,Ltd.",Myanmar Kaung Thu Kha,E2019-4539,Approved
Tri-Gain 35.7 FS,Fludioxonil 12.5% + Metalaxyl-M 1% + Thiamethoxam 22.2%,"Agrinova Cropcare Pte.,Ltd.","Wi Sar Ra International Co.,",E2019-4540,Approved
Ann Actor 500 EC,Acetochlor 500g/l EC,"An Nong Group Co.,Ltd. (Vietnam)",Myanmar Kaung Hman Group,E2021-5278,Approved
Ann Weeder 550 WP,Ametryn 50g/kg + Atrazine 500g/kg WP,"An Nong Group Co.,Ltd. (Vietnam)",Myanmar Kaung Hman Group,E2021-5279,Approved
AP Pybi,Bispyribac-sodium 20% + Pyrazolsulfuron-ethyl 5% WP,Shandong Topagri Limited (China),"Agro Power Co.,Ltd.",E2021-5267,Approved
BNS Sweet Star 550 WP,Ametryn 30% + Diuron 15% + MCPA 10% WP,Shandong Binnong Technology Co,"Myanmar Golden Byter Co.,",E2021-5239,Approved
Butanil 550 EC,Butachlor 275g/l + Propanil 275g/l EC,"Eastchem Co.,Ltd. (China)","Myanma Awba Group Co.,Ltd",E2021-5213,Approved
Byter Big Queen,Bispyribac-sodium 20% + Pyrazolsulfuron-ethyl 5% WP,Guangxi Baike Biological Technolo,"Myanmar Golden Byter Co.,",E2021-5240,Approved
Cleanshot 200 EC,Cyhalofop-butyl 120g/l + Metamifop 80g/l EC,"Eastchem Co.,Ltd. (China)","Myanma Awba Group Co.,Ltd",E2021-5215,Approved
Coach 330 OD,Cyhalofop-butyl 300g/l + Ethoxysulfuron 30g/l OD,"Eastchem Co.,Ltd. (China)","Myanma Awba Group Co.,Ltd",E2021-5217,Approved
Duly 52 WP,Atrazine 48% + Nicosulfuron 4% WP,"Optimus Agri-Tech Pte.,Ltd.",Myanmar Kaung Thu Kha,E2021-5223,Approved
Eranil,Clomazone 120g/l + Propanil 350g/l EC,"Eastchem Co.,Ltd. (China)","Myanma Awba Group Co.,Ltd",E2021-5214,Approved
Evo Biso Extra 32 WP,Bispyribac-sodium 20% + Pyrazolsulfuron-ethyl 12% WP,"Chrysalis Crop Pte.,Ltd.","Evogro Co.,Ltd.",E2021-5207,Approved
Golden Rice 70 WG,Ethoxysulfuron 10% + Mefenacet 60% WDG,"Zhejiang Tide Cropscience Co.,Ltd.","Myanmar Golden Byter Co.,",E2021-5257,Approved
Koler 450 EC,Cyhalofop-butyl 150g/l + Propanil 300g/l EC,"Eastchem Co.,Ltd. (China)","Myanma Awba Group Co.,Ltd",E2021-5216,Approved
Lal Yar Kaung 32 WP,Bispyribac-sodium 20% + Pyrazolsulfuron-ethyl 12% WP,"AgriGate CropSciences Pte.,Ltd.","Myanma Awba Group Co.,Ltd",E2021-5210,Approved
M-A Diuron 55% WP,Ametryn 30% + Diuron 15% + MCPA 10% WP,Shandong Binnong Technology Co,"Fully Light Shan Group Co.,L",E2021-5273,Approved
Maw Kun 30% WP,Bispyribac-sodium 20% + Pyrazolsulfuron 10% WP,"Guangzhou Green Top Co.,Ltd. (Ch",Myanmar Shwe Nagar Agricu,E2021-5230,Approved
Morclean 200 OD,Bispyribac-sodium 40g/l + Cyhalofop-butyl 160g/l OD,"Eastchem Co.,Ltd. (China)","Myanma Awba Group Co.,Ltd",E2021-5211,Approved
NAB-All Star,Bispyribac 20% + Pyrazolsulfuron 5% WP,Zibo NAB Agrochemicals Limited,"Topagri Myanmar Co.,Ltd.",E2021-5265,Approved
Nomicet 350 WP,Bispyribac-sodium 50g/kg + Quinclorac 300g/kg WP,"Eastchem Co.,Ltd. (China)","Myanma Awba Group Co.,Ltd",E2021-5212,Approved
Paung That Special 63% W,Fenoxaprop-P-ethyl 13% + Quinclorac 50% WP,"Guangzhou Green Top Co.,Ltd. (Ch",Myanmar Shwe Nagar Agricu,E2021-5232,Approved
Paung Thet Super 39% WP,Bispyribac-sodium 16% + Fenoxaprop-P-ethyl 15%,"Guangzhou Green Top Co.,Ltd. (Ch",Myanmar Shwe Nagar Agricu,E2021-5236,Approved
Paung Wait Zar,Bensulfuron-methyl 12% + Bispyribac-Sodium 18% WP,Ruili Cheng Shan Import and Expo,"Gold & Super Co.,Ltd.",E2021-5205,Approved
Po Kaung 32 WP,Bispyribac-sodium 20% + Pyrazolsulfuron-ethyl 12% WP,"Agrinova Cropcare Pte.,Ltd.","Wi Sar Ra International Co.,",E2021-5226,Approved
Rest,Bensulfuron-methyl 3% + Mefenacet 50% WP,Guangdong Haode Crop Science C,Myanmar Wai Fung Agricult,E2021-5260,Approved
Tan Zin 32 WP,Bispyribac-sodium 20% + Pyrazolsulfuron-ethyl 12% WP,"Optimus Agri-Tech Pte.,Ltd. (Singa",Myanmar Kaung Thu Kha Cc,E2021-5224,Approved
Ye Yint,Cyhalofop-butyl 20% + Fluroxypyr 30% EC,"Guangzhou Green Top Co.,Ltd. (Ch",Myanmar Shwe Nagar Agricu,E2021-5231,Approved
ZB-Panda 30% WP,Bispyribac-sodium 20% + Pyrazolsulfuron-ethyl 10% WP,Jiangxi Zhengbang Crop Protection,Myanmar Shwe Thein Tradi,E2021-5249,Approved
Zet Lite 10% EC,Cyhalofop-butyl 5% + Fenoxaprop-ethyl 5% EC,"Guangzhou Green Top Co.,Ltd. (Ch",Myanmar Shwe Nagar Agricu,E2021-5235,Approved
Abuta,Acetochlor 50%w/v EC,"Kemfac Co.,Ltd.","Vanida Myanmar Co.,Ltd.",P2020-4897,Approved
Atrast Pro,Atrazine 20% + Mesotrione 5% OD,Lianyungang Liben Crop Science C,Myanmar Nicely Crop Scienc,E2021-5056,Approved
Basagran 48% SL,Bentazone 48% SL,"BASF SE, Ludwigshafen, DE",BASF Myanmar Limited,E2021-5030,Approved
Benocide,Bensulfuron-methyl 5% + Cyhalofop-butyl 12.5% + Penoxsulam,Anhui Byter Agriculture Technolog,"Myanmar Golden Byter Co.,",E2021-4928,Approved
Brakcent,Atrazine 23% + Metolachlor 17% + Nicosulfuron 2% OD,"Tianjin Book Agrochemicals Co.,Ltd","Myanmar Kete Co.,Ltd.",E2020-4850,Approved
Byter All Shell,Clomazone 23% + Fomesafen 9.5% + Quizalofop-p-ethyl 2.5%,Guangxi Baike Biological Technolo,Myanmar Byter Agro Tech,E2020-4852,Approved
Byter Hoe,Clomazone 23% + Fomesafen 9.5% + Quizalofop-P-ethyl 2.5%,Anhui Byter Agriculture Technolog,"Myanmar Golden Byter Co.,",E2020-4927,Approved
Byter Pod,Penoxsulam 10% SC,Guangxi Baike Biological Technolo,Myanmar Byter Agro Tech,E2019-4635,Approved
Byter QB,Bispyribac-sodium 5% + Quinclorac 30% WP,Guangxi Baike Biological Technolo,"Myanmar Golden Byter Co.,",E2019-4663,Approved
Byter Quifo,Fomesafen 10% + Quizalofop-P-ethyl 5% ME,Guangxi Baike Biological Technolo,"Myanmar Golden Byter Co.,",E2019-4639,Approved
Byter Select,Fluoroglycofen-ethyl 8% + Quizalofop-P-ethyl 4% EW,Anhui Byter Agriculture Technolog,"Myanmar Golden Byter Co.,",E2020-4855,Approved
B-Zone,Acifluorfen 80g/l + Bentazone 360g/l SL,UPL Limited,"Agro Power Co.,Ltd.",E2019-4731,Approved
Cele 20% EC,Fluroxypyr 200g/l EC,"Guangzhou Green Top Co.,Ltd.",Myanmar Shwe Nagar Agricu,E2019-4712,Approved
Coyote,Mesotrione 40g/l + S-metolachlor 400g/l SE,UPL Limited,"Agro Power Co.,Ltd.",E2019-4803,Approved
DKBENTA 480 SL,Bentazone 480g/l SL,Anhui Zhongshan Chemical Indust,"Zhongshan Myanmar Co.,Ltd",E2019-4762,Approved
DKTOLA 960 EC,S-Metolachlor 960g/l EC,Zhejiang Zhongshan Chemical Ind,"Zhongshan Myanmar Co.,Ltd",E2019-4684,Approved
Erachlor,Acetochlor 50%w/v EC,The Erawan Agricultural Chemical,"Royal Shin Thant Co.,Ltd.",E2019-4732,Approved
Foison Bigboss,Flumioxazin 50% WP,"Lier Chemical Co.,Ltd.",Agro Green Land Chemical,E2019-4726,Approved
Foison Genesun,Bentazone 480g/l AS,"Lier Chemical Co.,Ltd.",Agro Green Land Chemical,E2019-4764,Approved
Foison Pioneer,Penoxsulam 25g/l OD,"Lier Chemical Co.,Ltd.",Agro Green Land Chemical,E2020-5105,Approved
Foison Trump,Fluroxypyr 8.5% + MCPA 33.5% EC,"Lier Chemical Co.,Ltd.",Agro Green Land Chemical,E2019-4725,Approved
GENGWEI 550 SC,Atrazine 50% + Mesotrione 5% SC,Anhui Zhongshan Chemical Indust,"Zhongshan Myanmar Co.,Ltd",E2019-4685,Approved
Glo Top,Bensulfuron-methyl 10% + Bispyribac-sodium 25% WP,"Agro Star Pte.,Ltd.","Asian Crops Global Co.,Ltd.",E2020-5122,Approved
Glo-meta,S-Metolachlor 96% EC,"Agro Star Pte.,Ltd.","Asian Crops Global Co.,Ltd.",E2020-5093,Approved
Great One 22 EC,Fomesafen 16% + Quizalofop-P-ethyl 6% EC,"Hefei Xingyu Chemical Co.,Ltd.","Agro Frey Co.,Ltd.",E2019-4791,Approved
Heat 70 WDG,Saflufenacil 70% WDG,BASF SE,BASF Myanmar Limited,E2020-5163,Approved
Hoe Free,Quizalofop-P-ethyl 8.5% + Rimsulfuron 2.5% OD,"Tianjin Book Agrochemicals Co.,Ltd","Myanmar Kete Co.,Ltd.",E2020-4974,Approved
Holdown,Clomazone 129g/l + Pendimethalin 307g/l CS,UPL Limited,"Agro Power Co.,Ltd.",E2019-4724,Approved
Invade,Ametryn 25% + Atrazine 25% WP,"Zagro Singapore Pte.,Ltd.",Zagro Myanmar Limited,E2020-4930,Approved
King Crops 70 WP,Metribuzin 70% WP,"Agro Star Pte.,Ltd.","Min Mahaw Co.,Ltd.",E2020-5164,Approved
King Pea 240 SL,Imazapic 24% SL,"Agro Star Pte.,Ltd.","Min Mahaw Co.,Ltd.",E2020-5127,Approved
Leisure,Bentazone 40% + MCPA-sodium 10% SL,Guangdong Haode Crop Science C,Myanmar Wai Fung Agricult,E2019-4673,Approved
NAB-Nico,Atrazine 20% + Nicosulfuron 4% OD,Zibo NAB Agrochemicals Limited,"Topagri Myanmar Co.,Ltd.",E2020-5091,Approved
Nhan King 96 EC,S-Metolachlor 96% EC,"Agro Star Pte.,Ltd.","Min Mahaw Co.,Ltd.",E2020-5092,Approved
Nicosulfuron Atrazine 52%,Atrazine 50% + Nicosulfuron 2% WP,Shandong Binnong Technology Co,"Fully Light Shan Group Co.,L",E2020-5104,Approved
Nicotrazine,Atrazine 24% + Fluroxypyr 5.5% + Nicosulfuron 3.5% OD,"Tianjin Book Agrochemicals Co.,Ltd","Myanmar Kete Co.,Ltd.",E2020-4851,Approved
Niflo One,Fluroxypyr-meptyl 8% + Mesotrione 10% + Nicosulfuron 4%,Anhui Byter Agriculture Technolog,"Myanmar Kete Co.,Ltd.",E2020-5103,Approved
Nine One 24% EC,Cyhalofop-butyl 20% + Penoxsulam 4% EC,"Guangzhou Green Top Co.,Ltd.",Myanmar Shwe Nagar Agricu,E2019-4730,Approved
Novlect 120 EC,Cyhalofop-butyl 10.64%w/w + Florpyrauxifen-benzyl 2.13%,"P.T Dow Agro Sciences, Indonesia","Myanma Awba Group Co.,Ltd",E2020-4976,Approved
Pilargold,S-Metolachlor 45% CS,Jiangsu Mindleader Crop Science,Myanmar Nicely Crop Scienc,E2020-5055,Approved
Po Mo Shin 100 OD,Mesotrione 7% + Nicosulfuron 3% OD,"Agro Star Pte.,Ltd.","Min Mahaw Co.,Ltd.",E2020-5126,Approved
Pyclo 36 SC,Pyraclonil 3.6% SC,"Kyoyu Agri Co.,Ltd.",Myanmar Arysta LifeScience,E2019-4662,Approved
Quasar,Bentazone 40% + MCPA 6% SL,"Zagro Singapore Pte.,Ltd.",Zagro Myanmar Limited,E2020-4975,Approved
Redeemer 5 OD,Penoxsulam 5% OD,Shandong Zhongxin Kenong Biolog,Myanmar Byter Agro Tech,E2019-4664,Approved
Ring 25 WDG,Rimsulfuron 25% WDG,Anhui Byter Agriculture Technolog,"Myanmar Kete Co.,Ltd.",E2019-4689,Approved
Shutter,Butachlor 35% + Propanil 35% EC,"Zagro Singapore Pte.,Ltd.",Zagro Myanmar Limited,E2020-4931,Approved
Shwe Paung (2),Bensulfuron-methyl 10% + Bispyribac-sodium 25% WP,Makro Chemical,"Golden Key Co.,Ltd.",E2020-5094,Approved
Shwe Pyaung 55 SC,Atrazine 50% + Mesotrione 5% SC,Zhejiang Zhong Shan Chemical Ind,"Gold & Super Co.,Ltd.",E2020-5029,Approved
Sina-ZM 55 SC,Atrazine 500g/l + Mesotrione 50g/l SC,"Sinamyang Group Pte.,Ltd.","Asian Crops Global Co.,Ltd.",E2020-5123,Approved
SPR Pendilor,Butachlor 48% + Pendimethalin 12% EC,Hefei Spr Chemistry Technology C,"Myanmar Kete Co.,Ltd.",E2020-4933,Approved
SPR TOP,Cyhalofop-butyl 18% + Penoxsulam 3% + Pyrazolsulfuron-P-e,Hefei Spr Chemistry Technology C,"Myanmar Kete Co.,Ltd.",E2020-4934,Approved
SPR Tricide,Clomazone 23% + Fomesafen 9.5% + Quizalofop-P-ethyl 2.5%,Hefei Spr Chemistry Technology C,"Myanmar Kete Co.,Ltd.",E2020-4849,Approved
Stamone,Clomazone 114g/l + Propanil 456g/l EC,UPL Limited,"Agro Power Co.,Ltd.",E2020-5106,Approved
Tetris 75 EC,Profoxydim 7.5% EC,BASF SE,BASF Myanmar Limited,E2020-5162,Approved
TH-Duwon 20 SC,Bispyribac-sodium 5% + Cyhalofop-butyl 15% SC,Tonghua Pesticide Chemical Indus,"Friends' Helper Co.,Ltd.",E2020-5128,Approved
Tip Boss,Bensulfuron-methyl 10% + Bispyribac-sodium 25% WP,"Agro Star Pte.,Ltd.","Min Mahaw Co.,Ltd.",E2020-5125,Approved
Tochlann 50 EC,Acetochlor 500g/l EC,"Ningbo Cycle Chemical Co.,Ltd.",Golden Wish Agribusiness,E2020-4084,Approved
Tricor,Metribuzin 135g/l + S-metolachlor 405g/l EC,UPL Limited,"Agro Power Co.,Ltd.",E2019-4804,Approved
Troy,Bentazone 480g/l SL,UPL Limited,"Agro Power Co.,Ltd.",E2019-4763,Approved
Unicor-M 70 WG,Metribuzin 700g/kg WG,UPL Limited,"Agro Power Co.,Ltd.",E2020-5054,Approved
United 100 OD,Mesotrione 7% + Nicosulfuron 3% OD,"Agro Star Pte.,Ltd.","Asian Crops Global Co.,Ltd.",E2020-5124,Approved
Viper,Diuron 46.8% + Hexazinone 13.2% WG,"Zagro Singapore Pte.,Ltd.",Zagro Myanmar Limited,E2020-4932,Approved
Bentapro 440 SL,Acifluorfen 80g/l + Bentazone 360g/l SL,Zhejiang Xinan Chemical Industria,"Friends' Helper Co.,Ltd.",E2021-5302,Approved
Corn King 550 SC,Atrazine 50% + Mesotrione 5% SC,"Agrinova Cropcare Pte.,Ltd.","Wi Sar Ra International Co.,",E2021-5313,Approved
Clozone 180 EC,Clomazone 11% + Fomesafen 5.5% + Quizalofop-P-ethyl 1.5%,"Agrinova Cropcare Pte.,Ltd.","Wi Sar Ra International Co.,",E2021-5314,Approved
Pwe Taine Kyaw 70 EC,Fomesafen 5% + Quizalofop-P-ethyl 2% EC,"Agrinova Cropcare Pte.,Ltd.","Wi Sar Ra International Co.,",E2021-5315,Approved
Sultan 240 SC,Penoxsulam 24% SC,"Agrinova Cropcare Pte.,Ltd.","Wi Sar Ra International Co.,",E2021-5316,Approved
Classic 250 WP,Chlorimuron-ethyl 25% WP,"Chrysalis Crop Pte.,Ltd.","Evogro Co.,Ltd.",E2021-5318,Approved
Evo Nomore Weed 70 EC,Fomesafen 5% + Quizalofop-P-ethyl 2% EC,"Chrysalis Crop Pte.,Ltd.","Evogro Co.,Ltd.",E2021-5319,Approved
Evo All Shin 550 SC,Atrazine 50% + Mesotrione 5% SC,"Chrysalis Crop Pte.,Ltd.","Evogro Co.,Ltd.",E2021-5320,Approved
Shwe Pyawn 550 SC,Atrazine 50% + Mesotrione 5% SC,"Optimus Agri-Tech Pte.,Ltd.",Myanmar Kaung Thu Kha Cc,E2021-5321,Approved
Audio 250 WP,Chlorimuron-ethyl 25% WP,"Optimus Agri-Tech Pte.,Ltd.",Myanmar Kaung Thu Kha Cc,E2021-5322,Approved
Htoo Shal 180 EC,Clomazone 11% + Fomesafen 5.5% + Quizalofop-P-ethyl 1.5%,"Optimus Agri-Tech Pte.,Ltd.",Myanmar Kaung Thu Kha Cc,E2021-5323,Approved
Two-Plus 70 EC,Fomesafen 5% + Quizalofop-P-ethyl 2% EC,"Optimus Agri-Tech Pte.,Ltd.",Myanmar Kaung Thu Kha Cc,E2021-5324,Approved
Flumimax 525 EC,Acetochlor 500g/l + Flumioxazin 25g/l EC,"Eastchem Co.,Ltd.","Myanma Awba Group Co.,Ltd",E2021-5325,Approved
Solar 260 OD,Mesotrione 40g/l + Nicosulfuron 20g/l + Terbuthylazine 200g/l,"Eastchem Co.,Ltd.","Myanma Awba Group Co.,Ltd",E2021-5326,Approved
Ameni 240 OD,Atrazine 180g/l + Mesotrione 40g/l + Nicosulfuron 20g/l OD,"Eastchem Co.,Ltd.","Myanma Awba Group Co.,Ltd",E2021-5327,Approved
Pyaung Kaung Paung Thae,Atrazine 50% + Mesotrione 5% SC,"AgriGate CropSciences Pte.,Ltd.","Myanma Awba Group Co.,Ltd",E2021-5328,Approved
Pal Thet Shae 70 EC,Fomesafen 5% + Quizalofop-P-ethyl 2% EC,"AgriGate CropSciences Pte.,Ltd.","Myanma Awba Group Co.,Ltd",E2021-5329,Approved
Dalt 180 EC,Clomazone 11% + Fomesafen 5.5% + Quizalofop-P-ethyl 1.5%,"AgriGate CropSciences Pte.,Ltd.","Myanma Awba Group Co.,Ltd",E2021-5330,Approved
Chrono 250 WP,Chlorimuron-ethyl 25% WP,"AgriGate CropSciences Pte.,Ltd.","Myanma Awba Group Co.,Ltd",E2021-5331,Approved
Tri Guard,Atrazine 110g/l + Mesotrione 29.4g/l + S-Metolachlor 294g/l,Asiatic Agricultural Industries Pte,Asiatic Agricultural Industrie,E2021-5336,Approved
Shwe Paung Pro,Bentazone 15% + Fomesafen 7% + Quizalofop-P-ethyl 2% EC,Makro Chemical,"Golden Key Co.,Ltd.",E2021-5370,Approved
Tarzan,Bentazone 48% SL,Makro Chemical,"Golden Key Co.,Ltd.",E2021-5371,Approved
NAB-Nest,Bispyribac-sodium 5% + Cyhalofop-butyl 15% SC,Zibo NAB Agrochemicals Limited,"Topagri Myanmar Co.,Ltd.",E2021-5390,Approved
Tetking,Atrazine 20% + Mesotrione 7% + Nicosulfuron 3% OD,Zibo NAB Agrochemicals Limited,"Topagri Myanmar Co.,Ltd.",E2021-5391,Approved
Cylo Bisso,Bispyribac-sodium 4% + Cyhalofop-butyl 12% OD,"Hefei Xingyu Chemical Co.,Ltd.","Agri Leading Biotech Co.,Ltd",E2021-5392,Approved
ALB-CyBis 16 OD,Bispyribac-sodium 4% + Cyhalofop-butyl 12% OD,"Hefei Xingyu Chemical Co.,Ltd.","Agri Leading Biotech Co.,Ltd",E2021-5393,Approved
Bentafen,Acifluorfen 80g/l + Bentazone 360g/l SL,"Hefei Xingyu Chemical Co.,Ltd.","Agri Leading Biotech Co.,Ltd",E2021-5394,Approved
Mesoatra,Atrazine 50% + Mesotrione 5% SC,"Bailing Agrochemical Co.,Ltd.","Agri Leading Biotech Co.,Ltd",E2021-5395,Approved
ALB-Fo Quiza,Fomesafen 16% + Quizalofop-P-ethyl 6% EC,"Hefei Xingyu Chemical Co.,Ltd.","Agri Leading Biotech Co.,Ltd",E2021-5396,Approved
Pyaing Bet King,Atrazine 20% + Mesotrione 7% + Nicosulfuron 3% OD,Shandong Vicome Greenland Cher,"Shenbon Agrosciences Co.,L",E2021-5397,Approved
Metina Plus,Cyhalofop-butyl 12% + Metamifop 8% EC,Anhui Zupont Import & Export Co.,Myanmar Golden Sun Crop,E2021-5398,Approved
Corn Hope,Atrazine 20% + Mesotrione 5% OD,"Hangzhou Pinli Chemical Co.,Ltd.",Wai Shinn Yone Kyi Linn Co.,E2021-5399,Approved
Yonta Minthar,Bentazone 40% + MCPA-sodium 6% SL,"Shaighai E-Tong Chemical Co.,Ltd.","Yonta Myanmar Co.,Ltd.",E2021-5400,Approved
Yonta Myann Shinn,Atrazine 20% + Mesotrione 7% + Nicosulfuron 3% OD,"Shaighai E-Tong Chemical Co.,Ltd.","Yonta Myanmar Co.,Ltd.",E2021-5401,Approved
Triatrasulfuron,Atrazine 18% + Mesotrione 4% + Nicosulfuron 2% OD,"Hefei Xingyu Chemical Co.,Ltd.","Agri Leading Biotech Co.,Ltd",E2021-5426,Approved
ALB-Mesozine,Atrazine 20% + Mesotrione 6% SC,"Hefei Xingyu Chemical Co.,Ltd.","Agri Leading Biotech Co.,Ltd",E2021-5444,Approved
Affinity 24 EC,Carfentrazone-ethyl 24% EC,FMC Corporation,Myanmar Arysta LifeScience,E2021-5453,Approved
Budozar,Nicosulfuron 3% OD,"Mountain Peak Cropcare Pte.,Ltd.",Marlarmyaing Public Compa,E2021-5454,Approved
Evo Cosmic 100 OD,Mesotrione 10% OD,"Chrysalis Crop Pte.,Ltd.","Evogro Co.,Ltd.",E2021-5455,Approved
Evo Confirm 105 OD,Mesotrione 75g/l + Nicosulfuron 30g/l OD,"Chrysalis Crop Pte.,Ltd.","Evogro Co.,Ltd.",E2021-5456,Approved
Nico-Corn 100 OD,Nicosulfuron 10% OD,"Agrinova Cropcare Pte.,Ltd.","Wi Sar Ra International Co.,",E2021-5457,Approved
Veto 100 OD,Mesotrione 10% OD,"Agrinova Cropcare Pte.,Ltd.","Wi Sar Ra International Co.,",E2021-5458,Approved
Nico 100 OD,Nicosulfuron 10% OD,"Optimus Agri-Tech Pte.,Ltd.",Myanmar Kaung Thu Kha Cc,E2021-5459,Approved
Mesoe 100 OD,Mesotrione 10% OD,"Optimus Agri-Tech Pte.,Ltd.",Myanmar Kaung Thu Kha Cc,E2021-5460,Approved
Acid 105 OD,Mesotrione 75g/l + Nicosulfuron 30g/l OD,"Optimus Agri-Tech Pte.,Ltd.",Myanmar Kaung Thu Kha Cc,E2021-5461,Approved
Myet Yar Ba Yin 100 OD,Nicosulfuron 10% OD,"AgriGate CropSciences Pte.,Ltd.","Myanma Awba Group Co.,Lt",E2021-5462,Approved
Pyaung Kaung Htwet Toe,Mesotrione 75g/l + Nicosulfuron 30g/l OD,"AgriGate CropSciences Pte.,Ltd.","Myanma Awba Group Co.,Lt",E2021-5463,Approved
Pyaung Min,Atrazine 50% + Mesotrione 5% SC,Shaanxi Microbe Biotechnology,"Thu Thu Hein Co.,Ltd.",E2021-5488,Approved
Tip Top 105 OD,Mesotrione 75g/l + Nicosulfuron 30g/l OD,"Agrinova Cropcare Pte.,Ltd.","Wi Sar Ra International Co.,",E2021-5494,Approved
Poe Special,Bacillus thuringiensis berliner subsp.aizawai 16000 IU/mg WP,"Agro Icon Cropscience Pte.,Ltd.",Agri Idol Company Limited,E2022-5437,Approved
Anumyu 270 EC,Deltamethrin 2% + Quinalphos 25% EC,"Agrinova Cropcare Pte.,Ltd.","Wi Sar Ra International Co.,",E2021-5228,Approved
Boxer,Nitenpyram 10% SL,Lianyungang Liben Crop Science,Myanmar Nicely Crop Scienc,E2021-5238,Approved
Boxer Pro,Nitenpyram 50% SP,Lianyungang Liben Crop Science,Myanmar Nicely Crop Scienc,E2021-5206,Approved
Conquar,Bacillus thuringiensis Kurstaki 18000IU/mg 8%w/w WP,Agri Life (India),"Royal Distribution Co.,Ltd.",E2021-5285,Approved
Diadem 270 EC,Deltamethrin 2% + Quinalphos 25% EC,"Optimus Agri-Tech Pte.,Ltd.",Myanmar Kaung Thu Kha Cc,E2021-5225,Approved
Director 120 SC,Chlorfenapyr 100g/l + Emamectin Benzoate 20g/l SC,"Eastchem Co.,Ltd. (China)","Myanma Awba Group Co.,Lt",E2021-5219,Approved
Etox,Etofenprox 10% EW,Shandong United Pesticide Indust,"Shwe Sike Khinn Co.,Ltd.",E2021-5294,Approved
Evo Com 545 EC,Alpha-Cypermethrin 5% + Fenobucarb 45% EC,"Chrysalis Crop Pte.,Ltd.","Evogro Co.,Ltd.",E2021-5208,Approved
Evo Counter 270 EC,Deltamethrin 2% + Quinalphos 25% EC,"Chrysalis Crop Pte.,Ltd.","Evogro Co.,Ltd.",E2021-5209,Approved
Flush 545 EC,Alpha-Cypermethrin 5% + Fenobucarb 45% EC,"Agrinova Cropcare Pte.,Ltd.","Wi Sar Ra International Co.,",E2021-5227,Approved
Giant Spider,Bifenazate 24% SC,"Qingdao Audis Bio-Tech Co.,Ltd.","Shwe Chan Wii Co.,Ltd.",E2021-5243,Approved
Gladius 10 SC,Flometoquin 10% SC,"Nippon Kayaku Co.,Ltd. (Japan)","Close Friend Co.,Ltd.",E2021-5272,Approved
Imunit 150 SC,Alpha-cypermethrin 7.5%w/v + Teflubenzuron 7.5%w/v SC,BASF Agri-Production S.A.S,BASF Myanmar Limited,E2021-5242,Approved
Mect Mect,Emamectin Benzoate 4% + Indoxacarb 16% SC,"Guangzhou Green Top Co.,Ltd.",Myanmar Shwe Nagar Agricu,E2021-5234,Approved
Mezone,Metaflumizone 22% SC,Shandong United Pesticide Indust,"Shwe Sike Khinn Co.,Ltd.",E2021-5295,Approved
Pilar-Poe Yanthu,Emamectin Benzoate 4% + Indoxacarb 6% SC,"Pilarquim (Shanghai) Co.,Ltd.","Marga Min Co.,Ltd.",E2021-5275,Approved
Ramec 200 SC,Emamectin Benzoate 20g/l + Methoxyfenozide 180g/l SC,"Eastchem Co.,Ltd. (China)","Myanma Awba Group Co.,Lt",E2021-5221,Approved
Scepter 270 EC,Deltamethrin 2% + Quinalphos 25% EC,"AgriGate CropSciences Pte.,Ltd.","Myanma Awba Group Co.,Lt",E2021-5220,Approved
Sulfaron 250 EC,Carbosulfan 200g/l + Chlorfluazuron 50g/l EC,"Eastchem Co.,Ltd. (China)","Myanma Awba Group Co.,Lt",E2021-5218,Approved
Trible,Acetamiprid 20% + Bifenthrin 5% + Fipronil 5% WP,"Agro Star Pte.,Ltd.(Singapore)","Min Mahaw Co.,Ltd.",E2021-5276,Approved
Wone Dine 220 SC,Spirotetramat 110g/l + Thiacloprid 110g/l SC,"AgriGate CropSciences Pte.,Ltd.","Myanma Awba Group Co.,Lt",E2021-5222,Approved
ZB-Magical Gem 12% SC,Emamectin Benzoate 2% + Tolfenpyrad 10% SC,Jiangxi Zhengbang Biochemical,Myanmar Shwe Thein Tradi,E2021-5244,Approved
ZB-Weed Master 12% SC,Chlorfenapyr 10% + Emamectin Benzoate 2% SC,Jiangxi Zhengbang Crop Protect,Myanmar Shwe Thein Tradi,E2021-5247,Approved
ALOSA 50 EC,Lufenuron 50g/l EC,Advansia Sdn.Bhd.,"Advansia Agroscience Co.,Ltd",E2019-4589,Approved
AM-Nagar 50 WDG,Pymetrozine 50% WDG,Shandong Topagri Limited,"Agriman Myanmar,Ltd.",E2019-4614,Approved
Ape Jat,Nitenpyram 20% + Pymetrozine 60% WDG,"Agro Star Pte.,Ltd.","Asian Crops Global Co.,Ltd.",E2020-5036,Approved
Aphozine 50 WG,Pymetrozine 50%w/w WG,Kenso Corporation (M) Sdn.Bhd,"Grand Agrocare Co.,Ltd.",E2018-4458,Approved
Beamish,Emamectin Benzoate 1% + Tebufenozide 19% SC,Shandong Jophne Biotechnology,Myanmar Wai Fung Agricult,E2019-4678,Approved
BEAU-VER,Beauveria Bassiana BCC 2660 1X109 CFU/g WP,"TAB Innovation Co.,Ltd.","Vanida Myanmar Co.,Ltd.",E2019-4627,Approved
Best Choice,Nitenpyram 20% + Pymetrozine 60% WDG,Shanghai Yuelian Chemical Indust,Myanmar Byter Agro Tech,E2020-4864,Approved
Betaxim,Beta-Cypermethrin 4% + Phoxim 16% EC,Guangdong Zhenge Biotechnology,"Myanmar Golden Byter Co.,",E2019-4710,Approved
Better One,Etoxazole 30% SC,"Shanghai Yuelian Biotech Co.,Ltd.",Myanmar Byter Agro Tech,E2019-4636,Approved
Byter Kau That,Carbaryl 1.5% + Metaldehyde 4.5% GR,Anhui Byter Agriculture Technolog,Myanmar Byter Agro Tech,E2019-4637,Approved
Byter Mecar,Carbaryl 1.5% + Metaldehyde 4.5% GR,Anhui Byter Agriculture Technolog,"Myanmar Golden Byter Co.,",E2019-4651,Approved
Endure 60 SC,Spinetoram 6%w/w SC,"P.T Dow Agro Sciences, Indonesia","Myanma Awba Group Co.,Lt",E2020-5004,Approved
Enkounter,Acetamiprid 15% + Methoxyfenozide 24% WG,UPL Limited,"Agro Power Co.,Ltd.",E2019-4770,Approved
Garmak,Emamectin Benzoate 3% + Indoxacarb 12% SC,"Rotam Agrochemical Co.,Ltd.","Huynh Zaw Co.,Ltd.",E2018-4380,Approved
Golden Plain Pymetrozine,Pymetrozine 50% WG,"Hebei Veyong Bio-Chemical Co.,Ltd",Agro Green Land Chemical,E2018-4160,Approved
KICK DOWN 20 WP,Emamectin Benzoate 10% + Thiamethoxam 10% WP,"Paragon AgroChem Pte.,Ltd.","Min Galar Hinnthar Co.,Ltd.",E2018-4110,Approved
Lucky 7,Spirotetramat 22.4% SC,Shanghai Yuelian Chemical,Myanmar Byter Agro Tech,E2019-4734,Approved
M-15,Emamectin Benzoate 2% + Thiamethoxam 13% WDG,Agro Icon Cropscience,"Marga Min Co.,Ltd.",E2018-4428,Approved
Mata,Beta-Cypermethrin 1.5% + Malathion 18.5% EC,Shandong United Pesticide,"Huynh Zaw Co.,Ltd.",E2018-4259,Approved
Mogul,Nitenpyram 20% + Pymetrozine 60% WG,Rotam Agrochemical Co.,"Huynh Zaw Co.,Ltd.",E2018-4263,Approved
Nipson,Nitenpyram 200g/kg + Pymetrozine 600g/kg WDG,Shandong United Pesticide,"Huynh Zaw Co.,Ltd.",E2018-4261,Approved
Nison,Nitenpyram 25g/kg SP,Shandong United Pesticide,"Huynh Zaw Co.,Ltd.",E2018-4340,Approved
Nisu 80 WDG,Nitenpyram 20% + Pymetrozine 60% WDG,Guangxi Baike Biological,"Myanmar Kete Co.,Ltd.",E2019-4694,Approved
NX Pymetro,Pymetrozine 25% WP,Hebei Ruibaode Bio-Chemical,"Friends' Helper Co.,Ltd.",E2019-4735,Approved
Past,Acetamiprid 3% + Beta-Cypermethrin 2% ME,Dongguan Ruidefeng Biotech,Myanmar Wai Fung Agricult,E2019-4676,Approved
Phyote Shin 545 EC,Alpha-cypermethrin 5% + Fenobucarb 45% EC,AgriGate CropSciences,"Myanma Awba Group Co.,Lt",E2020-5149,Approved
Pilar-Guard Two,Clothianidin 10% + Pymetrozine 10% SC,Pilarquim (Shanghai) Co.,"Marga Min Co.,Ltd.",E2019-4661,Approved
Poe Bayin 15,Emamectin Benzoate 2% + Thiamethoxam 13% WDG,Agro Icon Cropscience,"Aka Yarzar Co.,Ltd.",E2018-4409,Approved
Poe Shin 10,Emamectin Benzoate 5% + Indoxacarb 5% WDG,Agro Icon Cropscience,"Aka Yarzar Co.,Ltd.",E2018-4408,Approved
Power-Shell,Emamectin Benzoate 0.5% + Profenofos 19.5% EC,ShanDong NewPower Biotech,Myanmar Golden Byter Co.,E2019-4680,Approved
Procarb,Isoprocarb 20% EC,Guangdong ZhenGe Biotech,Myanmar Golden Byter Co.,E2019-4691,Approved
Reatis 480 FS,Tetraniliprole 480g/l FS,Bayer AG,Charoen Pokphand Produce,E2020-4960,Approved
Repulse,Carbaryl 1.5% + Metaldehyde 4.5% GR,Shenzhen Noposion Agrochemical,Myanmar Wai Fung Agricult,E2019-4674,Approved
Royal Star,Chlorbenzuron 19% + Indoxacarb 1% SC,GuangDong ZhenGe Biotech,Myanmar Golden Byter Co.,E2020-4865,Approved
Sensecare 80 WG,Nitenpyram 20% + Pymetrozine 60% WG,Shandong Zhongxin Kenong,"Friends' Helper Co.,Ltd.",E2020-5073,Approved
SHWE KYET-SUPER 20 SC,Beta-Cypermethrin 5% + Pymetrozine 15% SC,Supernova Intertrade,Taung Paw Thar Yee Shin,E2019-4544,Approved
Super Fly 60 WG,Dinotefuran 20% + Pymetrozine 40% WG,"Agro Star Pte.,Ltd.","Min Mahaw Co.,Ltd.",E2020-5035,Approved
Tai,Chlorfenapyr 10% + Emamectin Benzoate 2% SC,Shandong Jophne Biotech,Myanmar Wai Fung Agricult,E2019-4677,Approved
TH-Shine 80 WG,Pymetrozine 50% + Thiamethoxam 30% WG,Tonghua Pesticide Chemical,"Friends' Helper Co.,Ltd.",E2020-5005,Approved
Tolfesu,Tolfenpyrad 15% SC,Liuzhou Huinong Chemical,"Myanmar Kete Co.,Ltd.",E2019-4769,Approved
Trustco Union attacker,Emamectin Benzoate 1% + Hexaflumuron 2% SC,Jiangxi Zhongxun Agrochemical,Myanmar Golden Sun Crop,E2019-4531,Approved
Valiant,Bifenthrin 10% + Thiamethoxam 20% WG,Shenzhen Noposion Agrochemical,Myanmar Wai Fung Agricult,E2019-4671,Approved
Vayego 200 SC,Tetraniliprole 200g/l SC,Bayer AG,Charoen Pokphand Produce,E2020-4961,Approved
Prothai,Emamectin Benzoate 5% + Indoxacarb 5% WDG,Agro Icon Cropscience,"Marga Min Co.,Ltd.",E2018-4427,Approved
ZB-Ensure,Isoprocarb 40% + Pymetrozine 10% WP,Jiangxi Zhengbang Crop,Myanmar Shwe Thein Tradi,E2018-4215,Approved
ZB-Lu 5% EW,Lufenuron 5% EW,Jiangxi Zhengbang Crop,Myanmar Shwe Thein Tradi,E2019-4799,Approved
Zuma 545 EC,Alpha-cypermethrin 5% + Fenobucarb 45% EC,"Optimus Agri-Tech Pte.,Ltd.",Myanmar Kaung Thu Kha,E2020-5148,Approved
AKESS 50 WG,Pymetrozine 50%w/v WG,Advansia Sdn.Bhd,Advansia Agroscience,E2019-4554,Approved
ZB-Defeat 30 SC,Chlorfenapyr 18% + Indoxacarb 12% SC,Jiangxi Zhengbang Crop,"Friends' Helper Co.,Ltd.",E2021-5303,Approved
MGS-Medicine Stick,Nitenpyram 10% + Pymetrozine 30% WP,Sixf Crop Protection Co.,Myanmar Golden Sun Crop,E2021-5305,Approved
Yonta Yone Kyi,Chlorfenapyr 10% + Indoxacarb 5% SC,Shaighai E-Tong Chemical,"Yonta Myanmar Co.,Ltd.",E2021-5306,Approved
Yonta Fast Hunter,Nitenpyram 20% + Pymetrozine 60% WG,Shaighai E-Tong Chemical,"Yonta Myanmar Co.,Ltd.",E2021-5307,Approved
Palace 300 SC,Chlorfenapyr 200g/l + Pyriproxyfen 100g/l SC,"Lionchem Pte.,Ltd.",Lionchem (Myanmar) Pte.,E2021-5308,Approved
Metadi 400 SC,Metaflumizone 200g/l + Methoxyfenozide 200g/l SC,"Lionchem Pte.,Ltd.",Lionchem (Myanmar) Pte.,E2021-5309,Approved
Armo Elektin,Emamectin Benzoate 1.5% + Profenofos 35% WDG,Parijat Industries (India),Aventine Limited,E2021-5311,Approved
Armo Pointer,Buprofezin 5% + Fenobucarb 20% SE,Anu Prooducts Ltd.,Aventine Limited,E2021-5312,Approved
Byter Done Kyi,Abamectin-aminomethyl 1% + Chlorfenapyr 5% ME,Anhui Byter Agriculture,Myanmar Golden Byter Co.,E2021-5349,Approved
Small Aphids,Pymetrozine 20% + Thiamethoxam 15% WG,Qingdao Audis Bio-Tech,"Shwe Chan Wii Co.,Ltd.",E2021-5350,Approved
NAB-Duro,Chlorfenapyr 19% + Lufenuron 5% SC,Zibo NAB Agrochemicals,"Topagri Myanmar Co.,Ltd.",E2021-5351,Approved
ALB-mecarb,Emamectin Benzoate 5% + Indoxacarb 10% SC,Hebei Veyong Bio-Chemical,"Agri Leading Biotech Co.,Ltd",E2021-5352,Approved
Evo Spanner 240 SC,Spirotetramat 24% SC,"Chrysalis Crop Pte.,Ltd.","Evogro Co.,Ltd.",E2021-5353,Approved
Bendy 50 SC,Spinosad 5% SC,"Optimus Agri-Tech Pte.,Ltd.",Myanmar Kaung Thu Kha,E2021-5354,Approved
Data 240 SC,Spirotetramat 24% SC,"Optimus Agri-Tech Pte.,Ltd.",Myanmar Kaung Thu Kha,E2021-5355,Approved
Hockey 500 SG,Flonicamid 50% SG,"Agrinova Cropcare Pte.,Ltd.","Wi Sar Ra International Co.,",E2021-5356,Approved
Poly-Kill 50 SC,Spinosad 5% SC,"Agrinova Cropcare Pte.,Ltd.","Wi Sar Ra International Co.,",E2021-5357,Approved
Wa Yin Doke 240 SC,Spirotetramat 24% SC,AgriGate CropSciences,"Myanma Awba Group Co.,Lt",E2021-5358,Approved
Pyaing San Shar 50 SC,Spinosad 5% SC,AgriGate CropSciences,"Myanma Awba Group Co.,Lt",E2021-5359,Approved
Byter Ngwe Oak,Difenoconazole 2.2% + Fludioxonil 2.2% + Thiamethoxam 22%,Anhui Byter Agriculture,Myanmar Byter Agro Tech,E2021-5373,Approved
Byter Spino,Spinosad 10% SC,"Deqiang Biology Co.,Ltd.",Myanmar Byter Agro Tech,E2021-5374,Approved
Byter Spy,Spinosad 3% EW,Anhui Byter Agriculture,Myanmar Byter Agro Tech,E2021-5375,Approved
Archer Plus 50 WP,Flonicamid 10% + Nitenpyram 40% WP,"Eastchem Co.,Ltd.","Myanma Awba Group Co.,Lt",E2021-5376,Approved
Sa Yar Gyi 500 SG,Flonicamid 50% SG,AgriGate CropSciences,"Myanma Awba Group Co.,Lt",E2021-5377,Approved
Tha Man Kyar 240 SC,Spirotetramat 24% SC,"Agrinova Cropcare Pte.,Ltd.","Wi Sar Ra International Co.,",E2021-5378,Approved
Byter Shwe Oak,Clothianidin 25% + Fludioxonil 2.5% + Pyraclostrobin 2.5%,Anhui Byter Agriculture,Myanmar Golden Byter Co.,E2021-5403,Approved
Atamit 45 WP,Acetamiprid 20% + Pyridaben 25% WP,Advansia Sdn.Bhd.,Advansia Agroscience,E2021-5409,Approved
Byter Longcher,Abamectin-aminomethyl 1% + Chlorfenapyr 5% ME,Anhui Byter Agriculture,Myanmar Golden Byter Co.,E2021-5410,Approved
ZB-Punisher 10 SC,Spinosad 10% SC,Jiangxi Zhengbang Crop,"Friends' Helper Co.,Ltd.",E2021-5411,Approved
Fan-Pro 240 EC,Chlorfenapyr 190g/l + Lufenuron 50g/l EC,"Lionchem Pte.,Ltd.",Lionchem (Myanmar) Pte.,E2021-5412,Approved
Monimide 800 WP,Flubendiamide 36g/kg + Monosultap 764g/kg WP,"Lionchem Pte.,Ltd.",Lionchem (Myanmar) Pte.,E2021-5413,Approved
Amagong 70 SC,Emamectin Benzoate 20g/l + Spinosad 50g/l SC,"Lionchem Pte.,Ltd.",Lionchem (Myanmar) Pte.,E2021-5414,Approved
Pilarbit,Deltamethrin 2.5% + Thiamethoxam 9.5% SC,Jiangsu Mindleader Crop,Myanmar Nicely Crop Scienc,E2021-5415,Approved
Basi 250 SL,Bisultap 25% SL,AgriGate CropSciences,"Myanma Awba Group Co.,Lt",E2021-5428,Approved
Bi-Tap 250 SL,Bisultap 25% SL,"Optimus Agri-Tech Pte.,Ltd.",Myanmar Kaung Thu Kha,E2021-5429,Approved
Lucifer 250 SL,Bisultap 25% SL,"Agrinova Cropcare Pte.,Ltd.","Wi Sar Ra International Co.,",E2021-5430,Approved
Anargat,Bacillus thuringiensis var kurstaki HG207 12% + Beauveria,AgriGate CropSciences,"Myanma Awba Group Co.,Lt",E2021-5464,Approved
Sa Par Ohn 175 OD,Flubendiamide 10% + Spirotetramat 7.5% OD,AgriGate CropSciences,"Myanma Awba Group Co.,Lt",E2021-5465,Approved
Thantshin,Bacillus amyloliquefaciens H2O1 5% + Calcium Carbonate,AgriGate CropSciences,"Myanma Awba Group Co.,Lt",E2021-5466,Approved
Lionmaxx,Dinotefuran 15% + Spirotetramat 15% SC,Brightmart CropScience,Myanmar Gold Medal Crop,E2021-5468,Approved
Almiti,Bifenazate 30% + Spirodiclofen 15% SC,Brightmart CropScience,Myanmar Gold Medal Crop,E2021-5469,Approved
AP Bacillus,Bacillus thuringiensis 16000 IU/mg WP,Shandong Topagri Limited,"Agro Power Co.,Ltd.",E2021-5471,Approved
Shiny 70 WG,Dinotefuran 28% + Pymetrozine 42% WG,"Agro Star Pte.,Ltd.","Min Mahaw Co.,Ltd.",E2021-5489,Approved
Evo Bitap 250 SL,Bisultap 25% SL,"Chrysalis Crop Pte.,Ltd.","Evogro Co.,Ltd.",E2021-5490,Approved
Mechlor 12 SC,Chlorfenapyr 8% + Methoxyfenozide 4% SC,Shaanxi Sunger Road Bio-Sc,Myanmar Sunger Road Bio-S,E2021-5492,Approved
Hlae Shal 25 EC,Deltamethrin 10% + Thiamethoxam 15% EC,"Agro Star Pte.,Ltd.","Min Mahaw Co.,Ltd.",E2021-5496,Approved
Nesuper,Bacillus firmus HG210 3% + Calcium Carbonate 97%,AgriGate CropSciences,"Myanma Awba Group Co.,Lt",E2021-5467,Approved
Achieve 25% EC,Difenoconazole 25%w/v EC,"Agsin Pte.,Ltd.",Zagro Myanmar Limited,F2016-1098,Approved
Agrimil 63.5 MZ,Mancozeb 560g/kg + Metalaxyl 75g/kg WP,Asiatic Agricultural Ind.,"Farm Link Co.,Ltd.",FF2019-683,Approved
Agrithane M 46,Mancozeb 80%w/w WP,Asiatic Agricultural Ind.,"Farm Link Co.,Ltd.",FF2019-251,Approved
Agro Mancozeb 80 WP,Mancozeb 80% WP,"Agsin Pte.,Ltd.",Zagro Myanmar Limited,F2011-478,Approved
Agrosin M 70 WP,Thiophanate-methyl 70% WP,"Agsin Pte.,Ltd.",Zagro Myanmar Limited,F2011-809,Approved
Agrothaconil 75 WP,Chlorothalonil 75%w/w WP,"Agsin Pte.,Ltd.",Zagro Myanmar Limited,F2014-711,Approved
Agrozeb 80 WP,Mancozeb 80% WP,"Unochem Co.,Ltd.","Agro Bio Product Co.,Ltd.",F2016-481,Approved
Aliette 80 WG,Fosetyl-aluminium 80% WG,Bayer AG,"Y Agro Solution Co.,Ltd.",F2015-853,Approved
Amelax 25 WP,Metalaxyl 25% WP,"Yingdee Intertrade Co.,Ltd","Yupa Dagon Trading Co.,Ltd",F2011-761,Approved
Amistar,Azoxystrobin 25% SC,Syngenta Crop Protection,"Myanma Awba Group Co.,Lt",F2019-2149,Approved
Angel 500 WP,Dimethomorph 50% WP,AgriGate CropSciences,"Myanma Awba Group Co.,Lt",F2015-1261,Approved
Anlate 5 EC,Hexaconazole 5%w/v EC,Behn Meyer AgCare LLP,"Agri First Co.,Ltd.",F2014-971,Approved
Antracol 70 WP,Propineb 70%w/w WP,Bayer AG,"Myanma Golden Farm Co.,L",FF2020-488,Approved
Anvil 5 SC,Hexaconazole 5% SC,Syngenta Crop Protection,"Myanma Awba Group Co.,Lt",FF2011-108,Approved
Armo Azobin 25 SC,Azoxystrobin 25% SC,"R.H.F Pte.,Ltd.",Aventine Limited,F2019-1424,Approved
Armo Crown 85% WP,Copper Oxychloride 85% WP,"R.H.F Pte.,Ltd.",Aventine Limited,F2016-1003,Approved
Armo Dimorph,Dimethomorph 50% WP,"R.H.F Pte.,Ltd.",Aventine Limited,F2018-1718,Approved
Armo Metal 25% WP,Metalaxyl 25% WP,"R.H.F Pte.,Ltd.",Aventine Limited,F2016-998,Approved
Armo Mycin 2% SL,Kasugamycin 2% SL,"R.H.F Pte.,Ltd.",Aventine Limited,F2016-999,Approved
Armo Rain Coat 72 WP,Mancozeb 64% + Metalaxyl 8% WP,"R.H.F Pte.,Ltd.",Aventine Limited,F2017-1321,Approved
Armo Royal 50% WP,Iprodione 50% WP,"R.H.F Pte.,Ltd.",Aventine Limited,F2016-1001,Approved
Armo Surf 80 DF,Sulphur 80% DF,"R.H.F Pte.,Ltd.",Aventine Limited,F2016-1000,Approved
Armo Top Cap 50% WP,Captan 50% WP,"R.H.F Pte.,Ltd.",Aventine Limited,F2016-996,Approved
Armo Victory Gold 407,Metalaxyl 7g/l + Mono & Dipotassium Phosphide 400g/l SL,Parijat Industries (India),Aventine Limited,F2016-905,Approved
Armo Zeb 80% WP,Mancozeb 80% WP,"R.H.F Pte.,Ltd.",Aventine Limited,F2016-997,Approved
Bankonil 75 WP,Chlorothalonil 75%w/w WP,Arysta LifeScience SAS,Myanmar Arysta LifeScience,F2015-496,Approved
BM Mancozeb 80 WP,Mancozeb 80% WP,Behn Meyer AgCare LLP,"Agri First Co.,Ltd.",FF2020-715,Approved
BM Metalaxyl MZ,Mancozeb 40% + Metalaxyl 10% WP,Behn Meyer AgCare LLP,"Agri First Co.,Ltd.",F2014-948,Approved
BM Propineb,Propineb 70% WP,Behn Meyer AgCare LLP,"Agri First Co.,Ltd.",F2017-1311,Approved
Cadilac 80 WP,Mancozeb 80% WP,Zenith Crop Sciences Bulgaria Ltd.,"Buronos Private Co.,Ltd.",F2020-2181,Approved
Censor 25 WP,Metalaxyl 25% WP,"Agsin Pte.,Ltd.",Zagro Myanmar Limited,F2014-709,Approved
Challenge 85 WP,Copper Oxychloride 85% WP,"Syntech International Co.,Ltd.",Golden Lion High Tech Agric,F2011-745,Approved
Chloronil 75 WP,Chlorothalonil 75% WP,"Nanjing Bestgreen Chemical Co.,Lt","Seinn Ywetnu Co.,Ltd.",F2017-1109,Approved
Cleaner 720 SC,Chlorothalonil 720g/l SC,Shandong Weifang Rainbow Chem,"Rainbow Agrosciences Co.,L",F2020-2487,Approved
Contra 30 WP,Cymoxanil 30% WP,"Syntech International Co.,Ltd.",Golden Lion High Tech Agric,F2018-1661,Approved
Control 80 WP,Mancozeb 80% WP,"Optimus Agri-Tech Pte.,Ltd.",Myanmar Kaung Thu Kha Co,F2017-1408,Approved
Copcide,Copper Oxychloride 84% WP,Behn Meyer AgCare LLP,"Agri First Co.,Ltd.",F2017-1317,Approved
Copina 85 WP,Copper Oxychloride 85% WP,The Erawan Agricultural Chemical,Aventine Limited,F2020-2362,Approved
Copper Tech 77 WP,Copper Hydroxide 77% WP,"Syntech International Co.,Ltd.",Golden Lion High Tech Agric,F2020-2380,Approved
Coptex 85 WP,Copper Oxychloride 85% WP,"Yingdee Intertrade Co.,Ltd.","Yupa Dagon Trading Co.,Ltd",F2011-763,Approved
Copxide 77 WP,Copper Hydroxide 77% WP,"AgriGate CropSciences Pte.,Ltd.","Myanmar Awba Group Co.,Lt",F2014-912,Approved
Cosavet 80 WG,Sulphur 80% WG,Sulphur Mills Ltd.,Wah Wah Agricultural Chem,F2014-837,Approved
Cupox,Copper Oxychloride 85% WP,"Agsin Pte.,Ltd.",Zagro Myanmar Limited,F2019-2003,Approved
Cupro Star 85 WP,Copper Oxychloride 85% WP,"Agro Star Pte.,Ltd.","Asian Crops Global Co.,Ltd.",F2018-1750,Approved
Cupromax 85 WP,Copper Oxychloride 85% WP,"Agrinova Cropcare Pte.,Ltd.","Wi Sar Ra International Co.,",FF2021-767,Approved
Cuproxat Flowable,Tri-basic Copper Sulphate 345g/l,"Nufarm GMBH & Co.KG,ST(Austria","Myanmar Awba Group Co.,Lt",F2014-491,Approved
Cyclic 250 WP,Cymoxanil 25% WP,"Optimus Agri-Tech Pte.,Ltd.",Myanmar Kaung Thu Kha Co,F2019-1988,Approved
Cymo-Z 72 WP,Cymoxanil 8% + Mancozeb 64% WP,"Agrinova Cropcare Pte.,Ltd.","Wi Sar Ra International Co.,",F2015-1441,Approved
Daconil 40 SC,Chlorothalonil 40% SC,"SDS Biotech K.K, Tokyo, Japan",Marlarmyaing Public Compa,F2012-317,Approved
Daconil 75 WP,Chlorothalonil 75% WP,S.D.S Biotech K.K,Marlarmyaing Public Compa,FF2012-011,Approved
Deco Hexa 5 SC,Hexaconazole 50g/l SC,Advanced Agriculture Solution Joi,Advance Agriculture Solutio,F2019-1903,Approved
Deco Laxyl 72 WP,Mancozeb 64% + Metalaxyl 8% WP,Advanced Agriculture Solution Joi,Advance Agriculture Solutio,F2019-1904,Approved
Deco Vali 5 SL,Validamycin A 5%w/w SL,Advanced Agriculture Solution Joi,Advance Agriculture Solutio,F2019-1901,Approved
Delight 50 WP,Dimethomorph 50% WP,"Syntech International Co.,Ltd.",Golden Lion High Tech Agric,F2018-1662,Approved
Devicopper 77% WP,Copper Hydroxide 77% WP,"Grade Laojun Chemical Co.,Ltd.",SIL International Company,F2020-2457,Approved
Dexa 5 SC,Hexaconazole 5% SC,Arysta LifeScience India Limited,Myanmar Arysta LifeScience,F2017-1630,Approved
Dicozeb 80 WP,Mancozeb 80% WP,"Agrinova Cropcare Pte.,Ltd.","Wi Sar Ra International Co.,",F2014-627,Approved
Dimichi 500 WP,Dimethomorph 50% WP,"Shandong Cynda Chemical Co.,Ltd",Myanmar Arysta LifeScience,F2018-1720,Approved
Dimop Gold 50 WP,Dimethomorph 50% WP,"Agro Star Pte.,Ltd.","Min Mahaw Co.,Ltd.",F2018-1751,Approved
Dimorph 50 WP,Dimethomorph 50% WP,"Agsin Pte.,Ltd.","Agsin Pte.,Ltd. (Rep. Office)",F2019-1868,Approved
Dithane NT M-45 80 WP,Mancozeb 80% WP,Dow AgroSciences (Thailand Ltd.),Corteva Agriscience (Myann,FF2012-088,Approved
Dragonil 75 WP,Chlorothalonil 75% WP,"Syntech International Co.,Ltd.",Golden Lion High Tech Agric,F2014-876,Approved
Ekzomancozeb,Mancozeb 80% WP,The Erawan Agricultural Chemical,Aventine Limited,F2020-2364,Approved
Emthane M 45 WP,Mancozeb 80% WP,Coromandel International Ltd.,Wah Wah Agricultural Chem,F2011-815,Approved
Energy 80 WDG,Sulphur 800g/kg WDG,Asiatic Agricultural Industries Pte.,"Farm Link Co.,Ltd.",F2018-1586,Approved
Erachloronil,Chlorothalonil 75% WP,The Erawan Agricultural Chemical,Aventine Limited,F2020-2361,Approved
Eravil,Hexaconazole 5%w/v SC,The Erawan Agricultural Chemical,Aventine Limited,F2020-2363,Approved
E-T Manco 80 WP,Mancozeb 80% WP,"Shanghai E-Tong Chemical Co.,Ltd","Seinn Lae Thwin Co.,Ltd.",F2019-2069,Approved
E-T Melax 25 WP,Metalaxyl 25% WP,"Shanghai E-Tong Chemical Co.,Ltd","Yonta Myanmar Co.,Ltd.",F2019-2070,Approved
E-T Metanil 440 SC,Chlorothalonil 40% + Metalaxyl 4% SC,"Shanghai E-Tong Chemical Co.,Ltd",Network Marketing Limited,F2019-2079,Approved
Evo Blast 75 WP,Tricyclazole 75% WP,"Chrysalis Crop Pte.,Ltd.","Evogro Co.,Ltd.",F2020-2687,Approved
Evo Heal 80 WP,Mancozeb 80% WP,"Chrysalis Crop Pte.,Ltd.","Evogro Co.,Ltd.",F2019-1986,Approved
Evo Kar Kwal 5 SC,Hexaconazole 5% SC,"Chrysalis Crop Pte.,Ltd.","Evogro Co.,Ltd.",F2019-1985,Approved
Extra Cap 50 WP,Captan 50% WP,"Extra Agrochemical Co.,Ltd.","Agro Bio Product Co.,Ltd.",F2016-756,Approved
Extralaxyl 25 WP,Metalaxyl 25% WP,"Extra Agrochemical Co.,Ltd.","Agro Bio Product Co.,Ltd.",F2017-612,Approved
Flint 50 WG,Trifloxystrobin 50% WG,Bayer AG,Zagro Myanmar Limited,F2017-1270,Approved
Flourish Mancozeb 80% W,Mancozeb 80% WP,Flourish Axis Business Holding Pte,Myint Myat Agrochemical E,F2015-884,Approved
Focus 80 WDG,Fosetyl-Aluminium 80% WDG,"Syntech International Co.,Ltd.",Golden Lion High Tech Agric,F2018-1571,Approved
Foral 50 WP,Iprodione 50% WP,Forward (Beihai) Hepu Pesticide C,"Forward (Myanmar) Co.,Ltd",F2014-1107,Approved
Forazole 5 SC,Hexaconazole 5%w/v SC,Forward International Ltd.,"Forward (Myanmar) Co.,Ltd",F2013-614,Approved
Formeta 25 WP,Metalaxyl 25% WP,Forward (Beihai) Hepu Pesticide C,"Forward (Myanmar) Co.,Ltd",F2014-1106,Approved
Fornil 75 WP,Chlorothalonil 75%w/w WP,Forward International Ltd.,"Sim Sim Co.,Ltd.",F2013-116,Approved
Fortazeb 72 WP,Mancozeb 64% + Metalaxyl 8%w/w WP,Forward (Beihai) Hepu Pesticide C,"Sim Sim Co.,Ltd.",FF2020-328,Approved
Fortuna 80 WP,Mancozeb 80% WP,Zenith Crop Sciences Bulgaria Ltd.,"Buronos Private Co.,Ltd.",F2019-1919,Approved
Fortuna Globe 75 WDG,Mancozeb 75% WDG,Zenith Crop Sciences Bulgaria Ltd.,"Buronos Private Co.,Ltd.",F2019-2132,Approved
Forum,Dimethomorph 50% WP,"BASF SE, Germany","Aka Yarzar Co.,Ltd.",F2018-475,Approved
Forward Mancozeb 80 WP,Mancozeb 80%w/w WP,Forward (Beihai) Hepu Pesticide C,"Sim Sim Co.,Ltd.",FF2020-727,Approved
Forward Zineb 80 WP,Zineb 80%w/w WP,Forward International Ltd.,"Forward (Myanmar) Co.,Ltd",F2013-861,Approved
Fuji-One 40 EC,Isoprothiolane 40% EC,"Nihon Nohyaku Co.,Ltd.",Marlarmyaing Public Compa,F2014-142,Approved
Funguran OH,Copper Hydroxide 77% WP,Urania Chemical,"Min Mahaw Co.,Ltd.",F2014-577,Approved
Fusin-M 70 WP,Thiophanate-methyl 70%w/w WP,Forward International Ltd.,"Sim Sim Co.,Ltd.",F2013-118,Approved
GC Azobin 25 SC,Azoxystrobin 25% SC,"Supernova Intertrade Pte.,Ltd.",Taung Paw Thar Yee Shinn (,F2019-1969,Approved
GC Laung Mae 44 SC,Chlorothalonil 40% + Metalaxyl 4% SC,"Supernova Intertrade Pte.,Ltd.",Taung Paw Thar Yee Shinn (,F2019-1972,Approved
GC Mycin 4 WP,Kasugamycin 4% WP,"Supernova Intertrade Pte.,Ltd.",TPT Yee Shin (Agriculture) C,F2020-2283,Approved
Gedamycin 20 SP,Validamycin 20% SP,Jiangxi Zhengbang Crop Protectior,Myanmar Shwe Thein Tradi,F2019-2042,Approved
Gedomil 72 WP,Mancozeb 64% + Metalaxyl 8% WP,Jiangxi Zhengbang Crop Protectior,Myanmar Shwe Thein Tradi,F2019-2041,Approved
Gephanate 70 WP,Thiophanate-methyl 70% WP,Jiangxi Zhengbang Crop Protectior,Myanmar Shwe Thein Tradi,F2019-2037,Approved
Gold Plus 72 WP,Chlorothalonil 64% + Metalaxyl 8% WP,Zhejiang Heben Pesticide & Chem,Myanmar Arysta LifeScience,F2011-784,Approved
Golden Copper 77 WP,Copper Hydroxide 77% WP,Makro Chemical,Makro Chemical,F2013-866,Approved
Golden Venus 5 EC,Hexaconazole 5% EC,My Golden Crop Enterprise,"Golden Rocket Co.,Ltd.",F2020-2450,Approved
Grace 250 EC,Propiconazole 250g/l EC,Asiatic Agricultural Industries Pte.,Golden Lion High Tech Agric,FF2020-716,Approved
Great General,Mancozeb 80% WP,Shannxi Andreap Biochemistry Co,"Golden Plain Co.,Ltd.",F2019-2113,Approved
Hatchet 5 EC,Hexaconazole 5% EC,"Syntech International Co.,Ltd.",Golden Lion High Tech Agric,F2018-872,Approved
Heaven 5 SC,Hexaconazole 5% SC,"AgriGate CropSciences Pte.,Ltd.","Myanma Awba Group Co.,Lt",F2018-1812,Approved
Hexacon 5 SC,Hexaconazole 5% SC,"Zagro Singapore Pte.,Ltd.",Zagro Myanmar Limited,F2018-1856,Approved
Hexado 50 SC,Hexaconazole 5% SC,"Eastchem Co.,Ltd.","Myanma Awba Group Co.,Lt",F2020-2665,Approved
Hexagon 5 SC,Hexaconazole 5% SC,"Agrinova Cropcare Pte.,Ltd.","Wi Sar Ra International Co.,",F2014-932,Approved
Hezole 50 SC,Hexaconazole 5% SC,Shandong Weifang Rainbow Chem,"Rainbow Agrosciences Co.,L",F2020-2524,Approved
Homai 80 WP,Thiophanate-methyl 30% + Thiram 50% WP,"Nippon Soda Co.,Ltd.",Myanmar Arysta LifeScience,FF2011-017,Approved
Htet Hexa,Hexaconazole 25% SC,Shenzhen Noposion Agrochemical,"Htet Thiha Naing Co.,Ltd.",F2019-2732,Approved
Htet Mate Swe,Thiophanate-methyl 500g/l SC,Shenzhen Noposion Agrochemical,"Htet Thiha Naing Co.,Ltd.",F2020-2739,Approved
Htet Metho,Dimethomorph 80% WG,Shenzhen Noposion Agrochemical,"Htet Thiha Naing Co.,Ltd.",F2020-2731,Approved
Hunterlax 25 WP,Metalaxyl 25% WP,Flourish Axis Business Holding Pte,Myint Myat Agrochemical E,F2017-1197,Approved
Indofil M-45,Mancozeb 80%w/w WP,Indofil Industries Limited,Myanmar Arysta LifeScience,F2013-401,Approved
Invento 66.8 WP,Iprovalicarb 5.5% + Propineb 61.3% WP,Bayer AG,"Myanma Golden Farm Co.,L",F2011-562,Approved
Iso 50 WP,Iprodione 50% WP,"Syntech International Co.,Ltd.",Golden Lion High Tech Agric,F2018-1660,Approved
K.4 Matter 25 WP,Metalaxyl 25% WP,"Zhejiang E-Tong Chemical Co.,Ltd.","Anawrahta Production Co.,L",F2018-1649,Approved
Karcim 2 SL,Kasugamycin 2% SL,"Agrinova Cropcare Pte.,Ltd.","Wi Sar Ra International Co.,",F2018-1692,Approved
Kasumin Liquid,Kasugamycin Hydrochloride 2.3%,"Hokko Chemical Industry Co.,Ltd.",Myanmar Arysta LifeScience,FF2020-014,Approved
Kemet 70 WP,Thiophanate-methyl 70% WP,Kenso Corporation (M) Sdn.Bhd.,"Grand Agrocare Co.,Ltd.",F2019-2101,Approved
Kemeta 25 WP,Metalaxyl 25%w/w WP,Kenso Corporation (M) Sdn.Bhd.,"Grand Agrocare Co.,Ltd.",F2020-2632,Approved
Kenconil 500 SC,Chlorothalonil 50%w/v SC,Kenso Corporation (M) Sdn.Bhd.,"Grand Agrocare Co.,Ltd.",F2020-2629,Approved
Kencozeb 80 WP,Mancozeb 80% WP,Kenso Corporation (M) Sdn.Bhd.,"Grand Agrocare Co.,Ltd.",F2019-2100,Approved
Kendizol 250 EC,Difenoconazole 25%w/v EC,Kenso Corporation (M) Sdn.Bhd.,"Grand Agrocare Co.,Ltd.",F2020-2631,Approved
Kloudy 80 DF,Sulphur 80% DF,"AgriGate CropSciences Pte.,Ltd.","Myanma Awba Group Co.,Lt",F2018-1697,Approved
Kumulus DF,Sulphur 80% DF,"BASF SE, Germany",Golden Lion High Tech Agric,FF2012-123,Approved
Labilite 70 WP,Maneb 50% + Thiophanate-methyl 20% WP,"Nippon Soda Co.,Ltd.",Myanmar Arysta LifeScience,FF2011-009,Approved
Larminar 10% WP,Bacillus subtilis Ehrenberg 10% WP,"Appliedchem (Thailand) Co.,Ltd.","Yupa Dagon Trading Co.,Ltd",F2017-758,Approved
Laun 25 WP,Metalaxyl 25% WP,"AgriGate CropSciences Pte.,Ltd.","Myanma Awba Group Co.,Lt",F2014-585,Approved
M_Thane 80% WP,Mancozeb 80% WP,"Myanma Pesticides Industry Co.,Lt",Marlarmyaing Public Compa,F2016-1299,Approved
Magic 80 WP,Mancozeb 80% WP,"Syntech International Co.,Ltd.",Golden Lion High Tech Agric,F2015-1034,Approved
Mainus 80 WP,Mancozeb 80% WP,"Yingdee Intertrade Co.,Ltd.","Yupa Dagon Trading Co.,Ltd",F2011-708,Approved
Mancomag 80 WP,Mancozeb 80% WP,"AgriGate CropSciences Pte.,Ltd.","Myanma Awba Group Co.,Lt",F2017-1266,Approved
Mancozeb TG,Mancozeb 97% TG,"AgriGate CropSciences Pte.,Ltd.","Myanma Awba Group Co.,Lt",F2015-1262,Approved
Manthane 80% WP,Mancozeb 80% WP,"Grade Laojun Chemical Co.,Ltd.",SIL International Company,F2019-2118,Approved
Map Copper 77 WP,Copper Hydroxide 77% WP,"Map Pacific Pte.,Ltd.","Map Pacific Co.,Ltd.",F2013-901,Approved
Map Flash 75% WP,Tricyclazole 75% WP,"Map Pacific Pte.,Ltd.","Aka Yarzar Co.,Ltd.",F2017-1135,Approved
MAP Hexacol 5% SC,Hexaconazole 5% SC,"Map Pacific Pte.,Ltd.",Agro Green Land Chemical (,F2013-439,Approved
MAP MAN 80 WP,Mancozeb 80% WP,"Map Pacific Pte.,Ltd.","Map Pacific Co.,Ltd.",F2013-479,Approved
MAP Meta 25% WP,Metalaxyl 25% WP,"Map Pacific Pte.,Ltd.","Map Pacific Pte.,Ltd",F2013-891,Approved
MAP Zeta 72% WP,Mancozeb 64% + Metalaxyl 8% WP,"Map Pacific Pte.,Ltd.",Aventine Limited,F2013-892,Approved
Map Zoo 250 EC,Propiconazole 25% EC,"Map Pacific Pte.,Ltd.","Aka Yarzar Co.,Ltd.",F2016-1130,Approved
Matalaze 25 WP,Metalaxyl 25% WP,"Agrinova Cropcare Pte.,Ltd.","Wi Sar Ra International Co.,",F2015-1292,Approved
Matco 72 WP,Mancozeb 64% + Metalaxyl 8% WP,Indofil Industries Limited,Myanmar Arysta LifeScience,F2013-736,Approved
Max Dot 25 WP,Metalaxyl 25%w/w WP,Asiatic Agricultural Industries Pte.,"Y Agro Solution Co.,Ltd.",F2017-1359,Approved
Maxcin 2 SL,Kasugamycin 20g/l SL,Asiatic Agricultural Industries Pte.,"Farm Link Co.,Ltd.",F2019-2167,Approved
M-Co-Cide 77 WP,Copper Hydroxide 77% WP,"Mountain Peak Cropcare Pte.,Ltd.",Marlarmyaing Public Compa,F2017-1347,Approved
Mega Copper 77 WP,Copper Hydroxide 77% WP,"MAC Chem (Asia) Co.,Ltd.",Mega Grow International Co,F2016-1055,Approved
Mega Demo,Dimethomorph 50% WP,"MAC Chem (Asia) Co.,Ltd.",Mega Grow International Co,F2019-2048,Approved
Mega Nara,Kasugamycin 2% WP,"MAC Chem (Asia) Co.,Ltd.",Mega Grow International Co,F2019-2049,Approved
Mega Oxy,Copper Oxychloride 50%WP,"MAC Chem (Asia) Co.,Ltd.",Mega Grow International Co,F2016-1057,Approved
Mega Polan 25 WP,Metalaxyl 25% WP,"MAC Chem (Asia) Co.,Ltd.",Mega Grow International Co,F2016-1056,Approved
Mega Wiki,Azoxystrobin 25% SC,"MAC Chem (Asia) Co.,Ltd.",Mega Grow International Co,F2019-2047,Approved
Metalmen,Mancozeb 64% + Metalaxyl 8%w/w WP,"Agsin Pte.,Ltd.","Htet Thiha Naing Co.,Ltd.",F2016-710,Approved
Metman Bul 72 WP,Mancozeb 64% + Metalaxyl 8% WP,Zenith Crop Sciences Bulgaria Ltd.,"Buronos Private Co.,Ltd.",F2019-2130,Approved
Metman Gold 68 WDG,Mancozeb 64% + Metalaxyl-M 4% WDG,Zenith Crop Sciences Bulgaria Ltd.,"Buronos Private Co.,Ltd.",F2019-2131,Approved
Mexyl MZ 72 WP,Mancozeb 64% + Metalaxyl 8% WP,Saigon Plant Protection Joint Stocl,"Akari Min Trading Co.,Ltd.",F2015-819,Approved
M-Hexa 5 EC,Hexaconazole 5% EC,"Mountain Peak Cropcare Pte.,Ltd.",Marlarmyaing Public Compa,F2018-1639,Approved
Mighty 25 WP,Metalaxyl 25% WP,"Syntech International Co.,Ltd.",Golden Lion High Tech Agric,F2011-740,Approved
M-Methomorph 50 WP,Dimethomorph 50% WP,"Mountain Peak Cropcare Pte.,Ltd.",Marlarmyaing Public Compa,F2020-2398,Approved
Moxy 250 WP,Cymoxanil 25% WP,"AgriGate CropSciences Pte.,Ltd.","Myanma Awba Group Co.,Lt",F2017-1510,Approved
M-Pro 25 EC,Propiconazole 25% EC,"Mountain Peak Cropcare Pte.,Ltd.",Marlarmyaing Public Compa,F2020-2391,Approved
M-Style 25% SC,Azoxystrobin 25% SC,"Mountain Peak Cropcare Pte.,Ltd.",Marlarmyaing Public Compa,F2020-2390,Approved
Mytrizole 75 WP,Tricyclazole 75%w/w WP,Advanced Agriculture Solution Joi,Advance Agriculture Solutio,F2020-2542,Approved
NAB-Azo 25 SC,Azoxystrobin 25% SC,Zibo NAB Agrochemicals Limited,"Topagri Myanmar Co.,Ltd.",F2020-2300,Approved
NAB-First 25 WP,Metalaxyl 25% WP,Zibo NAB Agrochemicals Limited,"Topagri Myanmar Co.,Ltd.",F2019-1938,Approved
NAB-Good 50 WP,Dimethomorph 50% WP,Zibo NAB Agrochemicals Limited,"Topagri Myanmar Co.,Ltd.",F2019-1949,Approved
NAB-Jiatuo 70 WP,Thiophanate-Methyl 70% WP,Zibo NAB Agrochemicals Limited,"Topagri Myanmar Co.,Ltd.",F2019-1948,Approved
NAB-Man 80 WP,Mancozeb 80% WP,Zibo NAB Agrochemicals Limited,"Topagri Myanmar Co.,Ltd.",F2019-1946,Approved
Nagarjuna Oryzole,Propiconazole 25% EC,NACL Industries Limited,Marlarmyaing Public Compa,F2020-3010,Approved
Nichimexyl 25 WP,Metalaxyl 25% WP,Zhejiang Heben Pesticide & Chem,Myanmar Golden Sun Crop,F2015-1173,Approved
Nomildew 25 WP,Metalaxyl 25%w/v WP,"Chia Tai Co.,Ltd.","Chia Tai Co.,Ltd. Bangkok.",F2013-593,Approved
Noposion M-Mancozeb 58,Mancozeb 48% + Metalaxyl 10% WP,Shenzhen Noposion Agrochemical,Myanmar Wai Fung Agricult,F2019-1921,Approved
Noposion Propiconazole 25,Propiconazole 25% EC,Shenzhen Noposion Agrochemical,"Thin Thin Hmwe Co.,Ltd.",F2019-1923,Approved
Novel 50 WP,Iprodione 500g/kg WP,Asiatic Agricultural Industries Pte.,"Y Agro Solution Co.,Ltd.",F2019-2166,Approved
Oxy 77 WP,Copper Hydroxide 77% WP,Asiatic Agricultural Industries Pte.,"Farm Link Co.,Ltd.",F2018-1664,Approved
Pancocide 85 WP,Copper Oxychloride 85% WP,"Unochem Co.,Ltd.","Agro Bio Product Co.,Ltd.",F2012-787,Approved
Parker 80 WDG,Fosetyl Aluminium 80% WDG,"Optimus Agri-Tech Pte.,Ltd.",Myanmar Kaung Thu Kha Co,F2019-1990,Approved
Pilarich,Chlorothalonil 75% WP,"Pilarquim (Shanghai) Co.,Ltd.","Marga Min Co.,Ltd.",F2015-597,Approved
Pilartime,Thiophanate-methyl 70% WP,"Pilarquim (Shanghai) Co.,Ltd.","Marga Min Co.,Ltd.",F2015-599,Approved
Pilarvil 5% EC,Hexaconazole 5% EC,"Pilarquim (Shanghai) Co.,Ltd.","Marga Min Co.,Ltd.",F2016-1187,Approved
Pilarxil,Metalaxyl 35% WP,"Pilarquim (Shanghai) Co.,Ltd.","Marga Min Co.,Ltd.",F2015-600,Approved
Pilarzeb,Mancozeb 80% WP,"Pilarquim (Shanghai) Co.,Ltd.","Marga Min Co.,Ltd.",F2015-595,Approved
Pin Sein Hexa 5 EC,Hexaconazole 5% EC,"ITMG Singapore Pte.,Ltd.",Bloom Trading & Manufactu,F2018-1501,Approved
Pinsein-Manco 80 WP,Mancozeb 80% WP,"ITMG Singapore Pte.,Ltd.",Bloom Trading & Manufactu,F2018-1645,Approved
Pluto 80 WP,Sulphur 80% WP,Arysta LifeScience India Limited,Myanmar Arysta LifeScience,F2017-1629,Approved
Polyram DF,Metiram 70%w/w DF,"BASF SE, Germany","Y Agro Solution Co.,Ltd.",F2015-151,Approved
Powerzeb,Mancozeb 80% WP,The Erawan Agricultural Chemical,"Ngwe Lat Warr Co.,Ltd.",F2019-2094,Approved
Pro Laxyl,Metalaxyl 35% SD,Universal Agro Company Limited,"Seven Tigers Trading Co.,Ltd",F2018-1210,Approved
Pro One 250 EC,Propiconazole 25% EC,"AgriGate CropSciences Pte.,Ltd.","Myanma Awba Group Co.,Lt",F2014-913,Approved
Pro Thame 70 WP,Propineb 70% WP,Coromandel International Ltd.,Wah Wah Agricultural Chem,F2019-2085,Approved
Promote 5 SC,Hexaconazole 50g/l SC,Asiatic Agricultural Industries Pte.,"Farm Link Co.,Ltd.",F2019-2163,Approved
Propiconazole TG 95%,Propiconazole TG 95%,"AgriGate CropSciences Pte.,Ltd.","Myanma Awba Group Co.,Lt",F2020-2272,Approved
Pyricide 40 SC,Tricyclazole 40% SC,"Agrinova Cropcare Pte.,Ltd","Wi Sar Ra International Co.,",F2019-1998,Approved
RDF Dicozole 37 WG,Difenoconazole 37% WG,Dongguan Ruidefeng Biotechnolog,Myanmar Wai Fung Agricult,F2020-2531,Approved
RDF Fundione 255 SC,Iprodione 255g/l SC,Dongguan Ruidefeng Biotechnolog,Myanmar Wai Fung Agricult,F2020-2532,Approved
Restore 500 SC,Iprodione 500g/l SC,Asiatic Agricultural Industries Pte.,"Farm Link Co.,Ltd.",F2019-2165,Approved
Revive 25 SC,Azoxystrobin 25% SC,"AgriGate CropSciences Pte.,Ltd.","Myanma Awba Group Co.,Lt",F2018-1343,Approved
Riceline 400 EC,Isoprothiolane 400g/l EC,Shandong Weifang Rainbow Chem,"Rainbow Agrosciences Co.,L",F2020-2492,Approved
Rova,Iprodione 50% WP,Shenzhen Noposion Agrochemical,"Y Agro Solution Co.,Ltd.",F2020-2728,Approved
Rovral 50 WP,Iprodione 50g/kg WP,FMC Corporation,Golden Lion High Tech Agric,F2016-355,Approved
Royal laxyl 35,Metalaxyl 35% WP,"M/S Krishi Rasayan Exports Pvt.,Lt","Royal Shin Thant Co.,Ltd.",F2020-2824,Approved
Royal Z,Mancozeb 80% WP,"M/S Krishi Rasayan Exports Pvt.,Lt","Royal Shin Thant Co.,Ltd.",F2020-2823,Approved
Saipan 2 SL,Kasugamycin 2%w/w SL,Saigon Plant Protection Joint Stocl,"Shwe Dar Co.,Ltd. (from Tau",F2015-828,Approved
Scope 50 WP,Captan 500g/kg WP,Asiatic Agricultural Industries Pte.,"Farm Link Co.,Ltd.",FF2019-684,Approved
Shwe Copper 77% WP,Copper Hydroxide 77% WP,Hunan Tianniao Bio Chemical Tech,"Myanmar Golden Crop Co.,L",F2015-974,Approved
Shwe Cymox 30 WP,Cymoxanil 30% WP,Makro Chemical,"Golden Key Co.,Ltd.",F2018-1672,Approved
Shwe Kasu 2 WP,Kasugamycin 2% WP,Makro Chemical,"Golden Key Co.,Ltd.",F2018-1668,Approved
Shwe Kyet-Copper 77% WP,Copper Hydroxide 77% WP,"Supernova Intertrade Pte.,Ltd.",TPT Yee Shin (Agriculture) C,F2019-1973,Approved
Shwe Methomorph,Dimethomorph 50% WP,Makro Chemical,"Golden Key Co.,Ltd.",F2018-1678,Approved
Shwe Morph 50% WP,Dimethomorph 50% WP,"Grade Laojun Chemical Co.,Ltd.",SIL International Company,F2020-2458,Approved
Shwe Nocole,Difenoconazole 10% WG,Makro Chemical,"Golden Key Co.,Ltd.",F2019-1676,Approved
Shwe Sin,Thiophanate-methyl 70% WP,"Haili Guixi Chemical Pesticide Co.,","Myanmar Golden Crop Co.,L",F2015-976,Approved
Shwe Sundo,Mancozeb 64% + Metalaxyl 8% WP,Makro Chemical,"Golden Key Co.,Ltd.",F2016-1054,Approved
Shwe Zobin 25 SC,Azoxystrobin 25% SC,Makro Chemical,"Golden Key Co.,Ltd.",F2019-1478,Approved
Silvzole 430 SC,Tebuconazole 430g/l SC,Shandong Weifang Rainbow Chem,Charoen Porphand Produce,F2020-2488,Approved
Sinmazeb 80% WP,Mancozeb 80% WP,Sinon Corporation,CTUM General Business Pub,F2014-378,Approved
Sino-Hexa,Hexaconazole 5% SC,"Sino-Agri Leading Biosciences Co.,","Anawrahta Production Co.,L",F2020-2606,Approved
Sino-Manco,Mancozeb 80% WP,"Sino-Agri Leading Biosciences Co.,","Anawrahta Production Co.,L",F2020-2607,Approved
Spy 25 EC,Difenoconazole 25% EC,"AgriGate CropSciences Pte.,Ltd.","Myanma Awba Group Co.,Lt",F2019-1512,Approved
Stilt 25 EC,Propiconazole 25% EC,"Zagro Singapore Pte.,Ltd.",Zagro Myanmar Limited,F2018-1855,Approved
Sulcop DF,Copper Oxychloride 50% WG,Sulphur Mills Ltd.,Wah Wah Agricultural Chem,F2014-838,Approved
Sun One 500 SC,Iprodione 50% SC,"Sundat (S) Pte.,Ltd. Singapore",Sundat Myanmar Company,F2016-1074,Approved
Suncozeb 80 WP,Mancozeb 80% WP,"Sundat (S) Pte.,Ltd. Singapore","Golden Key Co.,Ltd.",FF2021-412,Approved
Super Shinn 25 WP,Metalaxyl 25% WP,Guangdong Liwei Chemical Indust,Myanma Shwe Nagar Agricu,F2016-1180,Approved
Supermop 500 WP,Dimethomorph 50% WP,"Agrinova Cropcare Pte.,Ltd.","Wi Sar Ra International Co.,",F2015-1293,Approved
Symouk 250 WP,Cymoxanil 25% WP,"Agrinova Cropcare Pte.,Ltd.","Wi Sar Ra International Co.,",F2018-1830,Approved
Talent 50 WP,Thiram 50% WP,"Syntech International Co.,Ltd.",Golden Lion High Tech Agric,F2018-1572,Approved
Target 25% WP,Metalaxyl 25% WP,Makro Chemical,Makro Chemical,F2013-865,Approved
Telepower MZ,Mancozeb 64% + Metalaxyl 8%w/w WP,Zagro Chemicals Sdn.Bhd.,Zagro Myanmar Limited,F2016-1229,Approved
Than Kon Char,Thiophanate-methyl 50% + Thiram 30% WP,Zibo NAB Agrochemicals Limited,"Y Agro Solution Co.,Ltd.",F2019-1939,Approved
Thane-M 80 WP,Mancozeb 80% WP,"Chia Tai Co.,Ltd.",Aung Kyar Phuu Manufactur,F2015-345,Approved
Thein Cozeb,Mancozeb 80% WP,Jiangxi Zhengbang Crop Protectior,Myanmar Shwe Thein Tradi,F2019-2039,Approved
Thein Hexa,Hexaconazole 5%w/w SC,Jiangxi Zhengbang Crop Protectior,Myanmar Shwe Thein Tradi,F2019-2027,Approved
Thein Pi No,Propiconazole 25% EC,Jiangxi Zhengbang Crop Protectior,Myanmar Shwe Thein Tradi,F2019-2040,Approved
Top M 70 WP,Thiophanate-methyl 70% WP,"Sundat (S) Pte.,Ltd. Singapore",Sundat Myanmar Company,F2016-1073,Approved
Topsin M 70 WP,Thiophanate-methyl 70% WP,"Nippon Soda Co.,Ltd.",Myanmar Arysta LifeScience,FF2011-008,Approved
Tora 25 EC,Tebuconazole 25% EC,"Syntech International Co.,Ltd.",Golden Lion High Tech Agric,F2018-1777,Approved
Tridant 40 SC,Tricyclazole 40% SC,"AgriGate CropSciences Pte.,Ltd.","Myanma Awba Group Co.,Lt",F2018-1811,Approved
Trisan,Trichoderma harzianum Rifai,"Appliedchem (Thailand) Co.,Ltd.","Yupa Dagon Trading Co.,Ltd",F2017-759,Approved
Tutor 80 WP,Thiophanate-methyl 50% + Thiram 30% WP,"Optimus Agri-Tech Pte.,Ltd.",Myanmar Kaung Thu Kha Co,F2019-1993,Approved
Unolux 80% DF,Sulphur 80% DF,"Unochem Co.,Ltd.","Agro Bio Product Co.,Ltd.",F2015-817,Approved
Uthane 75 WP,Mancozeb 75% WP,UPL Limited,"Agro Power Co.,Ltd.",F2017-1276,Approved
Uthane M-45,Mancozeb 80% WP,UPL Limited,"Vanida Myanmar Co.,Ltd.",F2012-170,Approved
Valicide 5 SL,Validamycin 5% SL,"Agrinova Cropcare Pte.,Ltd.","Wi Sar Ra International Co.,",F2020-2218,Approved
Vanicide 3 SL,Validamycin A 3% SL,Saigon Plant Protection Joint Stocl,"Taungthu Ayar Co.,Ltd.",F2015-821,Approved
Vanicide 5 SL,Validamycin A 5%w/w SL,Saigon Plant Protection Joint Stocl,"Akari Min Trading Co.,Ltd.",F2015-820,Approved
Victory 50 WP,Copper Oxychloride 50% WP,"Sundat (S) Pte.,Ltd. Singapore",Sundat Myanmar Company,F2016-1075,Approved
Vitaram 80 WP,Thiram 800g/kg WP,Asiatic Agricultural Industries Pte.,"Farm Link Co.,Ltd.",FF2019-616,Approved
Vivadamy 3 SC,Validamycin A 3% SC,Vietnam Pesticide Joint-Stock Com,Myint Myat Agrochemical E,F2017-619,Approved
Yu Trust,Propiconazole 25% EC,"Yingdee Intertrade Co.,Ltd.","Yupa Dagon Trading Co.,Ltd",F2017-1463,Approved
Yuconil 75% WP,Chlorothalonil 75% WP,"Yingdee Intertrade Co.,Ltd.","Yupa Dagon Trading Co.,Ltd",F2016-1254,Approved
Yudroxide 77 WP,Copper Hydroxide 77% WP,"Yingdee Intertrade Co.,Ltd.","Yupa Dagon Trading Co.,Ltd",F2017-1467,Approved
Yupa Foster 80 WP,Fosetyl-Aluminium 80% WP,"Yingdee Intertrade Co.,Ltd.","Yupa Dagon Trading Co.,Ltd",F2020-2765,Approved
Yupa More 50 WP,Dimethomorph 50% WP,"Yingdee Intertrade Co.,Ltd.","Yupa Dagon Trading Co.,Ltd",F2020-2766,Approved
Yupa Super,Sulphur 80% DF,"Yingdee Intertrade Co.,Ltd.","Yupa Dagon Trading Co.,Ltd",F2016-968,Approved
Yuram 80 WP,Thiram 80% WP,"Yingdee Intertrade Co.,Ltd.","Yupa Dagon Trading Co.,Ltd",F2016-1255,Approved
Z Power,Mancozeb 80% WP,UPL Limited,"Agro Power Co.,Ltd.",F2019-1978,Approved
Za Aktive 25 WP,Metalaxyl 25% WP,Zagro Chemicals Sdn. Bhd.,Zagro Myanmar Limited,F2016-1457,Approved
Zaman 50 WP,Dimethomorph 50% WP,"Zagro Singapore Pte.,Ltd.",Zagro Myanmar Limited,F2018-1857,Approved
Zealot 80 WP,Thiram 80% WP,"AgriGate CropSciences Pte.,Ltd.","Myanma Awba Group Co.,Lt",F2017-1514,Approved
Zincop BUL 52 WP,Copper Oxychloride 37.5% + Zineb 14.5% WP,AGRIA S.A Asenovgradsko shose,"Buronos Private Co.,Ltd.",F2017-1192,Approved
Zole 5,Hexaconazole 5% SC,"M/S Krishi Rasayan Exports Pvt.,Lt","Royal Shin Thant Co.,Ltd.",F2020-2822,Approved
Zuper 85 WP,Copper Oxychloride 85% WP,"Zagro Singapore Pte.,Ltd.",Zagro Myanmar Limited,F2019-2104,Approved
Azoxystrobin 96% TG,Azoxystrobin 96% TG,"AgriGate CropSciences Pte.,Ltd.","Myanma Awba Group Co.,Lt",F2020-2973,Approved
Chlorothalonil 93% TG,Chlorothalonil 93% TG,"AgriGate CropSciences Pte.,Ltd.","Myanma Awba Group Co.,Lt",F2020-2974,Approved
Copper Hydroxide 96% TG,Copper Hydroxide 96% TG,"AgriGate CropSciences Pte.,Ltd.","Myanma Awba Group Co.,Lt",F2020-2949,Approved
Copper Oxychloride 96% TG,Copper Oxychloride 96% TG,"AgriGate CropSciences Pte.,Ltd.","Myanma Awba Group Co.,Lt",F2020-2950,Approved
Cymoxanil 98% TG,Cymoxanil 98% TG,"AgriGate CropSciences Pte.,Ltd.","Myanma Awba Group Co.,Lt",F2020-2951,Approved
Difenno 25 EC,Difenoconazole 25% EC,"Optimus Agri-Tech Pte.,Ltd.",Myanmar Kaung Thu Kha Co,F2020-2985,Approved
Difenoconazole 96% TG,Difenoconazole 96% TG,"AgriGate CropSciences Pte.,Ltd.","Myanma Awba Group Co.,Lt",F2020-2952,Approved
Dimethomorph 96% TG,Dimethomorph 96% TG,"AgriGate CropSciences Pte.,Ltd.","Myanma Awba Group Co.,Lt",F2020-2975,Approved
Gode Kyoe Doctor 40 EC,Isoprothiolane 40% EC,"Shanghai Topchems Industry Co.,L","Agro Power Co.,Ltd.",F2021-3227,Approved
Hexaconazole 92% TG,Hexaconazole 92% TG,"AgriGate CropSciences Pte.,Ltd.","Myanma Awba Group Co.,Lt",F2020-2953,Approved
Isoprothiolane 97% TG,Isoprothiolane 97% TG,"AgriGate CropSciences Pte.,Ltd.","Myanma Awba Group Co.,Lt",F2020-2954,Approved
IZO 25 SC,Azoxystrobin 25g/l SC,Imaspro Resources Sdn.Bhd.,"MM Import Export Co.,Ltd.",F2021-3205,Approved
M-Domil 72 WP,Mancozeb 64% + Metalaxyl 8% WP,"Mountain Peak Cropcare Pte.,Ltd.",Marlarmyaing Public Compa,F2020-3014,Approved
Mega Bishop,Thiophanate-methyl 50% + Thiram 30% WP,"MAC Chem (Asia) Co.,Ltd.",Mega Grow International Co,F2021-3061,Approved
Mega Iso,Isoprothiolane 40% EC,"MAC Chem (Asia) Co.,Ltd.",Mega Grow International Co,F2021-3060,Approved
Mega Mancozeb,Mancozeb 80% WP,"MAC Chem (Asia) Co.,Ltd.",Mega Grow International Co,F2021-3065,Approved
Mega Sulphur,Sulphur 80% WDG,"MAC Chem (Asia) Co.,Ltd.",Mega Grow International Co,F2021-3066,Approved
Metalaxyl 98% TG,Metalaxyl 98% TG,"AgriGate CropSciences Pte.,Ltd.","Myanma Awba Group Co.,Lt",F2020-2955,Approved
Shwe Kayee 50% WG,Kresoxim-methyl 50% WG,Makro Chemical,"Golden Key Co.,Ltd.",F2021-1480,Approved
Sure 75 WP,Tricyclazole 750g/kg WP,Asiatic Agricultural Industries Pte.,"Aka Yarzar Co.,Ltd.",F2020-1553,Approved
Synergy 72 WP,Cymoxanil 8% + Mancozeb 64% WP,"AgriGate CropSciences Pte.,Ltd.","Myanma Awba Group Co.,Lt",F2020-1344,Approved
Tricyclazole 95% TG,Tricyclazole 95% TG,"AgriGate CropSciences Pte.,Ltd.","Myanma Awba Group Co.,Lt",F2020-2956,Approved
Unity 32.5 SC,Azoxystrobin 20% + Difenoconazole 12.5% SC,"AgriGate CropSciences Pte.,Ltd.","Myanma Awba Group Co.,Lt",F2020-1521,Approved
V.T Bat 77 WP,Copper Hydroxide 77% WP,Viet Trung Pesticide Joint Stock Co,Naing Toe Aung (Myanmar),F2021-3141,Approved
V.T Bull 2 SL,Kasugamycin 2% SL,Viet Trung Pesticide Joint Stock Co,Naing Toe Aung (Myanmar),F2021-3142,Approved
V.T Fun 400 SC,Tricyclazole 400g/l SC,Viet Trung Pesticide Joint Stock Co,Naing Toe Aung (Myanmar),F2021-3132,Approved
V.T Jade 80 WDG,Sulphur 80% WDG,Viet Trung Pesticide Joint Stock Co,"Viet Trung Myanmar Co.,Ltd",F2021-3145,Approved
V.T Manme 72 WP,Mancozeb 64% + Metalaxyl 8% WP,Viet Trung Pesticide Joint Stock Co,"Viet Trung Myanmar Co.,Ltd",F2021-3131,Approved
V.T Mann 80 WP,Mancozeb 80% WP,Viet Trung Pesticide Joint Stock Co,Naing Toe Aung (Myanmar),F2021-3143,Approved
V.T Nine 25 WP,Metalaxyl 25% WP,Viet Trung Pesticide Joint Stock Co,"Viet Trung Myanmar Co.,Ltd",F2021-3144,Approved
V.T Rain 25 SC,Azoxystrobin 25% SC,Viet Trung Pesticide Joint Stock Co,Naing Toe Aung (Myanmar),F2021-3130,Approved
Zolar 25 EC,Difenoconazole 25% EC,"Agrinova Cropcare Pte.,Ltd.","Wi Sar Ra International Co.,",F2020-2943,Approved
Chloxyl 81% WP,Chlorothalonil 72% + Metalaxyl 9% WP,"Grade Laojun Chemical Co.,Ltd.","Yoon Yoon Agro Co.,Ltd.",F2020-2830,Approved
Cover 25 SC,Azoxystrobin 25% SC,"Agrinova Cropcare Pte.,Ltd.","Wi Sar Ra International Co.,",F2020-2942,Approved
Crop-Growing 80 WP,Mancozeb 80% WP,Crop-China Internationals Limited,Myanmar Byter Agro Tech Co,F2021-3283,Approved
NAB-Teb 250 EW,Tebuconazole 250g/l EW,Zibo NAB Agrochemicals Limited,"Topagri Myanmar Co.,Ltd.",F2021-3257,Approved
Pinsein-Mancome 72 WP,Mancozeb 64% + Metalaxyl 8% WP,"ITMG Singapore Pte.,Ltd.",Bloom Trading & Manufactu,F2021-3161,Approved
Riceshield 75 WP,Tricyclazole 75% WP,Shandong Weifang Rainbow Chem,Marlarmyaing Public Compa,F2021-3112,Approved
Score 250 EC,Difenoconazole 25% EC,Syngenta Crop Protection Ltd.,"Myanma Awba Group Co.,Lt",F2020-2651,Approved
Aimcoflo 80 WG,Sulphur 80% WG,ACI Formulations Limited,Network Marketing Limited,F2018-1646,Approved
BM Mite 80 DF,Sulphur 80% DF,Behn Meyer AgCare LLP,"Agri First Co.,Ltd.",F2017-1312,Approved
Insuf,Sulphur 80% WG,UPL Limited,"Agro Power Co.,Ltd.",F2017-1278,Approved
Kumulate 50 SC,Sulphur 50% SC,"Syntech International Co.,Ltd.",Golden Lion High Tech Agric,F2015-1035,Approved
Kutup 80 DF,Sulphur 80% DF,"Syntech International Co.,Ltd.",Golden Lion High Tech Agric,F2014-875,Approved
Sarbate 80 WDG,Sulphur 80% WDG,"Agrinova Cropcare Pte.,Ltd.","Wi Sar Ra International Co.,",F2017-1438,Approved
Shuangji 50% SC,Sulphur 50% SC,"Heibei Shuangji Chemical Co.,Ltd.",Diamond Light International,F2015-926,Approved
Shwe Sulphur,Sulphur 50% SC,Makro Chemical,"Golden Key Co.,Ltd.",F2018-1673,Approved
Sky 80 DF,Sulfur 80% DF,"Optimus Agri-Tech Pte.,Ltd.",Myanmar Kaung Thu Kha Co,F2018-1822,Approved
Thein Sulphur,Sulphur 50% SC,Jiangxi Zhengbang Crop Protectior,Myanmar Shwe Thein Tradi,F2019-2038,Approved
Champion 77 WP,Copper Hydroxide 77% WP,Nufarm Malaysia Sdn.Bhd.,"Advansia Agroscience Co.,Lt",FF2021-106,Approved
Copperhyde 77 WP,Copper Hydroxide 77% WP,"Optimus Agri-Tech Pte.,Ltd.",Myanmar Kaung Thu Kha Co,F2017-1523,Approved
Kamycin 2 SL,Kasugamycin 2% SL,"Optimus Agri-Tech Pte.,Ltd.",Myanmar Kaung Thu Kha Co,F2017-1524,Approved
Kasuga 2 SL,Kasugamycin 2%w/w SL,"AgriGate CropSciences Pte.,Ltd.","Myanma Awba Group Co.,Lt",F2017-1342,Approved
Yupa True,Kasugamycin 2% SL,"Yingdee Intertrade Co.,Ltd.","Yupa Dagon Trading Co.,Ltd",F2017-1465,Approved
Armo Ranger 80% WP,Thiophanate-methyl 50% + Thiram 30% WP,"R.H.F Pte.,Ltd.",Aventine Limited,F2016-1004,Approved
Brother,Isoprothiolane 40% EC,Jiangxi Zhengbang Crop Protectior,Myanmar Shwe Thein Tradi,F2019-2029,Approved
NAB-Fu Qi 40 EC,Isoprothiolane 40% EC,Zibo NAB Agrochemicals Limited,"Topagri Myanmar Co.,Ltd.",F2019-1942,Approved
Amazing,"2,4-D Dimethylamine 72%w/v aqueous solution","Chrysalis Crop Pte.,Ltd.","Evogro Co.,Ltd.",F2020-1815,Approved
Define,"2,4-D Dimethylamine 72%w/v aqueous solution","Optimus Agri-Tech Pte.,Ltd.",Myanmar Kaung Thu Kha Co,F2020-1413,Approved
D-Min,"2,4-D Dimethyl amine 72%w/w aqueous solution","Agrinova Cropcare Pte.,Ltd.","Wi Sar Ra International Co.,",F2020-1295,Approved
"2,4-D Amine TG 97%","2,4-D Amine TG 97%","AgriGate CropSciences Pte.,Ltd.","Myanma Awba Group Co.,Lt",F2017-1538,Approved
AA Fomefen 250 SL,Fomesafen 25%w/w SL,Advanced Agriculture Solution Joi,Advance Agriculture Solutio,F2021-3184,Approved
AA Quizafop 5 EC,Quizalofop-P-ethyl 5%w/v EC,Advanced Agriculture Solution Joi,Advance Agriculture Solutio,F2021-3185,Approved
Activar 25 EC,Oxadiazon 25% EC,Asiatic Agricultural Industries Pte.,"Farm Link Co.,Ltd.",F2018-1665,Approved
Adecko 240 EC,Oxyfluorfen 240g/l EC,Asiatic Agricultural Industries Pte.,"Farm Link Co.,Ltd.",F2019-2168,Approved
ADORA 60% EC,Propanil 20% + Thiobencarb 40% EC,Asiatic Agricultural Industries Pte.,"Y Agro Solution Co.,Ltd.",F2019-1878,Approved
AG 24,"2,4-D Amine 72%w/v SL","Agsin Pte.,Ltd.",Zagro Myanmar Limited,F2014-325,Approved
Agent 10 WP,Bispyribac-sodium 10% WP,"AgriGate CropSciences Pte.,Ltd.",Myanmar Kaung Thu Kha Co,F2015-1068,Approved
AGRONIL 36 EC,Propanil 360g/l EC,Asiatic Agricultural Industries Pte.,Asiatic Agricultural Industrie,F2017-1588,Approved
All Fit 30 EC,Pretilachlor 30% EC,"Syntech International Co.,Ltd.",Golden Lion High Tech Agric,F2018-1550,Approved
All Right 70 WP,Fenoxaprop-P-ethyl 13% + Pyrazosulfuron-ethyl 7% + Quincl,"Agrinova CropCare Pte.,Ltd.","Wi Sar Ra International Co.,",F2018-1695,Approved
Amicide 720 AS,"2,4-D Dimethyl Amine 720g/l AS",PT Nufarm Indonesia,"Myanma Awba Group Co.,Lt",F2014-523,Approved
Amicide 865 AS,"2,4-D Dimethyl Amine 865g/l AS",PT Nufarm Indonesia,"Myanma Awba Group Co.,Lt",F2014-524,Approved
Amine 500,"2,4-D Amine 500 SL","Eastchem Co.,Ltd.","Myanma Awba Group Co.,Lt",F2020-2176,Approved
Amine 720,"2,4-D Amine 720 SL","Eastchem Co.,Ltd.","Myanma Awba Group Co.,Lt",F2020-2666,Approved
Aminespray 860 SL,"2,4-D DMA 860g/l SL",Shandong Weifang Rainbow Chem,Agro Green Land Chemical,F2020-2509,Approved
Ammo 72 SL,"2,4-D Amine Salt 72% SL","Syntech International Co.,Ltd.",Golden Lion High Tech Agric,F2014-871,Approved
Ancom Amine 550 SL,"2,4-D Amine 55%w/v SL",Ancom Crop Care Sdn.Bhd,Marlarmyaing Public Compa,F2014-120,Approved
Armo Glider 48% SL,Glyphosate 48% SL,"R.H.F Pte.,Ltd.",Aventine Limited,F2016-1007,Approved
Armo Hat-trick 86% SL,"2,4-D Amine Salt 86% SL","R.H.F Pte.,Ltd.",Aventine Limited,F2016-1008,Approved
Armo King,Fomesafen 25% SL,"R.H.F Pte.,Ltd.",Aventine Limited,F2018-1319,Approved
Armo Oriental 10% SC,Bispyribac-sodium 10% SC,"Parijat Industries (India) Pvt.,Ltd.",Aventine Limited,F2018-1717,Approved
Armo Paddy 30% EC,Pretilachlor 30% EC,"R.H.F Pte.,Ltd.",Aventine Limited,F2016-1005,Approved
Armo Panda 33% EC,Pendimethalin 33% EC,Rallis India Limited,Aventine Limited,F2018-1017,Approved
Armo Quat 27.6% SL,Paraquat dichloride 27.6% SL,"R.H.F Pte.,Ltd.",Aventine Limited,F2017-1322,Approved
Armo Winner 15% EC,Fluazifop-P-butyl 15% EC,"R.H.F Pte.,Ltd.",Aventine Limited,F2018-1018,Approved
Armo Zenith 50% SC,Atrazine 50% SC,"R.H.F Pte.,Ltd.",Aventine Limited,F2016-1006,Approved
Arrow 50 SC,Atrazine 50% SC,"Syntech International Co.,Ltd.",Golden Lion High Tech Agric,F2018-1659,Approved
Asset,Glyphosate 48% SL,Ancom Crop Care Sdn.Bhd,Marlarmyaing Public Compa,F2013-165,Approved
Atra 500,Atrazine 50% SC,"Eastchem Co.,Ltd.","Evogro Co.,Ltd.",F2020-2667,Approved
Atra 800 WP,Atrazine 80% WP,"Eastchem Co.,Ltd.","Myanma Awba Group Co.,Lt",F2020-2664,Approved
Attab 33 EC,Pendimethalin 33% EC,"Agsin Pte.,Ltd.","Agsin Pte.,Ltd. (Rep. Office)",F2019-1867,Approved
Attack 50 SC,Atrazine 50% SC,"AgriGate CropSciences Pte.,Ltd.","Myanma Awba Group Co.,Lt",F2018-1696,Approved
Attention 72 SL,"2,4-D Amine Salt 72% SL","Syntech International Co.,Ltd.","Farm Link Co.,Ltd.",F2020-2384,Approved
Auto 30 EC,Pretilachlor 30% EC,"Optimus Agri-Tech Pte.,Ltd.",Myanmar Kaung Thu Kha Co,F2017-1409,Approved
Awba Amine Super,"2,4-D Dimethylamine 72%w/v aqueous solution","AgriGate CropSciences Pte.,Ltd.","Myanma Awba Group Co.,Lt",F2020-1142,Approved
A-Zine 50 SC,Atrazine 50% SC,"Optimus Agri-Tech Pte.,Ltd.",Myanmar Kaung Thu Kha Co,F2018-1824,Approved
BABUI 20 WP,Bispyribac-sodium 20%w/w WP,Saigon Plant Protection Joint Stocl,"Shwe Dar Co.,Ltd.",F2017-1244,Approved
Banjo 40 WP,Quinclorac 34% + Bensulfuron Methyl 6% WP,"Optimus Agri-Tech Pte.,Ltd.",Myanmar Kaung Thu Kha Co,F2020-2691,Approved
Been 250 SL,Fomesafen 250g/l SL,Zenith Crop Sciences Bulgaria Ltd.,"Buronos Private Co.,Ltd.",F2019-2136,Approved
Beron 10 WP,Bensulfuron-methyl 10%w/w WP,Saigon Plant Protection Joint Stocl,"Shwe Dar Co.,Ltd.",F2018-823,Approved
Best Rice 400 SC,Bispyribac-sodium 400g/l SC,Shandong Weifang Rainbow Chem,"Rainbow Agrosciences Co.,L",F2020-2529,Approved
Bimaster 240/120,"2,4-D acid + Glyphosate 240g/l",Nufarm Malaysia Sdn.Bhd.,"Myanma Awba Group Co.,Lt",F2014-490,Approved
Bismark,Glyphosate 48% SL,"Yingdee Intertrade Co.,Ltd.","Yupa Dagon Trading Co.,Ltd",F2016-1309,Approved
Bispyribac Sodium TG,Bispyribac-sodium 97% TG,"AgriGate CropSciences Pte.,Ltd.","Myanma Awba Group Co.,Lt",F2015-1170,Approved
BM Amine 720,"2,4-D Dimethylamine 72% SL",Behn Meyer AgCare LLP,"Agri First Co.,Ltd.",F2017-1313,Approved
BM Glyphosate,Glyphosate 48% SL,Behn Meyer AgCare LLP,"Agri First Co.,Ltd.",FF2020-717,Approved
BP Gold 10 SC,Bispyribac-sodium 10% SC,"Optimus Agri-Tech Pte.,Ltd.",Myanmar Kaung Thu Kha Co,F2020-2694,Approved
Bunny 10 WP,Bensulfuron-methyl 10% WP,"Optimus Agri-Tech Pte.,Ltd.",Myanmar Kaung Thu Kha Co,F2018-1825,Approved
Bylor 600 EC,Butachlor 600g/l EC,Shandong Weifang Rainbow Chem,"Rainbow Agrosciences Co.,L",F2020-2489,Approved
Caochou,Glyphosate 41% SL,Shanghai Hujiang Biochemical Co.,Diamond Light International,F2017-1458,Approved
Caravan,Glyphosate Isopropylammonium 48%w/v SL,The Erawan Agricultural Chemical,Aventine Limited,F2020-2366,Approved
Cleanspray 96 SG,"2,4-D DMA 96% SG",Shandong Weifang Rainbow Chem,"Rainbow Agrosciences Co.,L",F2020-2510,Approved
Clearup Super 480 SL,Glyphosate 480g/l SL,"Eastchem Co.,Ltd.","Myanma Awba Group Co.,Lt",F2020-2670,Approved
Clincher,Cyhalofop-butyl 10% EC,Dow AgroSciences Indonesia,Corteva Agriscience (Myann,F2017-674,Approved
Clinger 10 EC,Cyhalofop-Butyl 10% EC,"Eastchem Co.,Ltd.","Myanma Awba Group Co.,Lt",F2020-2669,Approved
Comet Rice Herbicide 4 G,Pyrazosulfuron-ethyl 0.04% G,"AgriGate CropSciences Pte.,Ltd.","Myanma Awba Group Co.,Lt",F2020-2252,Approved
Complete 10 SC,Bispyribac-sodium 10% SC,"AgriGate CropSciences Pte.,Ltd.","Myanma Awba Group Co.,Lt",F2019-2011,Approved
Complete 10 WP,Bispyribac-sodium 10% WP,"AgriGate CropSciences Pte.,Ltd.","Myanma Awba Group Co.,Lt",F2015-1139,Approved
Crunch 41 SL,Glyphosate IPA 41%w/w SL,Zagro Chemicals Sdn.Bhd.,Zagro Myanmar Limited,F2016-1231,Approved
Cyanide 10 EC,Cyhalofop-butyl 10% EC,"AgriGate CropSciences Pte.,Ltd.","Myanma Awba Group Co.,Lt",F2018-1808,Approved
Dar Koelatt,Paraquat 20% SL,Jiangxi Zhengbang Crop Protectior,Myanmar Shwe Thein Tradi,F2020-2425,Approved
Dasatox F,"2,4-D Sodium Salt 11.8%w/w + Diuron 4.5%w/w + DSMA 53.",Ancom Crop Care Sdn.Bhd,Marlarmyaing Public Compa,F2016-456,Approved
Debug 80 WP,Diuron 80% WP,"AgriGate CropSciences Pte.,Ltd.","Myanma Awba Group Co.,Lt",F2020-2251,Approved
Deco 600 SL,"2,4-D 600g/l SL",Advanced Agriculture Solution Joi,Advance Agriculture Solutio,F2019-1906,Approved
Deco 720 SL,"2,4-D 720g/l SL",Advanced Agriculture Solution Joi,Advance Agriculture Solutio,F2019-1905,Approved
Deco 80 WP,"2,4-D 80%w/w WP",Advanced Agriculture Solution Joi,Advance Agriculture Solutio,F2019-1908,Approved
Deco Arazin 80 WP,Atrazine 80%w/w WP,Advanced Agriculture Solution Joi,Advance Agriculture Solutio,F2019-1896,Approved
Deco Duron 80 WP,Diuron 80%w/w WP,Advanced Agriculture Solution Joi,Advance Agriculture Solutio,F2019-1909,Approved
Dibuta 60 EC,Butachlor 60%w/v EC,Dienban Bio Agrochemical Corpor,Dienban Bio.Agrochemical C,F2014-843,Approved
Ecomax,Glyphosate IPA 41%w/w SL,CP Manufacturing Sdn. Bhd.,Crescent General Trading Co,F2013-636,Approved
Elephant Phosate 48% SL,Glyphosate 48%w/w SL,"Thaion Chemical Co.,Ltd.",Rise Trade International Co.,F2017-1350,Approved
Era-amine 84,"2,4-D dimethyl ammonium 84%w/v SL",The Erawan Agricultural Chemical,"Agro Power Co.,Ltd.",F2020-2355,Approved
Eraguard,Pretilachlor 30%w/v EC,The Erawan Agricultural Chemical,Aventine Limited,F2020-2368,Approved
Eranox,Fenoxaprop-P-ethyl 6.9%w/v EW,The Erawan Agricultural Chemical,Aventine Limited,F2020-2356,Approved
ERASE 500 EC,Pretilachlor 500g/l EC,Asiatic Agricultural Industries Pte.,"Marga Min Co.,Ltd.",F2018-1592,Approved
Erathalin,Pendimethalin 33%w/v EC,The Erawan Agricultural Chemical,Aventine Limited,F2020-2357,Approved
ESPIRE 60 EC,Butachlor 600g/l EC,Asiatic Agricultural Industries Pte.,"Aka Yarzar Co.,Ltd.",F2017-1591,Approved
Estercide 720 EC,"2,4-D iso-Butyl Ester 72%w/v EC",PT Nufarm Indonesia,"Myanma Awba Group Co.,Lt",F2014-525,Approved
E-T Gate 48 SL,Glyphosate 48% SL,"Shanghai E-Tong Chemical Co.,Ltd","Seinn Lae Thwin Co.,Ltd.",F2019-2080,Approved
E-T Gold Fit 30 EC,Pretilachlor 30% EC,"Shanghai E-Tong Chemical Co.,Ltd","Yonta Myanmar Co.,Ltd.",F2019-2071,Approved
E-T Two-D 82 SL,"2,4-D Amine Salt 82% SL","Shanghai E-Tong Chemical Co.,Ltd",Network Marketing Limited,F2019-2078,Approved
Evo Biso 10 SC,Bispyribac-sodium 10% SC,"Chrysalis Crop Pte.,Ltd.","Evogro Co.,Ltd.",F2020-2686,Approved
Evo Disappear 80 WP,Atrazine 80% WP,"Chrysalis Crop Pte.,Ltd.","Evogro Co.,Ltd.",F2020-2682,Approved
Evo Quin Plus 40 WP,Quinclorac 34% + Bensulfuron-methyl 6% WP,"Chrysalis Crop Pte.,Ltd.","Evogro Co.,Ltd.",F2020-2683,Approved
Farm Star 250 SL,Fomesafen 25% SL,"Optimus Agri-Tech Pte.,Ltd.",Myanmar Kaung Thu Kha Co,F2019-1989,Approved
Fen 24 EC,Oxyfluorfen 240g/l EC,Zenith Crop Sciences Bulgaria Ltd.,"Buronos Private Co.,Ltd.",F2019-2133,Approved
Fenfen 240 EC,Oxyfluorfen 240g/l EC,Shandong Weifang Rainbow Chem,Marlarmyaing Public Compa,F2020-2490,Approved
Formostar 25 EC,Oxadiazon 25%w/v EC,Forward (Beihai) Hepu Pesticide C,"Sim Sim Co.,Ltd.",FF2010-737,Approved
Forprefit 300 EC,Pretilachlor 30%w/v EC,Forward International Ltd.,"Forward (Myanmar) Co.,Ltd",F2013-859,Approved
Fortrazine 80 WP,Atrazine 80%w/w WP,Forward (Beihai) Hepu Pesticide C,"Forward (Myanmar) Co.,Ltd",F2014-857,Approved
Fortune 10 EC,Quizalofop-P-ethyl 10% EC,"AgriGate CropSciences Pte.,Ltd.","Myanma Awba Group Co.,Lt",F2020-1517,Approved
"Forward 2,4-D 72 SL","2,4-D Amine Salt 72% SL",Forward (Beihai) Hepu Pesticide C,"Sim Sim Co.,Ltd.",F2017-1407,Approved
Gaint 48 SL,Glyphosate 48% SL,"Syntech International Co.,Ltd.","Farm Link Co.,Ltd.",F2020-2385,Approved
Galaxy 48 SL,Glyphosate 48% SL,"Syntech International Co.,Ltd.",Golden Lion High Tech Agric,F2018-1578,Approved
Galaxy 757 SG,Glyphosate 75.7% SG,"Syntech International Co.,Ltd.",Golden Lion High Tech Agric,F2018-1785,Approved
Gallant Super,Haloxyfop-R-methyl ester 108g/l EC,PT Corteva Agriscience Manufactu,Corteva Agriscience (Myann,F2019-1222,Approved
"GC 2,4-D 86 SL","2,4-D Amine Salt 86% SL","Supernova Intertrade Pte.,Ltd.",TPT Yee Shin (Agriculture) C,F2020-2284,Approved
GC Mono 30 EC,Pretilachlor 30% EC,"Supernova Intertrade Pte.,Ltd.",Taung Paw Thar Yee Shinn (,F2019-1968,Approved
GC Phosate 48 SL,Glyphosate 48%w/v SL,"Guangxi YDS Bio-Technology Co.,L",TPT Yee Shin (Agriculture) C,F2018-1736,Approved
GC Taw Shinn 48 SL,Glyphosate 48% SL,"Supernova Intertrade Pte.,Ltd.",TPT Yee Shin (Agriculture) C,F2020-2287,Approved
GC Yar Paung Shinn 33 EC,Pendimethalin 33% EC,"Supernova Intertrade Pte.,Ltd.","TPT Yee Shin (Agriculture) Co.,Ltd.",F2020-2285,Approved
General 480 SL,Glyphosate 48% SL,"Optimus Agri-Tech Pte.,Ltd.","Myanmar Kaung Thu Kha Co.,Ltd.",F2017-1540,Approved
Gethalin 33 EC,Pendimethalin 33% EC,Jiangxi Zhengbang Crop Protection,"Myanmar Shwe Thein Trading Co.,Ltd.",F2020-2424,Approved
Gly Min,Glyphosate 48% SL,"Zhejiang E-Tong Chemical Co.,Ltd.","Y Agro Solution Co.,Ltd.",F2018-1489,Approved
Glycel 41% SL,Glyphosate 41% SL,Sumitomo Chemical India Limited,Marlarmyaing Public Company Ltd.,F2011-233,Approved
Glyphauk 480 SL,Glyphosate 480g/l SL,"Agrinova Cropcare Pte.,Ltd.","Wi Sar Ra International Co.,Ltd.",F2015-1294,Approved
Glyphosate 95% TG,Glyphosate 95% TG,"AgriGate CropSciences Pte.,Ltd.","Myanma Awba Group Co.,Ltd.",F2020-2273,Approved
Greater,Glyphosate 480g/l SL,"Chrysalis Crop Pte.,Ltd.","Evogro Co.,Ltd.",F2019-1982,Approved
Hacker 10 SL,Imazethapyr 10% SL,"AgriGate CropSciences Pte.,Ltd.","Myanma Awba Group Co.,Ltd.",F2018-1698,Approved
Hacker 5 SL,Imazethapyr 5% SL,"AgriGate CropSciences Pte.,Ltd.","Myanma Awba Group Co.,Ltd.",F2018-1809,Approved
Herbe 7.5 EW,Fenoxaprop-P-ethyl 7.5% EW,"Agrinova Cropcare Pte.,Ltd.","Wi Sar Ra International Co.,Ltd.",F2017-1437,Approved
Herb-Neat 48% SL,Glyphosate 48%w/v SL,Forward International Ltd.,"Sim Sim Co.,Ltd.",F2013-117,Approved
Hot Fighter,Glyphosate 41% SL,Jiangxi Zhengbang Crop Protection,"Myanmar Shwe Thein Trading Co.,Ltd.",F2020-2420,Approved
Htet Shinn,Atrazine 50%w/v SC,Guangdong Liwei Chemical Industry,"Myanmar Shwe Nagar Agriculture Co.,Ltd.",F2020-2760,Approved
Imasin 10 SL,Imazethapyr 10% SL,"Agsin Pte.,Ltd.","Htet Thiha Naing Co.,Ltd.",F2019-2006,Approved
I-ZATH 10% SL,Imazethapyr 10% SL,"Syntech International Co.,Ltd.","Golden Lion High Tech Agriculture Co.,Ltd.",F2018-1781,Approved
K.4 Four-D 86 SL,"2,4-D Amine Salt 86% SL","Zhejiang E-Tong Chemical Co.,Ltd.","Anawrahta Production Co.,Ltd.",F2018-1647,Approved
K.4 Topfit 30 EC,Pretilachlor 30% EC,"Zhejiang E-Tong Chemical Co.,Ltd.","Anawrahta Production Co.,Ltd.",F2018-1648,Approved
Kai Shin 480 SL,Glyphosate 480g/l SL,"Agro Star Pte.,Ltd","Min Mahaw Co.,Ltd.",F2018-1740,Approved
Ken-Amine 600,"2,4-D Dimethylamine 60%w/w SL",Kenso Corporation (M) Sdn.Bhd.,"Grand Agrocare Co.,Ltd.",F2015-849,Approved
Ken-up,Glyphosate Isopropylammonium Salt 41%w/w SL,Kenso Corporation (M) Sdn.Bhd.,"Grand Agrocare Co.,Ltd.",F2014-370,Approved
Kinn Shinn 48% SL,Glyphosate 48% SL,Guangdong Liwei Chemical Indust,Myanma Shwe Nagar Agricu,F2018-1613,Approved
Kobe 55.8 SL,Glyphosate I.P.A 55.8% SL,"Sunmeik Chemical Co.,Ltd. (China)","Shwe Tha Zin Co.,Ltd.",F2018-1626,Approved
Lambast 600 EC,Butachlor 600g/l EC,Advanced Agriculture Solution Joi,Advance Agriculture Solutio,F2020-2543,Approved
Lypho Deco 48 SL,Glyphosate IPA 480g/l SL,Advanced Agriculture Solution Joi,Advance Agriculture Solutio,F2019-1907,Approved
Mallet,Imazethapyr 24% SL,UPL Limited,"Vanida Myanmar Co.,Ltd.",F2018-1711,Approved
Map Atra 500 SC,Atrazine 50% SC,"Map Pacific Pte.,Ltd.","Map Pacific Co.,Ltd.",F2016-1132,Approved
MAP Capo 6.9% EC,Fenoxaprop-P-ethyl 6.9% EC,"Map Pacific Pte.,Ltd.",Agro Green Land Chemical,F2013-897,Approved
MAP Cleanup,Glyphosate 480g/l SL,"Map Pacific Pte.,Ltd.",Aventine Limited,FF2019-245,Approved
MAP Fasi 50 WP,Pyrazosulfuron-ethyl 3% + Quinclorac 47% WP,"Map Pacific Pte.,Ltd.",Aventine Limited,F2017-893,Approved
MAP Fighter 70 WP,Fenoxaprop-P-ethyl 13% + Pyrazosulfuron-ethyl 7% + Quinclorac,"Map Pacific Pte.,Ltd.",Aventine Limited,F2018-1137,Approved
Map Galaxy 250 EC,Triclopyr 25% EC,"Map Pacific Pte.,Ltd.","Map Pacific Co.,Ltd.",F2016-1131,Approved
MAP OK,"2,4-D Dimethyl Amine Salt 82.3% SL","Map Pacific Pte.,Ltd.",Aventine Limited,FF2019-205,Approved
Map Perfect 35 OD,Fenoxaprop-P-ethyl 6.5% + Pyrazosulfuron-ethyl 3.5% + Quinclorac,"Map Pacific Pte.,Ltd.","Map Pacific Co.,Ltd.",F2020-1243,Approved
Map Pony 30% EC,Pretilachlor 30% EC,"Map Pacific Pte.,Ltd.",Aventine Limited,FF2019-701,Approved
Map Topgun 70% WDG,Fenoxaprop P-ethyl 13% + Pyrazosulfuron-ethyl 7% + Quinclorac,"Map Pacific Pte.,Ltd.","Map Pacific Co.,Ltd.",F2017-887,Approved
Marfit 30 EC,Pretilachlor 30% EC,Makro Chemical,Makro Chemical,F2013-862,Approved
"MEGA 2,4-D","2,4-D Amine Salt 60% SL","MAC Chem (Asia) Co.,Ltd.",Mega Grow International Co,F2018-1686,Approved
Mega Glycine 48 SL,Glyphosate Ipa Salt 48% SL,"MAC Chem (Asia) Co.,Ltd.",Mega Grow International Co,F2018-1864,Approved
Mega Gold,Oxyfluorfen 23% EC,"MAC Chem (Asia) Co.,Ltd.",Mega Grow International Co,F2018-1689,Approved
Mega Many,Diuron 80% WDG,"MAC Chem (Asia) Co.,Ltd.",Mega Grow International Co,F2020-2333,Approved
Mega Paung (3),Bensulfuron-methyl 4% + Quinclorac 28% WP,"MAC Chem (Asia) Co.,Ltd.",Mega Grow International Co,F2018-1863,Approved
M-Glyphosate,Glyphosate 48% SL,"Mountain Peak Cropcare Pte.,Ltd.",Marlarmyaing Public Company,F2018-1605,Approved
M-Moxone 27.6 SL,Paraquat Dichloride 27.6% SL,"Mountain Peak Cropcare Pte.,Ltd.",Marlarmyaing Public Company,F2018-1640,Approved
Monsansate 48 SL,Glyphosate 48% SL,"Grade Laojun Chemical Co.,Ltd.",SIL International Company,F2020-2455,Approved
M-Pawn Shin 32% WP,Bensulfuron-methyl 4% + Quinclorac 28% WP,"Mountain Peak Cropcare Pte.,Ltd.",Marlarmyaing Public Company,F2018-1763,Approved
Myfuzi 15 EC,Fluazifop-P-butyl 15%w/w EC,Advanced Agriculture Solution Joint,Advance Agriculture Solution,F2020-2544,Approved
"NAB-2,4-D 720 SL","2,4-D dimethyl amine salt 720g/l SL",Zibo NAB Agrochemicals Limited,"Topagri Myanmar Co.,Ltd.",F2019-1953,Approved
NAB-Bean 250 SL,Fomesafen 250g/l SL,Zibo NAB Agrochemicals Limited,"Topagri Myanmar Co.,Ltd.",F2019-1950,Approved
NAB-Gly 48 SL,Glyphosate Ipa 48% SL,Zibo NAB Agrochemicals Limited,"Topagri Myanmar Co.,Ltd.",F2019-1951,Approved
NAB-PDCL 276 SL,Paraquat dichloride 276g/l SL,Zibo NAB Agrochemicals Limited,"Topagri Myanmar Co.,Ltd.",F2019-1947,Approved
Nominee Gold 100 OF,Bispyribac-sodium 10%w/v OF,"Kumiai Chemical Industry Co.,Ltd.",Myanmar Arysta LifeScience,F2015-848,Approved
Noposion Paraquat 20% SL,Paraquat 20% SL,Shenzhen Noposion Agrochemical,Myanmar Wai Fung Agriculture,F2019-1922,Approved
Onion 23.5 EC,Oxyfluorfen 23.5% EC,"Optimus Agri-Tech Pte.,Ltd.",Myanmar Kaung Thu Kha Co.,F2018-1826,Approved
Oxy Gold,Oxyfluorfen 23% EC,Makro Chemical,"Golden Key Co.,Ltd.",F2018-1304,Approved
Oxy-Star 23.5 EC,Oxyfluorfen 23.5% EC,"Agrinova Cropcare Pte.,Ltd.","Wi Sar Ra International Co.,Ltd.",F2020-2402,Approved
Ozone 25% EC,Oxadiazon 25% EC,"Syntech International Co.,Ltd.",Golden Lion High Tech Agriculture,F2018-1780,Approved
Paddy King 70 WP,Fenoxaprop-P-ethyl 13% + Pyrazosulfuron-ethyl 7% + Quinclorac,"Optimus Agri-Tech Pte.,Ltd.",Myanmar Kaung Thu Kha Co.,F2018-1703,Approved
"Pan 2,4-D 72 SL","2,4-D Amine Salt 72% SL","Unochem Co.,Ltd.","Agro Bio Product Co.,Ltd.",F2012-806,Approved
Pan Phosate 41 SL,Glyphosate 41% SL,"Extra Agrochemical Co.,Ltd.","Agro Bio Product Co.,Ltd.",F2017-611,Approved
Panga,Paraquat Dichloride 27.6% SL,"Optimus Agri-Tech Pte.,Ltd.",Myanmar Kaung Thu Kha Co.,F2018-1821,Approved
Paramount 20 SC,Paraquat 20% SC,"Syntech International Co.,Ltd.",Golden Lion High Tech Agriculture,F2018-1778,Approved
Path 33% EC,Pendimethalin 33% EC,"Syntech International Co.,Ltd.",Golden Lion High Tech Agriculture,F2018-1779,Approved
Patriot,Paraquat Dichloride 27.6% SL,"Chrysalis Crop Pte.,Ltd.","Evogro Co.,Ltd.",F2018-1814,Approved
Paung Fighter 25 SL,Fomesafen 25% SL,Kaifeng World High-Section Chem,Myanma Shwe Nagar Agricu,F2020-2748,Approved
Paung King 10 WP,Bispyribac-sodium 10% WP,"Agrinova Cropcare Pte.,Ltd.","Wi Sar Ra International Co.,",F2017-1529,Approved
Paung Kwin 30 EC,Pretilachlor 30% EC,Kaifeng World High-Section Chem,Myanma Shwe Nagar Agricu,F2020-2750,Approved
Paung Linn 10 WP,Pyrazosulfuron-ethyl 10% WP,Kaifeng World High-Section Chem,Myanma Shwe Nagar Agricu,F2020-2752,Approved
Paung Ma Yway (2) 75.7 SG,Glyphosate 75.7% SG,Kaifeng World High-Section Chem,Myanma Shwe Nagar Agricu,F2020-2759,Approved
Paung Min 25 EC,Oxadiazon 25% EC,"Agrinova Cropcare Pte.,Ltd.","Wi Sar Ra International Co.,",F2017-1528,Approved
Paung Naing 33 EC,Pendimethalin 33% EC,Kaifeng World High-Section Chem,Myanma Shwe Nagar Agricu,F2020-2751,Approved
Paung Pyay 10 WP,Bensulfuron-methyl 10% WP,Kaifeng World High-Section Chem,Myanma Shwe Nagar Agricu,F2020-2756,Approved
Paung Shinn 30% EC,Pretilachlor 30% EC,"Agrinova Cropcare Pte.,Ltd.","Wi Sar Ra International Co.,",F2015-1296,Approved
Paung Sin 50 SC,Atrazine 50% SC,"Agrinova Cropcare Pte.,Ltd.","Wi Sar Ra International Co.,",F2020-2219,Approved
Paung Sin 90 WP,Atrazine 90% WP,"Agrinova Cropcare Pte.,Ltd.","Wi Sar Ra International Co.,",F2020-2217,Approved
Paung Thant 10.4 EC,Cyhalofop-butyl 10.4% EC,Kaifeng World High-Section Chem,Myanma Shwe Nagar Agricu,F2020-2758,Approved
Paung Way 70 WP,Fenoxaprop-P-ethyl 13% + Pyrazosulfuron-ethyl 7% + Quinclorac,Kaifeng World High-Section Chem,Myanma Shwe Nagar Agricu,F2020-2753,Approved
Pawn Killer 480 SL,Glyphosate 480g/l SL,"AgriGate CropSciences Pte.,Ltd.","Myanmar Awba Group Co.,Lt",F2015-610,Approved
PDM 33 EC,Pendimethalin 33% EC,"Optimus Agri-Tech Pte.,Ltd.",Myanmar Kaung Thu Kha Co.,F2020-2690,Approved
Penalty 40 WP,Bensulfuron-methyl 4% + Fenclorim 10% + Pretilachlor 36% WP,"AgriGate CropSciences Pte.,Ltd.","Myanmar Awba Group Co.,Lt",F2015-1511,Approved
Pency 33 EC,Pendimethalin 33% EC,"AgriGate CropSciences Pte.,Ltd.","Myanmar Awba Group Co.,Lt",F2019-1258,Approved
Pendipax 330 EC,Pendimethalin 330g/l EC,Shandong Weifang Rainbow Chem,"Rainbow Agrosciences Co.,L",F2020-2482,Approved
Pesle 276 SL,Paraquat Dichloride 276g/l SL,Saigon Plant Protection Joint Stoc,"Akari Min Trading Co.,Ltd.",F2020-2378,Approved
Pilarsato,Glyphosate 41% SL,"Pilarquim (Shanghai) Co.,Ltd.","Marga Min Co.,Ltd.",F2015-609,Approved
Pin Up 41 SL,Glyphosate 41% SL,"Agsin Pte.,Ltd.",Zagro Myanmar Limited,F2016-1096,Approved
Polar 23.5 EC,Oxyfluorfen 23.5% EC,"AgriGate CropSciences Pte.,Ltd.","Myanmar Awba Group Co.,Lt",F2019-1257,Approved
Powerquat,Paraquat 27.6% SL,The Erawan Agricultural Chemical,"Ngwe Lat Warr Co.,Ltd.",F2019-2095,Approved
Powersate,Glyphosate 48% SL,The Erawan Agricultural Chemical,"Ngwe Lat Warr Co.,Ltd.",F2019-2093,Approved
Presafe 30 EC,Pretilachlor 30% EC,Nanjing Essence Fine Chemical Co,Wah Wah Agricultural Chem,F2018-1838,Approved
Pretilasun 300 EC,Pretilachlor 30% EC,"Sundat (S) Pte.,Ltd. Singapore",Sundat Myanmar Company,F2016-1076,Approved
Pretty 300 EC,Pretilachlor 30% EC,"AgriGate CropSciences Pte.,Ltd.","Myanmar Awba Group Co.,Lt",F2017-1268,Approved
Primer,Paraquat dichloride 27.6% SL,"AgriGate CropSciences Pte.,Ltd.","Myanmar Awba Group Co.,Lt",F2017-1414,Approved
Pro Gain 33 EC,Pendimethalin 33% EC,"Agrinova Cropcare Pte.,Ltd.","Wi Sar Ra International Co.,",F2020-2403,Approved
Prowl 330 EC,Pendimethalin 330g/l EC,"BASF S.E.A Pte.,Ltd, Singapore",Golden Lion High Tech Agric,F2020-516,Approved
Pyaung Thalin,Glyphosate 41% SL,Shenzhen Noposion Agrochemical,"Y Agro Solution Co.,Ltd.",F2019-1935,Approved
RED DRAGON 10 WP,Pyrazosulfuron-ethyl 10%w/w WP,Saigon Plant Protection Joint Stoc,"Evogro Co.,Ltd.",F2017-822,Approved
Ricestar 69 EC,Fenoxaprop-P-ethyl 69g/l EC,Bayer AG,"Y Agro Solution Co.,Ltd.",F2019-1977,Approved
Riceup 300 EC,Pretilachlor 300g/l EC,Shandong Weifang Rainbow Chem,"Rainbow Agrosciences Co.,L",F2020-2484,Approved
Rid Out 480 SL,Glyphosate IPA 480g/l SL,Shandong Weifang Rainbow Chem,"Rainbow Agrosciences Co.,L",F2020-2526,Approved
Ridweed RP,Glyphosate 48% SL,Asiatic Agricultural Industries Pte.,"Farm Link Co.,Ltd.",F2011-431,Approved
Risun 90 OD,Fenoxaprop-P-ethyl 6.9% + Ethoxysulfuron 2.1% OD,Shandong Weifang Rainbow Chem,"Rainbow Agrosciences Co.,L",F2020-2530,Approved
Ronstar 250 EC,Oxadiazon 250g/l EC,Bayer AG,"Y Agro Solution Co.,Ltd.",F2014-353,Approved
Rumputox,"2,4-D butyl ester 45%w/w WP",Agricultural Chemicals (M) Sdn.Bh,Marlarmyaing Public Compa,F2018-1765,Approved
Sable 69 EW,Fenoxaprop-P-Ethyl 6.9% EW,Shandong Weifang Rainbow Chem,Myanmar Arysta LifeScience,F2020-2506,Approved
Scorpio 7.5 EC,Fenoxaprop-P-ethyl 7.5% EC,Zenith Crop Sciences Bulgaria Ltd.,"Buronos Private Co.,Ltd.",F2019-2135,Approved
Seegenil,Propanil 20% + Thiobencarb 40% EW,Agricultural Chemicals (M) Sdn.Bhd,Marlarmyaing Public Company,F2018-1764,Approved
Shin Shin 10 SL,Imazethapyr 10% SL,"Agrinova Cropcare Pte.,Ltd.","Wi Sar Ra International Co.,Ltd",F2018-1831,Approved
Shinphosate 48% SL,Glyphosate 48%w/v SL,Sinon Corporation,CTUM General Business Public,F2016-527,Approved
Shoot 48 SL,Glyphosate Isopropylamine 480g/l SL,Imaspro Resources Sdn.Bhd.,"MM Import Export Co.,Ltd.",F2020-2426,Approved
Shwe 2-4,"2,4-D 60% EC",Makro Chemical,"Golden Key Co.,Ltd.",F2016-1058,Approved
Shwe Biyam,Bispyribac-sodium 10% SC,Makro Chemical,"Golden Key Co.,Ltd.",F2020-2317,Approved
Shwe Gallant,Haloxyfop-R-methyl 10.8% EC,Makro Chemical,"Golden Key Co.,Ltd.",F2020-2316,Approved
Shwe Herbicide (3) WP,Bensulfuron-methyl 4% + Quinclorac 28% WP,Makro Chemical,"Golden Key Co.,Ltd.",F2018-1756,Approved
Shwe Kyet Awar Bwar 25 EC,Fluazifop-P-butyl 25% EC,"Supernova Intertrade Pte.,Ltd.","TPT Yee Shin (Agriculture) Co.,Ltd",F2020-2277,Approved
Shwe Kyet Paung Sone Shi,Bispyribac-sodium 10% OF,"Supernova Intertrade Pte.,Ltd.","TPT Yee Shin (Agriculture) Co.,Ltd",F2020-2276,Approved
Shwe Kyet-Lar Htar 25% SL,Fomesafen 25% SL,"Supernova Intertrade Pte.,Ltd.","TPT Yee Shin (Agriculture) Co.,Ltd",F2020-2286,Approved
Shwe Mefen,Fomesafen 25% SL,Makro Chemical,"Golden Key Co.,Ltd.",F2020-2318,Approved
Shwe Toe Rice Herbicide 4,Pyrazosulfuron-ethyl 0.04% G,"Agrinova Cropcare Pte.,Ltd.","Wi Sar Ra International Co.,Ltd",F2020-2404,Approved
Sino-Glypho 48 SL,Glyphosate 480g/l SL,"Sino-Agri Leading Biosciences Co.,Ltd","Anawrahta Production Co.,Ltd",F2020-2609,Approved
Sino-Zine,Atrazine 50% SC,"Sino-Agri Leading Biosciences Co.,Ltd","Anawrahta Production Co.,Ltd",F2020-2608,Approved
Sofit 300 EC,Pretilachlor 30% EC,Syngenta Crop Protection Ltd.,"Myanma Awba Group Co.,Ltd",FF2020-043,Approved
Sonic 10 SC,Bispyribac-sodium 100g/l SC,Asiatic Agricultural Industries Pte.,"Farm Link Co.,Ltd.",F2019-2170,Approved
Soyaflag 250 SL,Fomesafen 250g/l SL,Shandong Weifang Rainbow Chem,"Rainbow Agrosciences Co.,Ltd",F2020-2483,Approved
Stam 80 DF,Propanil 80% DF,UPL Limited,"Agro Power Co.,Ltd.",F2012-829,Approved
Sulfuron 10 WP,Pyrazosulfuron-ethyl 10% WP,"AgriGate CropSciences Pte.,Ltd.","Myanma Awba Group Co.,Ltd",F2020-1259,Approved
Sun-E-F-15 WDG,Ethoxysulfuron 15% WDG,"Sundat (S) Pte.,Ltd. Singapore",Sundat Myanmar Company,F2016-1077,Approved
Sunup 48 SL,Glyphosate 48%w/v SL,"Sundat (S) Pte.,Ltd.",Sundat Myanmar Company,FF2019-237,Approved
Super Rice 250 SC,Quinclorac 25% SC,"Agrinova Cropcare Pte.,Ltd.","Wi Sar Ra International Co.,Ltd",F2015-1297,Approved
Superheat 500 EC,Pretilachlor 50% EC,ACI Formulations Limited,Network Marketing Limited,F2018-1505,Approved
TACKLE 720 SL,"2,4-D Amine 720g/l SL",Asiatic Agricultural Industries Pte.,"Farm Link Co.,Ltd.",F2018-1587,Approved
Taniamine 720 SL,"2,4-D Amine 72%w/v SL","Zagro Singapore Pte.,Ltd.",Zagro Myanmar Limited,F2019-2105,Approved
Thein Four-de 72 SL,"2,4-D 72% SL",Jiangxi Zhengbang Crop Protection,Myanmar Shwe Thein Trading,F2020-2423,Approved
Thein Petti 300 EC,Pretilachlor 300g/l EC,Jiangxi Zhengbang Crop Protection,Myanmar Shwe Thein Trading,F2020-2422,Approved
Tiller Gold 90 OD,Fenoxaprop-P-ethyl 6.9% + Ethoxysulfuron 2.1% OD,Bayer AG,"Myanma Golden Farm Co.,Ltd",FF2021-748,Approved
Top Shinn 86 EC,"2,4-D Dimethylamine Salt 86% EC",Guangdong Liwei Chemical Industry,Myanma Shwe Nagar Agriculture,F2018-1616,Approved
TRAZIN 80 WP,Atrazine 800g/kg WP,Asiatic Agricultural Industries Pte.,"Aka Yarzar Co.,Ltd.",F2017-1590,Approved
Tri 70% WP,Fenoxaprop-P-ethyl 13% + Pyrazosulfuron-ethyl 7% + Quinclorac 50% WP,"Syntech International Co.,Ltd.",Golden Lion High Tech Agriculture,F2018-1776,Approved
VENUS 300 EC,Pretilachlor 300g/l EC,Saigon Plant Protection Joint Stock,"Golden Rocket Co.,Ltd.",F2017-1246,Approved
"VI 2,4-D 720 SL","2,4-D Amine 72%w/v SL","Vietnam Pesticide Co.,Ltd.",Myint Myat Agrochemical Enterprise,F2015-678,Approved
Vifosat 480 SL,Glyphosate Isopropylamine salt 480 SL,"Vietnam Pesticide Co.,Ltd.",Myint Myat Agrochemical Enterprise,F2015-677,Approved
Vigor 33 EC,Pendimethalin 33% EC,Asiatic Agricultural Industries Pte.,"Farm Link Co.,Ltd.",F2019-1880,Approved
VITAQUAT 24 SL,Paraquat Dichloride 240g/l SL,Asiatic Agricultural Industries Pte.,"Farm Link Co.,Ltd.",F2018-1582,Approved
Wipe 7.5 EW,Fenoxaprop-P-ethyl 75g/l EW,"AgriGate CropSciences Pte.,Ltd.","Myanma Awba Group Co.,Ltd",F2015-1148,Approved
"Y,D 2,4-D","2,4-D Amine Salt 72% EC","Yingdee Intertrade Co.,Ltd.","Yupa Dagon Trading Co.,Ltd",F2016-964,Approved
Yelao 32% WP,Bensulfuron-methyl 4% + Quinclorac 28% WP,"Zhejiang Tianfeng Bioscience Co.,Ltd","May Brani Co.,Ltd.",F2017-1090,Approved
Yu Flofen,Oxyfluorfen 23.5% EC,"Yingdee Intertrade Co.,Ltd.","Yupa Dagon Trading Co.,Ltd",F2016-1470,Approved
Yupa Quat,Paraquat dichloride 27.6% SL,"Yingdee Intertrade Co.,Ltd.","Yupa Dagon Trading Co.,Ltd",F2017-1466,Approved
Zagribac 10 SC,Bispyribac-sodium 10% SC,"Agsin Pte.,Ltd.",Zagro Myanmar Limited,F2019-2002,Approved
Zaking 25 SL,Fomesafen 25% SL,"Agsin Pte.,Ltd.",Zagro Myanmar Limited,F2019-2004,Approved
Zathalin 33 EC,Pendimethalin 33% EC,"Zagro Singapore Pte.,Ltd.",Zagro Myanmar Limited,F2019-2106,Approved
Zaung Htet 40 WP,Bensulfuron-methyl 6% + Quinclorac 34% WP,"AgriGate CropSciences Pte.,Ltd.","Myanma Awba Group Co.,Ltd",F2020-2247,Approved
Zero,Paraquat dichloride 27.6% SL,"Agrinova Cropcare Pte.,Ltd.","Wi Sar Ra International Co.,Ltd",F2018-1691,Approved
Zico 720 SL,"2,4-D Dimethylamine 60%w/w (=720g/L) SL",Saigon Plant Protection Joint Stock,"Akari Min Trading Co.,Ltd.",F2015-826,Approved
"2,4-D Acid TG 96%","2,4-D Acid TG 96%","AgriGate CropSciences Pte.,Ltd.","Myanma Awba Group Co.,Ltd",F2020-2976,Approved
Atrazine 97% TG,Atrazine 97% TG,"AgriGate CropSciences Pte.,Ltd.","Myanma Awba Group Co.,Ltd",F2020-2957,Approved
Beacon 10 WP,Bensulfuron-methyl 10% WP,"AgriGate CropSciences Pte.,Ltd.","Myanma Awba Group Co.,Ltd",F2020-2878,Approved
Benme 10 WP,Bensulfuron-methyl 10% WP,"Ningbo Generic Chemical Co.,Ltd.","Golden Wish Agribusiness Co.,Ltd",F2020-2937,Approved
Bensulfuron methyl 97% TG,Bensulfuron-methyl 97% TG,"AgriGate CropSciences Pte.,Ltd.","Myanma Awba Group Co.,Ltd",F2020-2958,Approved
Bowsar 250 EC,Oxadiazon 250g/l EC,Shandong Weifang Rainbow Chem,"Rainbow Agrosciences Co.,Ltd",F2021-3118,Approved
Cyhalofop-Butyl 97% TG,Cyhalofop-Butyl 97% TG,"AgriGate CropSciences Pte.,Ltd.","Myanma Awba Group Co.,Ltd",F2020-2959,Approved
DART 25 SL,Fomesafen 250g/l SL,Asiatic Agricultural Industries Pte.,Asiatic Agricultural Industries Pte.,F2020-1584,Approved
Dion 80 WP,Diuron 80%w/v WP,"Agrinova Cropcare Pte.,Ltd.","Wi Sar Ra International Co.,Ltd",F2020-2945,Approved
Elect 10 SL,Imazethapyr 10% SL,"Optimus Agri-Tech Pte.,Ltd.","Myanmar Kaung Thu Kha Co.,Ltd",F2020-2987,Approved
Evo Noweed 250 SL,Fomesafen 25% SL,"Chrysalis Crop Pte.,Ltd.","Evogro Co.,Ltd.",F2020-2890,Approved
Evo Taung Thu Let Swel 4 G,Pyrazosulfuron-ethyl 0.04% G,"Chrysalis Crop Pte.,Ltd.","Myanma Awba Group Co.,Ltd",F2020-2892,Approved
ForOne 250 SL,Fomesafen 25% SL,"AgriGate CropSciences Pte.,Ltd.","Myanma Awba Group Co.,Ltd",F2020-2879,Approved
Halaxy 125 EC,Haloxyfop-P-methyl 125g/l EC,Shandong Weifang Rainbow Chem,"Rainbow Agrosciences Co.,Ltd",F2021-3115,Approved
M SPY 20 WP,Bispyribac-sodium 200g/kg WP,"Mountain Peak Cropcare Pte.,Ltd.",Marlarmyaing Public Company,F2020-3015,Approved
M-Pride 33 EC,Pendimethalin 33% EC,"Mountain Peak Cropcare Pte.,Ltd.",Marlarmyaing Public Company,F2020-2389,Approved
Multi Grass,Glyphosate Isopropylammonium salt 480g/l SL,"Ningbo Generic Chemical Co.,Ltd.","Golden Wish Agribusiness Co.,Ltd",F2020-2931,Approved
"Nagarjuna 2,4-D","2,4-D Amine salt 72%w/w SL",NACL Industries Limited,Marlarmyaing Public Company,F2020-3012,Approved
No Worry 10% SC,Bispyribac-sodium 100g/l SC,"Ningbo Longway Chemical Co.,Ltd","Longway Agrochemical Co.,Ltd",F2021-3043,Approved
Nomore 10 EC,Quizalofop-P-ethyl 10% EC,"Chrysalis Crop Pte.,Ltd.","Evogro Co.,Ltd.",F2020-2891,Approved
Para Grass,Paraquat Dichloride 276g/l SL,"Ningbo Generic Chemical Co.,Ltd.","Golden Wish Agribusiness Co.,Ltd",F2020-2932,Approved
Paraquat Dichloride 42% TG,Paraquat Dichloride 42% TG,"AgriGate CropSciences Pte.,Ltd.","Myanma Awba Group Co.,Ltd",F2020-2960,Approved
Pawn Killer Plus 360 SL,"2,4-D Amine 120g/l + Glyphosate 240g/l SL","AgriGate CropSciences Pte.,Ltd.","Myanma Awba Group Co.,Ltd",F2020-2880,Approved
Pendimethalin 95% TG,Pendimethalin 95% TG,"AgriGate CropSciences Pte.,Ltd.","Myanma Awba Group Co.,Ltd",F2020-2961,Approved
Pica 250 SL,Fomesafen 25% SL,"Agrinova Cropcare Pte.,Ltd.","Wi Sar Ra International Co.,Ltd",F2020-2946,Approved
Piza 10 EC,Quizalofop-P-ethyl 10% EC,"Agrinova Cropcare Pte.,Ltd.","Wi Sar Ra International Co.,Ltd",F2020-2947,Approved
Pretila Green,Pretilachlor 300g/l EC,"Ningbo Generic Chemical Co.,Ltd.","Golden Wish Agribusiness Co.,Ltd",F2020-2933,Approved
Pretilachlor 95% TG,Pretilachlor 95% TG,"AgriGate CropSciences Pte.,Ltd.","Myanma Awba Group Co.,Ltd",F2020-2962,Approved
Pro-Mix Herbicide 240/120,"Glyphosate Isopropylamine 240g/l + 2,4-D Isopropylamine 120g/l SL",Imaspro Resources Sdn.Bhd.,"MM Import Export Co.,Ltd.",F2021-3206,Approved
Puzate 70 WG,Imazethapyr 70% WG,Shandong Weifang Rainbow Chem,Marlarmyaing Public Company,F2021-3117,Approved
Pyrazosulfuron-ethyl 98% TG,Pyrazosulfuron-ethyl 98% TG,"AgriGate CropSciences Pte.,Ltd.","Myanma Awba Group Co.,Ltd",F2020-2963,Approved
Queen Star 10 EC,Quizalofop-P-ethyl 10% EC,"Optimus Agri-Tech Pte.,Ltd.","Myanmar Kaung Thu Kha Co.,Ltd",F2020-2986,Approved
Quickly 10 EC,Quizalofop-P-ethyl 100g/l EC,"Ningbo Generic Chemical Co.,Ltd.","Golden Wish Agribusiness Co.,Ltd",F2020-2938,Approved
Quinclorac 85% TG,Quinclorac 85% TG,"AgriGate CropSciences Pte.,Ltd.","Myanma Awba Group Co.,Ltd",F2020-2977,Approved
Quizalofop-P-ethyl TG 95%,Quizalofop-P-ethyl 95% TG,"AgriGate CropSciences Pte.,Ltd.","Myanma Awba Group Co.,Ltd",F2020-2972,Approved
Ricesafe 180 EC,Cyhalofop-butyl 180g/l EC,Shandong Weifang Rainbow Chem,"Rainbow Agrosciences Co.,Ltd",F2021-3114,Approved
Rid Away 665 SL,Glyphosate Potassium 665g/l SL,Shandong Weifang Rainbow Chem,"Rainbow Agrosciences Co.,L",F2021-3126,Approved
Rid Gone 75.7 SG,Glyphosate Ammonium Salt 75.7% SG,Shandong Weifang Rainbow Chem,"Rainbow Agrosciences Co.,L",F2021-3125,Approved
Run-up 35% SL,Glyphosate 350g/l SL,"Ningbo Longway Chemical Co.,Ltd","Longway Agrochemical Co.,I",F2021-3046,Approved
Soyaguard 100 SL,Imazethapyr 100g/l SL,Shandong Weifang Rainbow Chem,"Rainbow Agrosciences Co.,L",F2021-3116,Approved
Stop 250 EC,Fluazifop-P-butyl 250g/l EC,"Asiatic Agricultural Industries Pte.,","Farm Link Co.,Ltd.",F2020-1595,Approved
Sun Shin 10 WP,Bensulfuron-methyl 10% WP,"Agrinova Cropcare Pte.,Ltd.","Wi Sar Ra International Co.,",F2020-2944,Approved
"Super 2,4-D","2,4-D dimethylammonium 84% SL",Changzhou Kangmei Chemical Ind,Delicious Food Limited.,F2019-1974,Approved
Super Paraquat,Paraquat dichloride 27.6% SL,Changzhou Kangmei Chemical Ind,Delicious Food Limited.,F2019-1975,Approved
Topspray 95 SP,"2,4-D Sodium Salt 95% SP",Shandong Weifang Rainbow Chem,"Rainbow Agrosciences Co.,L",F2021-3113,Approved
V.T Kill 480 SL,Glyphosate 480g/l SL,Viet Trung Pesticide Joint Stock Co,"Viet Trung Myanmar Co.,Ltd",F2021-3146,Approved
V.T King 300 EC,Pretilachlor 300g/l EC,Viet Trung Pesticide Joint Stock Co,Naing Toe Aung (Myanmar),F2021-3147,Approved
V.T Two Four 82.5 SL,"2,4-D Amine Salt 82.5% SL",Viet Trung Pesticide Joint Stock Co,"Viet Trung Myanmar Co.,Ltd",F2021-3133,Approved
Whip S 7.5 EW,Fenoxaprop-P-ethyl 75g/l EW,Bayer AG,Zagro Myanmar Limited,FF2021-371,Approved
AP Dragon,Atrazine 50% SC,Zibo NAB Agrochemicals Limited,"Agro Power Co.,Ltd.",F2021-3255,Approved
AP Shal 11 EW,Fenoxaprop-P-ethyl 11% EW,Zibo NAB Agrochemicals Limited,"Agro Power Co.,Ltd.",F2021-3250,Approved
Armo View,Quizalofop-P-ethyl 10% EC,"R.H.F Pte.,Ltd.",Aventine Limited,F2021-3103,Approved
Bravo 10 SC,Bispyribac-sodium 10% SC,"Syntech International Co.,Ltd.",Golden Lion High Tech Agric,F2020-2381,Approved
Crop-Harvest 41 SL,Glyphosate 41% SL,Crop-China Internationals Limited,Myanmar Byter Agro Tech C,F2021-3284,Approved
Festive,Fenoxaprop-P-ethyl 6.9% EC,"Agforepax Industries Co.,Ltd.","Min Mahaw Co.,Ltd.",F2020-2620,Approved
Fight 27.6 SL,Paraquat Dichloride 276g/l SL,"Iprochem Co.,Ltd.",Myanmar Byter Agro Tech C,F2021-3269,Approved
Glyphosate 95% TC/TG,Glyphosate 95% TC/TG,Zibo NAB Agrochemicals Limited,"Topagri Myanmar Co.,Ltd.",F2021-3258,Approved
Golden Bomber 480 SL,Glyphosate 480g/l SL,"Shanghai Forever Chemical Co.,Ltd",Myanmar Golden Sun Crop,F2021-3334,Approved
Mega Para,Paraquat 27.6% SL,"MAC Chem (Asia) Co.,Ltd.",Mega Grow International Co,F2021-3067,Approved
Mega Tila,Pretilachlor 30% EC,"MAC Chem (Asia) Co.,Ltd.",Mega Grow International Co,F2021-3068,Approved
Merit,Fomesafen 25% SL,"Agforepax Industries Co.,Ltd.","Min Mahaw Co.,Ltd.",F2020-2627,Approved
NAB-Double 400 SC,Bispyribac-sodium 400g/l SC,Zibo NAB Agrochemicals Limited,"Topagri Myanmar Co.,Ltd.",F2021-3249,Approved
NAB-Glory 330 EC,Pendimethalin 330g/l EC,Zibo NAB Agrochemicals Limited,"Topagri Myanmar Co.,Ltd.",F2021-3261,Approved
NAB-Oxy 23.5 EC,Oxyfluorfen 23.5% EC,Zibo NAB Agrochemicals Limited,"Topagri Myanmar Co.,Ltd.",F2021-3251,Approved
NAB-Star 10 EC,Quizalofop-P-ethyl 10% EC,Zibo NAB Agrochemicals Limited,"Topagri Myanmar Co.,Ltd.",F2021-3253,Approved
Pinsein-Gate 480 SL,Glyphosate 48% SL,"ITMG Singapore Pte.,Ltd.",Bloom Trading & Manufactu,F2021-3167,Approved
Pinsein-Quat 20 SL,Paraquat Dichloride 20% SL,"ITMG Singapore Pte.,Ltd.",Bloom Trading & Manufactu,F2021-3168,Approved
Rainquat 276 SL,Paraquat dichloride 276g/l SL,Shandong Weifang Rainbow Chem,"Rainbow Agrosciences Co.,L",F2020-2527,Approved
Sellent 10.8% EC,Haloxyfop-P-methyl 10.8% EC,"Grade Laojun Chemical Co.,Ltd.","Yoon Yoon Agro Co.,Ltd.",F2020-2832,Approved
Shwe Halofos,Cyhalofop-Butyl 18% EC,Makro Chemical,"Golden Key Co.,Ltd.",F2021-3076,Approved
Siperus 100 WP,Pyrazosulfuron-ethyl 100g/kg WP,"Rotam Agrochemical Co.,Ltd.",Network Marketing Limited,F2020-2584,Approved
Soldier 48 SL,Glyphosate Salt 480g/l SL,"Iprochem Co.,Ltd.",Myanmar Byter Agro Tech C,F2021-3268,Approved
Top-Order 23.5 EC,Oxyfluorfen 23.5% EC,"Shanghai Topchems Industry Co.,L","Agro Power Co.,Ltd.",F2021-3229,Approved
Top-Score 10 EC,Quizalofop-P-ethyl 10% EC,"Shanghai Topchems Industry Co.,L","Agro Power Co.,Ltd.",F2021-3230,Approved
U 2-4 860g/l,"2,4-D Amine Salt 86% SL","Grade Laojun Chemical Co.,Ltd.",SIL International Company,F2020-2831,Approved
Abamectin 95% TG,Abamectin 95% TG,"AgriGate CropSciences Pte.,Ltd.","Myanmar Awba Group Co.,Lt",F2020-1169,Approved
777 2% EC,Emamectin Benzoate 2% EC,"Grade Laojun Chemical Co.,Ltd.",SIL International Company,F2019-2116,Approved
Abamag 1.8% EC,Abamectin 1.8% EC,"Optimus Agri-Tech Pte.,Ltd.",Myanmar Kaung Thu Kha C,F2015-1062,Approved
Abaryl 85 WP,Carbaryl 85% WP,Aver Grow Sdn.Bhd.,Wah Wah Agricultural Chem,F2018-1834,Approved
Abate 1 SG,Temephos 1.1 %w/w SG,"BASF South-East Asia Pte.,Ltd.",Golden Lion High Tech Agric,F2016-693,Approved
Absolute 20 SP,Acetamiprid 200g/kg SP,Asiatic Agricultural Industries Pte.,"Y Agro Solution Co.,Ltd.",F2019-2169,Approved
Accept 20 SL,Acetamiprid 20% SL,"Syntech International Co.,Ltd.","Farm Link Co.,Ltd.",F2018-1576,Approved
Accetech,Acephate 75% SP,"Syntech International Co.,Ltd.","Farm Link Co.,Ltd.",F2020-2386,Approved
Accord 75 SP,Acephate 75% SP,"Syntech International Co.,Ltd.",Golden Lion High Tech Agric,F2011-738,Approved
Acehero 75 SP,Acephate 75% SP,Coromandel International Ltd.,Wah Wah Agricultural Chem,F2011-814,Approved
Acemida 51.8% SP,Acephate 50% + Imidacloprid 1.8% SP,UPL Limited,Aventine Limited,F2017-1272,Approved
Acephate TG,Acephate 97% TG,"AgriGate CropSciences Pte.,Ltd.","Myanma Awba Group Co.,Lt",F2015-1165,Approved
Acetagro,Acetamiprid 20% SL,"Agsin Pte.,Ltd.",Zagro Myanmar Limited,F2019-1869,Approved
Acilambdar 25% WP,Acetamiprid 20% + Lambda-cyhalothrin 5% WP,"Grade Laojun Chemical Co.,Ltd.",SIL International Company,F2020-2456,Approved
Actellic 50% EC,Pirimiphos-methyl 50% EC,Syngenta Crop Protection Ltd.,"Myanma Awba Group Co.,Lt",F2010-065,Approved
Agromectin 1.8% EC,Abamectin 1.8%w/w EC,"Agsin Pte.,Ltd.",Zagro Myanmar Limited,F2014-724,Approved
Agromethrin 10 EC,Cypermethrin 100g/l EC,"Unochem Co.,Ltd.","Agro Bio Product Co.,Ltd.",F2016-480,Approved
Alfa 5 EC,Alpha-Cypermethin 5% EC,Asiatic Agricultural Industries Pte.,"Farm Link Co.,Ltd.",F2014-501,Approved
Alpha Cide 10 EC,Alpha-Cypermethin 10% EC,"Agrinova Cropcare Pte.,Ltd.","Wi Sar Ra International Co.,",F2014-936,Approved
Alpha-Cypermethrin TG,Alpha-Cypermethrin 97% TG,"AgriGate CropSciences Pte.,Ltd.","Myanma Awba Group Co.,Lt",F2015-1164,Approved
Alphard 10 EC,Alpha-Cypermethrin 10% EC,"AgriGate CropSciences Pte.,Ltd.",Myanmar Kaung Thu Kha C,F2015-1066,Approved
Alphard 5 EC,Alpha-cypermethrin 5% EC,"AgriGate CropSciences Pte.,Ltd.","Myanma Awba Group Co.,Lt",F2017-1263,Approved
Amida 20 SL,Imidacloprid 20% SL,"Agrinova Cropcare Pte.,Ltd.","Wi Sar Ra International Co.,",F2014-931,Approved
Amida 20 WP,Imidacloprid 20% WP,"Agrinova Cropcare Pte.,Ltd.","Wi Sar Ra International Co.,",F2014-935,Approved
Amida 70 WP,Imidacloprid 70% WP,"Agrinova Cropcare Pte.,Ltd.","Wi Sar Ra International Co.,Ltd",F2015-1290,Approved
Anger 10 EC,Alpha-Cypermethrin 10% EC,"Chrysalis Crop Pte.,Ltd.","Evogro Co.,Ltd.",F2018-1816,Approved
Antceguard,Acephate 75% SP,"Yingdee Intertrade Co.,Ltd.","Yupa Dagon Trading Co.,Ltd",F2017-1461,Approved
AP Cyper 25 EC,Cypermethrin 25% EC,"Yingdee Intertrade Co.,Ltd.","Yupa Dagon Trading Co.,Ltd",F2011-690,Approved
AP Pro,Profenofos 500g/l EC,Zibo NAB Agrochemicals Limited,"Agro Power Co.,Ltd.",F2020-2305,Approved
Apex 37.5 SC,Thiodicarb 37.5% SC,"Optimus Agri-Tech Pte.,Ltd.","Myanmar Kaung Thu Kha Co.,Ltd",F2018-1820,Approved
Armo Ace 20% SP,Acetamiprid 20% SP,"Parijat Industries (India) Pvt.,Ltd.",Aventine Limited,F2016-903,Approved
Armo Bactin 1.8 EC,Abamectin 1.8% EC,"R.H.F Pte.,Ltd.",Aventine Limited,F2016-981,Approved
Armo Beta 4.5% EC,Beta-Cypermethrin 4.5% EC,"R.H.F Pte.,Ltd.",Aventine Limited,F2016-982,Approved
Armo Boss 20% EC,Carbosulfan 20% EC,"R.H.F Pte.,Ltd.",Aventine Limited,F2016-1238,Approved
Armo Bright 40% WDG,Acetamiprid 20% + Fipronil 20% WDG,"R.H.F Pte.,Ltd.",Aventine Limited,F2018-1685,Approved
Armo Cyper 10% EC,Cypermethrin 10% EC,"R.H.F Pte.,Ltd.",Aventine Limited,F2016-991,Approved
Armo Diamond 40% EC,Dimethoate 40% EC,"R.H.F Pte.,Ltd.",Aventine Limited,F2016-1237,Approved
Armo Emir 88% EC,Acetamiprid 16g/l + Cypermethrin 72g/l EC,"Parijat Industries (India) Pvt.,Ltd.",Aventine Limited,F2016-1158,Approved
Armo Fipro,Fipronil 5% SC,"R.H.F Pte.,Ltd.",Aventine Limited,F2017-1318,Approved
Armo Fumi 56% Tab,Aluminium Phosphide 560mg/kg Tablet,"R.H.F Pte.,Ltd.",Aventine Limited,F2016-984,Approved
Armo Hi-tap 50% SP,Cartap Hydrochloride 50% SP,"R.H.F Pte.,Ltd.",Aventine Limited,F2016-983,Approved
Armo Medal 25% WP,Thiamethoxam 25% WP,"Parijat Industries (India) Pvt.,Ltd.",Aventine Limited,F2016-906,Approved
Armo Mida 10% WP,Imidacloprid 10% WP,"R.H.F Pte.,Ltd.",Aventine Limited,F2016-986,Approved
Armo Mida 70% WP,Imidacloprid 70% WP,"R.H.F Pte.,Ltd.",Aventine Limited,F2017-1320,Approved
Armo Mortel 0.3% GR,Fipronil 0.3% GR,"Parijat Industries (India) Pvt.,Ltd.",Aventine Limited,F2019-2140,Approved
Armo Nofos 50 EC,Profenofos 50% EC,"R.H.F Pte.,Ltd.",Aventine Limited,F2017-1423,Approved
Armo Profit 50 EC,Profenofos 50% EC,"Parijat Industries (India) Pvt.,Ltd.",Aventine Limited,F2014-907,Approved
Armo Racer 20% EC,Amitraz 20% EC,"R.H.F Pte.,Ltd.",Aventine Limited,F2016-989,Approved
Armo Raider 85% WP,Carbaryl 85% WP,"R.H.F Pte.,Ltd.",Aventine Limited,F2016-993,Approved
Armo Star 5 EC,Lambda-cyhalothrin 5% EC,"Parijat Industries (India) Pvt.,Ltd.",Aventine Limited,F2014-908,Approved
Armo Sultan SL,Imidacloprid 17.8% SL,"Parijat Industries (India) Pvt.,Ltd.",Aventine Limited,F2014-904,Approved
Armo Thio 375 SC,Thiodicarb 37.5% SC,"R.H.F Pte.,Ltd.",Aventine Limited,F2016-985,Approved
Armo Top Star 15% WP,Emamectin Benzoate 5% + Lambda-cyhalothrin 10% WP,"R.H.F Pte.,Ltd.",Aventine Limited,F2019-2138,Approved
Armo Twister 25% WP,Diflubenzuron 25% WP,"R.H.F Pte.,Ltd.",Aventine Limited,F2017-1015,Approved
Armo Vital 75% SP,Acephate 75% SP,Rallis India Limited,Aventine Limited,F2016-990,Approved
Artack 50 SP,Cartap Hydrochloride 50% SP,"Agrinova Cropcare Pte.,Ltd.","Wi Sar Ra International Co.,Ltd",F2018-1829,Approved
Ascend 50 SC,Fipronil 5% SC,"BASF South-East Asia Pte.,Ltd.",Golden Lion High Tech Agric,F2016-357,Approved
Azphate 75 SP,Acephate 75% SP,"AgriGate CropSciences Pte.,Ltd.","Myanma Awba Group Co.,Ltd",F2014-587,Approved
Ban Do,Emamectin Benzoate 3.4% WG,Shenzhen Noposion Agrochemical,"Htet Thiha Naing Co.,Ltd.",F2020-2727,Approved
Bazan 4 GR,Cartap 4%w/w GR,Advanced Agriculture Solution Joint,Advanced Agriculture Solution Joint,F2020-2547,Approved
Bazan 95 SP,Cartap 95%w/w SP,Advanced Agriculture Solution Joint,Advanced Agriculture Solution Joint,F2020-2545,Approved
Belt 240 WG,Flubendiamide 24% WG,Bayer AG,Zagro Myanmar Limited,F2018-1607,Approved
Benefit 20 SC,Carbosulfan 20%w/v SC,Asiatic Agricultural Industries Pte.,Asiatic Agricultural Industries Pte.,F2017-1361,Approved
Benofos 50 EC,Profenofos 50% EC,"Agsin Pte.,Ltd.",Zagro Myanmar Limited,F2014-720,Approved
Better 25 WP,Acetamiprid 20% + Lambda-cyhalothrin 5% WP,"AgriGate CropSciences Pte.,Ltd.","Myanma Awba Group Co.,Ltd",F2018-1518,Approved
Bigrole 200 SC,Ethiprole 200g/l SC,Shandong Weifang Rainbow Chem,Agro Green Land Chemical,F2020-2519,Approved
Bio Green,Matrine Aqueous Solution 0.36%w/w,Beijing Multigrass Formulation Co,"Baigreen Crop Science Co.,Ltd",FF2020-718,Approved
Blade 25 WDG,Thiamethoxam 25% WDG,"AgriGate CropSciences Pte.,Ltd.","Myanma Awba Group Co.,Ltd",F2017-1345,Approved
BM Delta 2.8% EC,Deltamethrin 2.8% EC,Behn Meyer AgCare LLP,"Agri First Co.,Ltd.",FF2020-713,Approved
BM Imida,Imidacloprid 20% SL,Behn Meyer AgCare LLP,"Agri First Co.,Ltd.",F2017-1316,Approved
BM Promax 75 SP,Acephate 75% SP,Behn Meyer AgCare LLP,"Agri First Co.,Ltd.",FF2020-714,Approved
BNS Aba 5,Abamectin 5% EW,Shandong Binnong Technology Co,"Aka Yarzar Co.,Ltd.",F2020-2637,Approved
BNS Aceta 20,Acetamiprid 20% SP,Shandong Binnong Technology Co,"Aka Yarzar Co.,Ltd.",F2020-2639,Approved
BNS Aceta 40,Acetamiprid 40% WDG,Shandong Binnong Technology Co,"Anawrahta Production Co.,Ltd",F2020-2640,Approved
BNS Imida,Imidacloprid 70% WDG,Shandong Binnong Technology Co,"Myanmar Kete Co.,Ltd.",F2020-2641,Approved
BNS Profeno,Profenofos 50% EC,Shandong Binnong Technology Co,"Anawrahta Production Co.,Ltd",F2020-2642,Approved
BNS Thiame,Thiamethoxam 25% WDG,Shandong Binnong Technology Co,"Bihjaka Co.,Ltd.",F2020-2643,Approved
BP Hopper,BPMC 50% EC,"Agsin Pte.,Ltd.",Zagro Myanmar Limited,F2016-1094,Approved
Bravo 10 SL,Imidacloprid 10 %w/v SL,Zagro Chemicals Sdn.Bhd.,Zagro Myanmar Limited,F2016-1225,Approved
Bravo 70 WP,Imidacloprid 70% WP,"Zagro Singapore Pte.,Ltd.",Zagro Myanmar Limited,F2018-1859,Approved
Brilliant,Acetamiprid 25% SP,"Hebei Veyong Bio-Chemical Co.,Ltd","Golden Plain Co.,Ltd.",F2019-2110,Approved
Brush 70 WP,Imidacloprid 70% WP,Shandong Weifang Rainbow Chem,Myanmar Arysta LifeScience,F2020-2513,Approved
Brute Force,Emamectin Benzoate 2.3% EC,"Hebei Veyong Bio-Chemical Co.,Ltd","Golden Plain Co.,Ltd.",F2019-2111,Approved
Budoza 20 WP,Imidacloprid 20% WP,Aver Grow Sdn.Bhd.,Wah Wah Agricultural Chem,F2018-1835,Approved
Bulldock 0.025 EC,Beta-Cyfluthrin 25g/l EC,Bayer AG,Zagro Myanmar Limited,F2014-248,Approved
BUTYL 10 WP,Buprofezin 10%w/w WP,Saigon Plant Protection Joint Stock,"Golden Rocket Co.,Ltd.",F2017-1247,Approved
Camphate 75% SP,Acephate 75%w/w SP,Sinon Corporation,CTUM General Business Pub,F2016-358,Approved
Captain 95 SP,Cartap 95% SP,"Optimus Agri-Tech Pte.,Ltd.","Myanmar Kaung Thu Kha Co.,Ltd",F2018-1823,Approved
Carina 50 EC,Profenofos 500g/l EC,PI Industries Ltd.,"JJ-Pun Trading Co.,Ltd.",F2017-1449,Approved
Celphos,Aluminium Phosphide 56% min,Sumitomo Chemical India Limited,Marlarmyaing Public Company,FF2021-075,Approved
Centrole 20 SG,Dinotefuran 20% SG,Shandong Weifang Rainbow Chem,"Rainbow Agrosciences Co.,Ltd",F2020-2493,Approved
Charge 80 EC,Dichlorvos 80% EC,"Sanonda International Co.,Ltd.",Diamond Light International,F2015-923,Approved
Chon Man Sha Xing 1.8 EC,Abamectin 1.8% EC,Zhejiang Qianjiang Biochemical Co,Diamond Light International,F2015-928,Approved
Chopper 5 G,Cartap 5% G,"Syntech International Co.,Ltd.",Golden Lion High Tech Agric,F2018-1775,Approved
Chopper 50 SP,Cartap Hydrochloride 50% SP,"Syntech International Co.,Ltd.",Golden Lion High Tech Agric,F2014-874,Approved
Cinrate 2.5 EC,Lambda-Cyhalothrin 2.5%w/v EC,Sinon Corporation,CTUM General Business Pub,F2016-538,Approved
Colam 247 SC,Lambda-cyhalothrin 10.6% + Thiamethoxam 14.1% SC,Shandong Weifang Rainbow Chem,Agro Green Land Chemical,F2020-2508,Approved
Compete 75% SP,Acephate 75%w/w SP,"Agsin Pte.,Ltd.","Agsin Pte.,Ltd. (Rep. Office)",F2014-642,Approved
Counter 20 EC,Carbosulfan 20% EC,"Syntech International Co.,Ltd.",Golden Lion High Tech Agric,F2015-1036,Approved
Cruiser 350 FS,Thiamethoxam 35% FS,Syngenta Crop Protection Ltd.,"Myanma Awba Group Co.,Ltd",F2019-2147,Approved
Curbix 100 SC,Ethiprole 100g/l SC,Bayer AG,"Myanmar Golden Farm Co.,Ltd",F2017-1269,Approved
Cut Off 50 EC,Profenofos 50% EC,"Yingdee Intertrade Co.,Ltd.","Yupa Dagon Trading Co.,Ltd",F2011-733,Approved
Cymkill 10 EC,Cypermethrin 10% EC,Forward (Beihai) Hepu Pesticide,"Sim Sim Co.,Ltd.",FF2019-314,Approved
Cyper X 10 EC,Cypermethrin 10% EC,"Optimus Agri-Tech Pte.,Ltd.","Myanmar Kaung Thu Kha Co.,Ltd",F2015-1267,Approved
Cyperkill 10 EC,Cypermethrin 10% EC,Hextar Chemicals Sdn.Bhd.,"Tiger Dragon Co.,Ltd.",F2014-652,Approved
Cypermax 10 EC,Cypermethrin 10% EC,"Agrinova Cropcare Pte.,Ltd.","Wi Sar Ra International Co.,Ltd",F2014-937,Approved
Cypermethrin TG,Cypermethrin 92%min Technical,Asiatic Agricultural Industries Pte.,Asiatic Agricultural Industries Pte.,F2017-219,Approved
Cypermethrin TG 93%,Cypermethrin TG 93%,"AgriGate CropSciences Pte.,Ltd.","Myanma Awba Group Co.,Ltd",F2018-1803,Approved
Cypersect 35 EC,Cypermethrin 35%w/v EC,The Erawan Agricultural Chemical,Aventine Limited,F2020-2372,Approved
Cythrin Premium,Cypermethrin 10% EC,Behn Meyer AgCare LLP,"Agri First Co.,Ltd.",FF2020-712,Approved
Danadim 40 EC,Dimethoate 40% EC,"Cheminova Agro A/S, Denmark","Myanma Awba Group Co.,Ltd",FFF2021-131,Approved
Danitol 20 EC,Fenpropathrin 20% EC,"Sumitomo Chemical Co.,Ltd.","Bentz Jaz Myanmar Co.,Ltd.",F2009-058,Approved
Deco Alpha 5 EC,Alpha-Cypermethrin 50g/l EC,Advanced Agriculture Solution Joint,Advance Agriculture Solution Joint,F2019-1900,Approved
Deco Cyper 10 EC,Cypermethrin 10 EC,Advanced Agriculture Solution Joint,Advance Agriculture Solution Joint,F2019-1897,Approved
Deco Cyper 25 EC,Cypermethrin 25% EC,Advanced Agriculture Solution Joint,Advance Agriculture Solution Joint,F2019-1899,Approved
Deco Cyper 50 EC,Cypermethrin 50% EC,Advanced Agriculture Solution Joint,Advance Agriculture Solution Joint,F2019-1898,Approved
Defend,Emamectin Benzoate 5% SG,"Hebei Veyong Bio-Chemical Co.,Ltd","Golden Plain Co.,Ltd.",F2019-2112,Approved
Delcide 2.5 EC,Deltamethrin 2.5% EC,Zagro Chemicals Sdn.Bhd.,Zagro Myanmar Limited,F2018-1853,Approved
Demon 1.8 EC,Abamectin 1.8%w/v EC,"AgriGate CropSciences Pte.,Ltd.","Myanma Awba Group Co.,Ltd",FF2019-699,Approved
Demon 5.4 EC,Abamectin 5.4% EC,"AgriGate CropSciences Pte.,Ltd.","Myanma Awba Group Co.,Ltd",F2020-2249,Approved
Diaphos 10 G,Diazinon 10% G,Saigon Plant Protection Joint Stock,"Asian Crops Global Co.,Ltd.",F2015-825,Approved
Diazinon TG,Diazinon 95%min Technical,Asiatic Agricultural Industries Pte.,Asiatic Agricultural Industries Pte.,F2017-220,Approved
Diligent 0.3 GR,Fipronil 3g/kg GR,Asiatic Agricultural Industries Pte.,"Farm Link Co.,Ltd.",F2019-2172,Approved
Diligent 50 SC,Fipronil 50g/l SC,Asiatic Agricultural Industries Pte.,"Uni Crop Co.,Ltd.",F2019-2173,Approved
Dime 400 EC,Dimethoate 40% EC,"Eastchem Co.,Ltd.","Myanma Awba Group Co.,Ltd",F2020-2668,Approved
Dimethion 40 EC,Dimethoate 40% EC,"AgriGate CropSciences Pte.,Ltd.","Myanma Awba Group Co.,Ltd",FF2021-768,Approved
Dimethomax 40 EC,Dimethoate 40% EC,"Agrinova Cropcare Pte.,Ltd.","Wi Sar Ra International Co.,Ltd",F2014-651,Approved
Divine 20 WDG,Dinotefuran 20% WDG,"Syntech International Co.,Ltd.",Golden Lion High Tech Agric,F2018-1787,Approved
Domino 24.7 SC,Lambda-cyhalothrin 10.6% + Thiamethoxam 14.1% SC,"Optimus Agri-Tech Pte.,Ltd.","Myanmar Kaung Thu Kha Co.,Ltd",F2020-2692,Approved
Dozer 20 WP,Imidacloprid 20% WP,"AgriGate CropSciences Pte.,Ltd.","Myanma Awba Group Co.,Ltd",F2014-920,Approved
Dozer 70 WP,Imidacloprid 70% WP,"AgriGate CropSciences Pte.,Ltd.","Myanma Awba Group Co.,Ltd",F2015-1141,Approved
Dravi 40 EC,Dimethoate 40% EC,"Yingdee Intertrade Co.,Ltd.","Yupa Dagon Trading Co.,Ltd",F2011-764,Approved
Dynamic 20SL,Imidacloprid 200g/l SL,Asiatic Agricultural Industries Pte.,"Aka Yarzar Co.,Ltd.",F2015-1108,Approved
Dynamo 20 EC,Carbosulfan 20% EC,"Agrinova Cropcare Pte.,Ltd.","Wi Sar Ra International Co.,Ltd",F2015-1287,Approved
Eforia 247 SC,Lambda-cyhalothrin 10.6% + Thiamethoxam 14.1% SC,Syngenta Crop Protection Ltd.,"Myanma Awba Group Co.,Ltd",F2019-2146,Approved
Elak 50 EC,Profenofos 50%w/v EC,Zagro Chemicals Sdn.Bhd.,Zagro Myanmar Limited,F2016-1226,Approved
Elephant Nofos 50%w/w,Profenofos 50% EC,"Thaion Chemical Co.,Ltd.",Rise Trade International Co.,F2017-1351,Approved
Emaben 1.9 EC,Emamectin Benzoate 1.9% EC,"Agsin Pte.,Ltd.",Zagro Myanmar Limited,F2016-1097,Approved
Emalan 15 WP,Emamectin Benzoate 5% + Lambda-cyhalothrin 10% WP,Nanjing Essence Fine Chemical Co,Wah Wah Agricultural Chem,F2018-1836,Approved
Emay 5 WG,Emamectin benzoate 5%w/w WG,Advanced Agriculture Solution Joint,Advance Agriculture Solution Joint,F2020-2546,Approved
Eminent 5 WDG,Emamectin Benzoate 50g/kg WDG,Asiatic Agricultural Industries Pte.,"Farm Link Co.,Ltd.",F2019-2171,Approved
Eramate Gold,Dimethoate 40%w/v EC,The Erawan Agricultural Chemical,Aventine Limited,F20202-2373,Approved
Eramectin,Abamectin 1.8%w/v EC,The Erawan Agricultural Chemical,Aventine Limited,F2020-2369,Approved
Eraprothrin 404,Cypermethrin 4% + Profenofos 40%w/v EC,The Erawan Agricultural Chemical,Aventine Limited,F2020-2353,Approved
Erathrin 2.5,Lambda-cyhalothrin 2.5%w/v EC,The Erawan Agricultural Chemical,Aventine Limited,F2020-2374,Approved
E-T Cyper 10 EC,Cypermethrin 10% EC,"Shanghai E-Tong Chemical Co.,Ltd",Network Marketing Limited,F2019-2068,Approved
E-T Fate 75 SP,Acephate 75% SP,"Shanghai E-Tong Chemical Co.,Ltd","Yonta Myanmar Co.,Ltd.",F2019-2082,Approved
Evertin 1.8 EC,Abamectin 18g/l EC,Shandong Weifang Rainbow Chem,"Rainbow Agrosciences Co.,Ltd",F2020-2525,Approved
Evo Combi 24.7 SC,Lambda-cyhalothrin 10.6% + Thiamethoxam 14.1% SC,"Chrysalis Crop Pte.,Ltd.","Evogro Co.,Ltd.",F2020-2685,Approved
Evo Indisoil 4G,Cartap 4% G,"Chrysalis Crop Pte.,Ltd.","Evogro Co.,Ltd.",F2020-2689,Approved
Evo Seals 50 WP,Monosultap 50% WP,"Chrysalis Crop Pte.,Ltd.","Evogro Co.,Ltd.",F2020-2215,Approved
Fego 14.5 SC,Indoxacarb 14.5% SC,UPL Limited,Myanmar Arysta LifeScience,F2017-1308,Approved
Fenfos 500 EC,Profenofos 500g/l EC,Shandong Weifang Rainbow Chem,"Rainbow Agrosciences Co.,Ltd",F2020-2515,Approved
Fenkill 20% EC,Fenvalerate 20%w/v EC,UPL Limited,"Agro Power Co.,Ltd.",F2015-136,Approved
Ferogin,Fipronil 5% SC,UPL Limited,"Vanida Myanmar Co.,Ltd.",F2017-1275,Approved
Fezmet 40 EC,Dimethoate 40% EC,Zagro Chemicals Sdn.Bhd.,Zagro Myanmar Limited,F2016-1456,Approved
Fighter Plus 2.5 EC,Lambda-cyhalothrin 2.5% EC,ACI Formulations Limited.,Network Marketing Limited,F2018-1503,Approved
Final 5 SC,Fipronil 5% SC,"Syntech International Co.,Ltd.",Golden Lion High Tech Agric,F2018-1551,Approved
Fipro 3 GR,Fipronil 0.3% GR,"Agrinova Cropcare Pte.,Ltd.","Wi Sar Ra International Co.,Ltd",F2015-1039,Approved
Force 10 EC,Cypermethrin 10%w/v EC,"AgriGate CropSciences Pte.,Ltd.","Myanma Awba Group Co.,Ltd",FF2019-363,Approved
Force Super 2.5 EC,Lambda-Cyhalothrin 2.5% EC,"AgriGate CropSciences Pte.,Ltd.","Myanma Awba Group Co.,Ltd",F2015-1147,Approved
Forcythrin 10 EC,Cyfluthrin 10% EC,Forward (Beihai) Hepu Pesticide,"Forward (Myanmar) Co.,Ltd",F2014-1104,Approved
Forfen 20 EC,Fenvalerate 20% EC,Forward (Beihai) Hepu Pesticide,"Sim Sim Co.,Ltd.",FF2020-388,Approved
Forgen 50 SC,Fipronil 5%w/v SC,Forward International Ltd.,"Forward (Myanmar) Co.,Ltd",F2013-860,Approved
Forgen 800 WG,Fipronil 80%w/w WG,Forward International Ltd.,"Forward (Myanmar) Co.,Ltd",F2013-858,Approved
Forgon 40 EC,Dimethoate 40% EC,Forward (Beihai) Hepu Pesticide,"Sim Sim Co.,Ltd.",FF2019-310,Approved
Forlambda 2.5 EC,Lambda-Cyhalothrin 2.5% EC,Forward (Beihai) Hepu Pesticide,"Sim Sim Co.,Ltd.",FF2020-417,Approved
Formectin 1.8 EC,Abamectin 1.8%w/v EC,Forward International Ltd.,"Forward (Myanmar) Co.,Ltd",F2013-856,Approved
Formire 20 WP,Imidacloprid 20% WP,Forward (Beihai) Hepu Pesticide,"Sim Sim Co.,Ltd.",FF2020-794,Approved
Forphate 75 SP,Acephate 75%w/w SP,Forward International Ltd.,"Forward (Myanmar) Co.,Ltd",F2013-144,Approved
Forsan 60 EC,Phenthoate 60% EC,Forward (Beihai) Hepu Pesticide,"Sim Sim Co.,Ltd.",FF2020-418,Approved
Forsulfan 25 EC,Carbosulfan 25%w/v EC,Forward International Ltd.,"Forward (Myanmar) Co.,Ltd",F2013-854,Approved
Fortac 5 EC,Alpha-Cypermethin 5% EC,Forward (Beihai) Hepu Pesticide,"Sim Sim Co.,Ltd.",FF2020-387,Approved
Fortavin 37.5% SC,Thiodicarb 37.5% SC,Forward (Beihai) Hepu Pesticide,"Forward (Myanmar) Co.,Ltd",F2014-1105,Approved
Forwatap 50 SP,Cartap Hydrochloride 50%w/w SP,Forward (Beihai) Hepu Pesticide,"Sim Sim Co.,Ltd.",FF2020-424,Approved
Forzinon 10 G,Diazinon 10% G,Forward (Beihai) Hepu Pesticide,"Sim Sim Co.,Ltd.",FF2020-795,Approved
Fyfanon 50 % EC,Malathion 50% EC,"Cheminova Agro A/S, Denmark","Myanma Awba Group Co.,Ltd",FF2011-114,Approved
Gain 20 WP,Imidacloprid 20%w/w WP,Asiatic Agricultural Industries Pte.,"Farm Link Co.,Ltd.",F2017-1362,Approved
Gain 70 WP,Imidacloprid 70% WP,Asiatic Agricultural Industries Pte.,"Farm Link Co.,Ltd.",F2019-2164,Approved
GC Cartap 4 G,Cartap Hydrochloride 4% G,"Supernova Intertrade Pte.,Ltd.",Taung Paw Thar Yee Shinn,F2019-1971,Approved
GC Mida 10 WP,Imidacloprid 10% WP,"Supernova Intertrade Pte.,Ltd.",Taung Paw Thar Yee Shinn,F2019-1966,Approved
Gedacloprid 10 SL,Imidacloprid 10% SL,Jiangxi Zhengbang Crop Protection,Myanmar Shwe Thein Trading,F2019-2035,Approved
Gedacloprid 10 WP,Imidacloprid 10% WP,Jiangxi Zhengbang Crop Protection,Myanmar Shwe Thein Trading,F2019-2043,Approved
Gemethoate 40 EC,Dimethoate 40% EC,Jiangxi Zhengbang Crop Protection,Myanmar Shwe Thein Trading,F2019-2032,Approved
Gold Phos,Aluminium Phosphide 56% TB,Makro Chemical,"Golden Key Co.,Ltd.",F2016-1049,Approved
Golden Dragon 2.5 EC,Lambda Cyhalothrin 2.5% EC,"Agsin Pte.,Ltd.",Zagro Myanmar Limited,F2014-721,Approved
Golden Frog,Imidacloprid 10% WP,"Red Sun Co.,Ltd.","Golden Plain Co.,Ltd.",F2015-922,Approved
Golden Plain Abamectin,Abamectin 1.8% EC,"Hebei Veyong Bio-Chemical Co.,Ltd","Golden Plain Co.,Ltd.",F2015-1157,Approved
Golden Plain Imidacloprid,Imidacloprid 70% WP,Shandong United Pesticide Industry,"Golden Plain Co.,Ltd.",F2018-1653,Approved
Gong Wei 2.5% EC,Lambda-cyhalothrin 2.5% EC,Guangdong Liwei Chemical Industry,Myanmar Shwe Nagar Agriculture,F2016-1174,Approved
Hammer 1.8 EC,Abamectin 1.8% EC,"Syntech International Co.,Ltd.",Golden Lion High Tech Agric,F2011-741,Approved
Harvest Tablet,Aluminium Phosphide 56% Tb,Shenyang Harvest Agrochemical Co,Diamond Light International,F2015-927,Approved
Herole 240 SC,Chlorfenapyr 240g/l SC,Shandong Weifang Rainbow Chem,"Rainbow Agrosciences Co.,Ltd",F2020-2517,Approved
Hexthion 57 EC,Malathion 57% EC,Hextar Chemicals Sdn.Bhd.,"Tiger Dragon Co.,Ltd.",F2014-364,Approved
Hopperkill 50% EC,BPMC 50% EC,Zagro Chemicals Sdn. Bhd.,"Agsin Pte.,Ltd. (Rep. Office)",F2015-1227,Approved
Hot Shot 20 SL,Imidacloprid 20%w/w SL,Sulphur Mills Ltd.,Wah Wah Agricultural Chem,F2014-834,Approved
Hunter Cypermethrin10EC,Cypermethrin 10% EC,Flourish Axis Business Holding Pte,Myint Myat Agrochemical,F2015-883,Approved
Hunter Pro 50 EC,Profenofos 50% EC,Flourish Axis Business Holding Pte,Myint Myat Agrochemical,F2017-1196,Approved
Hunterate 40 EC,Dimethoate 40% EC,Flourish Axis Business Holding Pte,Myint Myat Agrochemical,F2015-879,Approved
Hunterlambda 2.5 EC,Lambda-cyhalothrin 2.5% EC,Flourish Axis Business Holding Pte,Myint Myat Agrochemical,F2015-882,Approved
Hunterphate 75 SP,Acephate 75% SP,Flourish Axis Business Holding Pte,Myint Myat Agrochemical,F2017-1203,Approved
Huntertap 50 WP,Cartap 50% WP,Flourish Axis Business Holding Pte,Myint Myat Agrochemical,F2015-881,Approved
Hypercype 25 EC,Cypermethrin 25% EC,"Myanma Pesticides Industry Co.,Ltd","Myanma Awba Group Co.,Ltd",F2017-1264,Approved
Icefate 75 SP,Acephate 75 % SP,Shandong Weifang Rainbow Chem,"Rainbow Agrosciences Co.,Ltd",F2020-2511,Approved
Icon 2.5 CS,Lambda-cyhalothrin 2.5% CS,Syngenta Crop Protection Ltd. (Th),"Myanma Awba Group Co.,Ltd",FF2020-386,Approved
Imida 10 WP,Imidacloprid 10% WP,"Nanjing Bestgreen Chemical Co.,Ltd","Seinn Ywetnu Co.,Ltd.",F2017-1111,Approved
Imidagold,Imidacloprid 17.8 SL,UPL Limited,"Vanida Myanmar Co.,Ltd.",F2017-1273,Approved
Incharge 20 SL,Imidacloprid 20% SL,"Syntech International Co.,Ltd.","AGT, Agro Tech Co.,Ltd.",F2018-1569,Approved
Incharge 70 WP,Imidacloprid 70% WP,"Syntech International Co.,Ltd.",Golden Lion High Tech Agric,F2018-1579,Approved
Incline 10 WP,Imidacloprid 10% WP,"Chrysalis Crop Pte.,Ltd.","Evogro Co.,Ltd.",F2018-1817,Approved
Inferno 10 WP,Imidacloprid 10% WP,"Syntech International Co.,Ltd.",Golden Lion High Tech Agric,F2011-742,Approved
Jacket,Abamectin B1 1.8% EC,"Agforepax Industries Co.,Ltd.","Min Mahaw Co.,Ltd.",FF2020-649,Approved
Jaguar 10 WP,Imidacloprid 10% WP,"AgriGate CropSciences Pte.,Ltd.","Myanma Awba Group Co.,Ltd",F2018-1341,Approved
Jaguar 20 WP,Imidacloprid 20% WP,"Optimus Agri-Tech Pte.,Ltd.","Myanmar Kaung Thu Kha Co.,Ltd",F2017-1339,Approved
Jaguar 70 WP,Imidacloprid 70% WP,"Optimus Agri-Tech Pte.,Ltd.","Myanmar Kaung Thu Kha Co.,Ltd",F2017-1340,Approved
K.4 Acephate 75 SP,Acephate 75% SP,"Zhejiang E-Tong Chemical Co.,Ltd.","Yonta Myanmar Co.,Ltd.",F2018-1490,Approved
K.4 Cyper 25 EC,Cypermethrin 25% EC,"Zhejiang E-Tong Chemical Co.,Ltd.","Yonta Myanmar Co.,Ltd.",F2017-1447,Approved
K.4 Feno 50 EC,Profenofos 50% EC,"Zhejiang E-Tong Chemical Co.,Ltd.","Anawrahta Production Co.,Ltd",F2017-1446,Approved
Karate 2.5 EC,Lambda-cyhalothrin 2.5% EC,Syngenta Crop Protection Ltd.,"Myanma Awba Group Co.,Ltd",FF2011-112,Approved
Kendo 50 SP,Cartap Hydrochloride 50% SP,Arysta LifeScience India Limited,Myanmar Arysta LifeScience,F2015-1249,Approved
Kenlamda 25 EC,Lambda-cyhalothrin 2.5%w/v EC,Kenso Corporation (M) Sdn.Bhd.,"Grand Agrocare Co.,Ltd.",F2020-2634,Approved
Killer 25 WDG,Thiamethoxam 25% WDG,"Agrinova Cropcare Pte.,Ltd.","Wi Sar Ra International Co.,Ltd",F2017-1444,Approved
Kimida 200 SL,Imidacloprid 20%w/v SL,Kenso Corporation (M) Sdn.Bhd.,"Grand Agrocare Co.,Ltd.",F2020-2633,Approved
KTK Acephate 75 SP,Acephate 75% SP,"Optimus Agri-Tech Pte.,Ltd.","Myanmar Kaung Thu Kha Co.,Ltd",F2015-1063,Approved
Kyan Kyaung 5 EC,Lambda-cyhalothrin 5% EC,Forward (Beihai) Hepu Pesticide,"Sim Sim Co.,Ltd.",F2017-1493,Approved
Lambada 2.5 EC,Lambda-cyhalothrin 2.5% EC,"Unochem Co.,Ltd.","Agro Bio Product Co.,Ltd.",F2015-831,Approved
Lancer 75 SP,Acephate 75% SP,United Phosphorus Ltd. India,Aventine Limited,F2012-842,Approved
Landa 2.5 EC,Lambda-cyhalothrin 2.5% EC,"Agrinova Cropcare Pte.,Ltd.","Wi Sar Ra International Co.,Ltd",F2015-1043,Approved
Landa 5 EC,Lambda-cyhalothrin 5% EC,"Agrinova Cropcare Pte.,Ltd.","Wi Sar Ra International Co.,Ltd",F2014-934,Approved
Lasso 50 EC,Lambda-cyhalothrin 50g/l EC,Shandong Weifang Rainbow Chem,"Rainbow Agrosciences Co.,Ltd",F2020-2494,Approved
Liberty 375 SC,Thiodicarb 375g/l SC,"AgriGate CropSciences Pte.,Ltd.","Myanma Awba Group Co.,Ltd",F2015-1140,Approved
Linn Yone,Lambda-cyhalothrin 5% ME,Shenzhen Noposion Agrochemical,Myanmar Wai Fung Agriculture,F2019-1920,Approved
Lucid 75 SP,Acephate 75% SP,Cheminova India Ltd.,"Myanma Awba Group Co.,Ltd",F2014-483,Approved
Macephate 75 SP,Acephate 75% SP,"Map Pacific Pte.,Ltd.",Aventine Limited,F2013-405,Approved
Macephate 97 SP TG,Acephate 97% TG,"Map Pacific Pte.,Ltd.","Map Pacific Co.,Ltd.",F2014-900,Approved
Magnum 247 SC,Lambda-cyhalothrin 106g/l + Thiamethoxam 141g/l SC,Zenith Crop Sciences Bulgaria Ltd.,"Buronos Private Co.,Ltd.",F2020-2468,Approved
Malamyaing 57% EC,Malathion 57%w/v EC,"Agsin Pte.,Ltd.","Agsin Pte.,Ltd. (Rep. Office)",F2016-492,Approved
Malanon 50 EC,Malathion 50% EC,Asiatic Agricultural Industries Pte.,"Farm Link Co.,Ltd.",F2011-321,Approved
Malanon 95 ULV,Malathion 950g/l TG ULV,Asiatic Agricultural Industries Pte.,"JJ-Pun Trading Co.,Ltd.",F2014-939,Approved
MALATE 73 EC,Malathion 730g/l EC,Saigon Plant Protection Joint Stock,Saigon Plant Protection Join,F2017-1248,Approved
Malphos 50% EC,Malathion 50% EC,UPL Limited,"Vanida Myanmar Co.,Ltd.",F2015-192,Approved
Map Alpha 10 EC,Alpha-Cypermethrin 10% EC,"Map Pacific Pte.,Ltd.","Map Pacific Co.,Ltd.",F2016-1122,Approved
Map Cyper 25 EC,Cypermethrin 25% EC,"Map Pacific Pte.,Ltd.","Map Pacific Co.,Ltd.",F2016-1120,Approved
Map Cyperfos 440 EC,Cypermethrin 4% + Profenofos 40% EC,"Map Pacific Pte.,Ltd.","Marga Min Co.,Ltd.",F2016-1129,Approved
MAP Cypermethrin 10 EC,Cypermethrin 10%w/v EC,"Map Pacific Pte.,Ltd.",Aventine Limited,FF2019-244,Approved
Map Go 40.4% SL,Emamectin Benzoate 0.4% + Monosultap 40% SL,"Map Pacific Pte.,Ltd.",Aventine Limited,F2016-1127,Approved
Map Jade 0.2% SL,NICOTINE 0.2% SL,"Map Pacific Pte.,Ltd.","Map Pacific Co.,Ltd.",F2017-1599,Approved
Map Jono 20 WP,Imidacloprid 20% WP,"Map Pacific Pte.,Ltd.","Map Pacific Co.,Ltd.",F2016-1121,Approved
Map Jono 5 EC,Imidacloprid 5% EC,"Map Pacific Pte.,Ltd.","Map Pacific Co.,Ltd.",F2016-1125,Approved
Map Lexus 5 SC,Fipronil 5% SC,"Map Pacific Pte.,Ltd.","Map Pacific Co.,Ltd.",F2016-1124,Approved
Map LG Super 8% SL,Lemon Grass 5% + Orange Oil 3% SL,"Map Pacific Pte.,Ltd.","Map Pacific Co.,Ltd.",F2016-1128,Approved
Map MC 10 WP,Lambda-cyhalothrin 10% WP,"Map Pacific Pte.,Ltd.","Aka Yarzar Co.,Ltd.",F2016-1126,Approved
MAP Mitten 1.8 EC,Abamectin 1.8% EC,"Map Pacific Pte.,Ltd.",Agro Green Land Chemical,F2013-898,Approved
MAP Pan 10 G,Cartap Hydrochloride 10% G,"Map Pacific Pte.,Ltd.","Map Pacific Co.,Ltd.",F2014-896,Approved
MAP Pargo 23% SL,Saponin 23% + Quercetin 0.038%w/w SL,"Map Pacific Pte.,Ltd.","Map Pacific Co.,Ltd.",F2018-1406,Approved
Marlarmyaing Cyper 10% EC,Cypermethrin 10% EC,"Mountain Peak Cropcare Pte.,Ltd.",Marlarmyaing Public Company,F2017-1348,Approved
Marshal 20 EC,Carbosulfan 20% EC,FMC Corporation,"Arysta Agro Co.,Ltd.",FF2021-059,Approved
M-Bamectin 1.8% EC,Abamectin 1.8% EC,"Myanma Pesticides Industry Co.,Ltd",Marlarmyaing Public Company,F2016-1089,Approved
M-Carbaryl 85 WP,Carbaryl 85% WP,"Mountain Peak Cropcare Pte.,Ltd.",Marlarmyaing Public Company,F2020-2392,Approved
M-Cartap 50 SP,Cartap Hydrochloride 50% SP,"Mountain Peak Cropcare Pte.,Ltd.",Marlarmyaing Public Company,F2019-2025,Approved
M-Cyper 10% EC,Cypermethrin 10% EC,"Myanma Pesticides Industry Co.,Ltd",Marlarmyaing Public Company,F2016-1298,Approved
Media 10 SL,Imidacloprid 10% SL,"Unochem Co.,Ltd.","Agro Bio Product Co.,Ltd.",F2016-830,Approved
Mega Acephate,Acephate 75% SP,Makro Chemical,"Mega Grow International Co.,Ltd",F2016-1302,Approved
Mega Bonsi,Acetamiprid 10% + Beta-Cypermethrin 5% WP,Makro Chemical,"Mega Grow International Co.,Ltd",F2018-1481,Approved
Mega City,Cartap Hydrochloride 50% SP,"MAC Chem (Asia) Co.,Ltd.","Mega Grow International Co.,Ltd",F2016-1046,Approved
Mega Mountain 17.5 WP,Imidacloprid 2.5% + Pyridaben 15% WP,"MAC Chem (Asia) Co.,Ltd.","Mega Grow International Co.,Ltd",F2018-1484,Approved
Mega Nicole,Cypermethrin 2.5% + Imidacloprid 5% EC,"MAC Chem (Asia) Co.,Ltd.","Mega Grow International Co.,Ltd",F2018-1482,Approved
Mega Poe Kinn,Abamectin 1.8% EC,"MAC Chem (Asia) Co.,Ltd.","Mega Grow International Co.,Ltd",F2016-1078,Approved
Mega Shwe Yaung,Profenofos 50% EC,"MAC Chem (Asia) Co.,Ltd.","Mega Grow International Co.,Ltd",F2016-1070,Approved
Megatap 50 SP,Cartap Hydrochloride 50% SP,"Zagro Singapore Pte.,Ltd.",Zagro Myanmar Limited,F2019-2001,Approved
Mine 375 SC,Thiodicarb 37.5% SC,"Agrinova Cropcare Pte.,Ltd.","Wi Sar Ra International Co.,Ltd",F2015-1040,Approved
Missile 2.5 EC,Lambda-Cyhalothrin 2.5% EC,"Optimus Agri-Tech Pte.,Ltd.","Myanmar Kaung Thu Kha Co.,Ltd",F2017-1411,Approved
Mitac 20% EC,Amitraz 20% EC,Arysta LifeScience Corporation,Myanmar Arysta LifeScience,F2013-508,Approved
M-Lambda 2.5 EC,Lambda-cyhalothrin 2.5% EC,"Mountain Peak Cropcare Pte.,Ltd.",Marlarmyaing Public Company,F2020-2399,Approved
M-Mida 20 WP,Imidacloprid 20% WP,"Mountain Peak Cropcare Pte.,Ltd.",Marlarmyaing Public Company,F2018-1641,Approved
M-Mida 70 WP,Imidacloprid 70% WP,"Mountain Peak Cropcare Pte.,Ltd.",Marlarmyaing Public Company,F2018-1642,Approved
Monster 40 EC,Acephate 40% EC,Dienban Bio Agrochemical Corpor,Dienban Bio.Agrochemical,F2014-846,Approved
Mospilan 20 SP,Acetamiprid 20% SP,"Nippon Soda Co.,Ltd.",Myanmar Arysta LifeScience,F2018-169,Approved
M-Phate 75% SP,Acephate 75% SP,"Myanma Pesticides Industry Co.,Ltd",Marlarmyaing Public Company,F2016-1085,Approved
M-Thiocarb 37.5 SC,Thiodicarb 37.5% SC,"Mountain Peak Cropcare Pte.,Ltd.",Marlarmyaing Public Company,F2020-2394,Approved
MTI-446(Oshin) 20% SG,Dinotefuran 20% SG,Mitsui Chemicals Agro Inc.,"Sumitomo Corporation Co.,Ltd",F2012-555,Approved
MTI-446(Oshin) 20% WP,Dinotefuran 20% WP,Mitsui Chemicals Agro Inc.,"Sumitomo Corporation Co.,Ltd",F2012-553,Approved
NAB-Cartap,Cartap 50% SP,Zibo NAB Agrochemicals Limited,"Topagri Myanmar Co.,Ltd.",F2020-2302,Approved
NAB-Elam 15 WP,Emamectin Benzoate 5% + Lambda-cyhalothrin 10% WP,Zibo NAB Agrochemicals Limited,"Topagri Myanmar Co.,Ltd.",F2020-2301,Approved
NAB-Fire 10 EC,Cypermethrin 10% EC,Zibo NAB Agrochemicals Limited,"Topagri Myanmar Co.,Ltd.",F2019-1941,Approved
NAB-Gong Fu 2.5 EC,Lambda-cyhalothrin 2.5% EC,Zibo NAB Agrochemicals Limited,"Topagri Myanmar Co.,Ltd.",F2019-1952,Approved
NAB-Killer 75 SP,Acephate 75% SP,Zibo NAB Agrochemicals Limited,"Topagri Myanmar Co.,Ltd.",F2019-1955,Approved
NAB-Mida 20 WP,Imidacloprid 20% WP,Zibo NAB Agrochemicals Limited,"Topagri Myanmar Co.,Ltd.",F2019-1945,Approved
NAB-Top 25 EC,Cypermethrin 25% EC,Zibo NAB Agrochemicals Limited,"Topagri Myanmar Co.,Ltd.",F2019-1944,Approved
Nagarjuna Cyper-10,Cypermethrin 10% EC,NACL Industries Limited,Marlarmyaing Public Company,F2019-2055,Approved
Noposion Abamectin 1.8%,Abamectin 1.8% EC,Shenzhen Noposion Agrochemical,Myanmar Wai Fung Agriculture,F2020-2729,Approved
Noposion Acetamiprid 20%,Acetamiprid 20% SP,Shenzhen Noposion Agrochemical,Myanmar Wai Fung Agriculture,F2019-1932,Approved
Noposion Imida 70% WG,Imidacloprid 70% WG,Shenzhen Noposion Agrochemical,Myanmar Wai Fung Agriculture,F2019-1937,Approved
Optima 75 SP,Acephate 75%w/w SP,Asiatic Agricultural Industries Pte.,"Farm Link Co.,Ltd.",F2017-1358,Approved
Palisade 20 SL,Imidacloprid 20% SL,Hextar Chemicals Sdn.Bhd.,"Tiger Dragon Co.,Ltd.",F2014-851,Approved
Palit 10% SC,Chlorfenapyr 10% SC,"BASF SE, Germany",Aventine Limited,F2016-520,Approved
Panmethoate 40 EC,Dimethoate 40% EC,"Unochem Co.,Ltd.","Agro Bio Product Co.,Ltd.",F2017-558,Approved
Panphate 75% SP,Acephate 75% SP,"Unochem Co.,Ltd.","Agro Bio Product Co.,Ltd.",F2015-816,Approved
Pantap 50 SP,Cartap Hydrochloride 50% SP,"Unochem Co.,Ltd.","Agro Bio Product Co.,Ltd.",F2016-798,Approved
Pesfolin Granular,Temephos 1.1% G,Behn Meyer AgCare LLP,"Agri First Co.,Ltd.",F2014-945,Approved
Phos Gate 560 Tablet,Aluminium Phosphide 56% Tablet,"AgriGate CropSciences Pte.,Ltd.","Myanma Awba Group Co.,Ltd",F2014-911,Approved
Picador 20 SL,Imidacloprid 20% SL,Zenith Crop Sciences Bulgaria Ltd.,"Buronos Private Co.,Ltd.",F2019-2137,Approved
Pilarcyper,Cypermethrin 10% EC,"Pilarquim (Shanghai) Co.,Ltd.","Marga Min Co.,Ltd.",F2015-512,Approved
Pilarking,Imidacloprid 70% WP,"Pilarquim (Shanghai) Co.,Ltd.","Marga Min Co.,Ltd.",F2018-1535,Approved
Pilarking,Imidacloprid 20% SL,"Pilarquim (Shanghai) Co.,Ltd.","Marga Min Co.,Ltd.",F2015-950,Approved
Pilarmax,Dimethoate 40% EC,"Pilarquim (Shanghai) Co.,Ltd.","Marga Min Co.,Ltd.",F2015-607,Approved
Pilarmda,Lambda-cyhalothrin 2.5% EC,"Pilarquim (Shanghai) Co.,Ltd.","Marga Min Co.,Ltd.",F2015-606,Approved
Pilarmectin 1.8% EC,Abamectin 1.8% EC,"Pilarquim (Shanghai) Co.,Ltd.","Marga Min Co.,Ltd.",F2016-1185,Approved
Pilarphos 50EC,Profenofos 50% EC,"Pilarquim (Shanghai) Co.,Ltd.","Marga Min Co.,Ltd.",F2015-954,Approved
Pilarthene,Acephate 75% SP,"Pilarquim (Shanghai) Co.,Ltd.","Marga Min Co.,Ltd.",F2015-596,Approved
Pilarvin,Carbaryl 85% WP,"Pilarquim (Shanghai) Co.,Ltd.","Marga Min Co.,Ltd.",F2015-513,Approved
Poe That Sayar,Emamectin Benzoate 5% ME,Shenzhen Noposion Agrochemical,Myanmar Wai Fung Agriculture,F2019-1934,Approved
Popok 10 EC,Cypermethrin 10% EC,"Chia Tai Co.,Ltd.",Charoen Pokphand Produce,F2015-346,Approved
Porselen 5 SG,Emamectin Benzoate 5% SG,Shandong Weifang Rainbow Chem,"Rainbow Agrosciences Co.,Ltd",F2020-2507,Approved
Powercyper,Cypermethrin 35% EC,The Erawan Agricultural Chemical,"Ngwe Lat Warr Co.,Ltd.",F2019-2092,Approved
Powermectin,Abamectin 1.8% EC,The Erawan Agricultural Chemical,"Ngwe Lat Warr Co.,Ltd.",F2019-2090,Approved
Precise 50 EC,Profenofos 500g/l EC,Asiatic Agricultural Industries Pte.,"Farm Link Co.,Ltd.",F2017-1363,Approved
Premise 200 SC,Imidacloprid 20% SC,Bayer AG,"Bayer Thai Co., Ltd (Myanmar)",F2017-1606,Approved
Proclaim 019 EC,Emamectin Benzoate 1.92% EC,Syngenta Crop Protection Ltd. (Th),"Myanma Awba Group Co.,Ltd",F2019-2143,Approved
Properthrin,Cypermethrin 4% + Profenofos 40% EC,Behn Meyer AgCare LLP,"Agri First Co.,Ltd.",F2014-946,Approved
Prosent 5 SC,Fipronil 5% SC,"Agrinova Cropcare Pte.,Ltd.","Wi Sar Ra International Co.,Ltd",F2017-1442,Approved
Protec 5 EC,Alpha-Cypermethin 5% EC,"Sims Agrow Chem Co.,Ltd.","Agro Bio Product Co.,Ltd.",F2015-807,Approved
Protect Total,Azamethiphos 1% GB,Asiatic Agricultural Industries Pte.,"JJ-Pun Trading Co.,Ltd.",F2019-1879,Approved
Provado 70 WG,Imidacloprid 70% WG,Bayer AG,"Myanma Golden Farm Co.,Ltd",F2013-852,Approved
Pulsar,Lambda-cyhalothrin 5 EC,UPL Limited,"Vanida Myanmar Co.,Ltd.",F2017-1274,Approved
Punisx 10% EC,Cypermethrin 10%w/v EC,"Agsin Pte.,Ltd.",Zagro Myanmar Limited,F2014-324,Approved
Punto Xtra 70 WG,Imidacloprid 70% WG,Shandong Weifang Rainbow Chem,"Rainbow Agrosciences Co.,Ltd",F2020-2514,Approved
Quickphos,Aluminium Phosphide 56% Tablet,UPL Limited,"Myanma Awba Group Co.,Ltd",F2015-135,Approved
Rainbonil 200 SC,Fipronil 200g/l SC,Shandong Weifang Rainbow Chem,"Rainbow Agrosciences Co.,Ltd",F2020-2520,Approved
Rainbonil Pro 80 WG,Fipronil 80% WG,Shandong Weifang Rainbow Chem,"Rainbow Agrosciences Co.,Ltd",F2020-2521,Approved
Raintap 50 SP,Cartap 50% SP,Shandong Weifang Rainbow Chem,"Rainbow Agrosciences Co.,Ltd",F2020-2528,Approved
Raintap 95 SP,Cartap 95% SP,Shandong Weifang Rainbow Chem,"Rainbow Agrosciences Co.,Ltd",F2020-2516,Approved
Razor 24.7 SC,Lambda-cyhalothrin 10.6% + Thiamethoxam 14.1% SC,"AgriGate CropSciences Pte.,Ltd.","Myanma Awba Group Co.,Ltd",F2017-1522,Approved
REALLY 15 EC,Emamectin benzoate 5% + Lambda-cyhalothrin 10% EC,"Agrinova Cropcare Pte.,Ltd.","Wi Sar Ra International Co.,Ltd",F2020-2405,Approved
Rebel 85 WP,Carbaryl 85% WP,"Agsin Pte.,Ltd.",Zagro Myanmar Limited,F2011-723,Approved
Red Spider 20 EC,Fenpropathrin 20% EC,Makro Chemical,"Golden Key Co.,Ltd.",F2016-1052,Approved
Regency 5 SC,Fipronil 5% SC,"Agsin Pte.,Ltd.","Agsin Pte.,Ltd. (Rep. Office)",F2016-1095,Approved
Regent 3 GR,Fipronil 0.3%w/w GR,"BASF South-East Asia Pte.,Ltd.",Golden Lion High Tech Agric,F2016-356,Approved
Rich Cyflu 5.7% EC,Cyfluthrin 5.7% EC,"Jiangsu Yangnong Chemical Co.,Ltd",MSR Green Corporation (S),F2014-902,Approved
Rich Cyflu TG,Cyfluthrin 92% TG,"Jiangsu Yangnong Chemical Co.,Ltd",MSR Green Corporation (S),F2012-801,Approved
Rocket 1.8 EC,Abamectin 1.8% EC,"Agrinova Cropcare Pte.,Ltd.","Wi Sar Ra International Co.,Ltd",FF2021-766,Approved
Rockot Extra 25 WG,Thiamethoxam 25% WG,Shandong Weifang Rainbow Chem,"Rainbow Agrosciences Co.,Ltd",F2020-2522,Approved
Sapen Alpha 5 EC,Alpha-Cypermethin 5% EC,Saigon Plant Protection Joint Stock,"Shwe Dar Co.,Ltd.",F2015-824,Approved
SECSAIGON 50 EC,Cypermethrin 50%w/w EC,Saigon Plant Protection Joint Stock,"Golden Rocket Co.,Ltd.",F2017-878,Approved
Seinn Ranger,Abamectin 1.8%w/v EC,"Nanjing Bestgreen Chemical Co.,Ltd","Seinn Ywetnu Co.,Ltd.",F2017-1112,Approved
SELECT PLUS,Lambda-Cyhalothrin 30g/l + Profenofos 300g/l EC,Asiatic Agricultural Industries Pte.,"Farm Link Co.,Ltd.",F2018-1597,Approved
Sevin 85 WP,Carbaryl 850g/kg WP,"Tessenderlo Kerley,Inc:","Tessenderlo Kerley,Inc:",F2013-349,Approved
Shaolin 2.5 EC,Lambda-cyhalothrin 2.5% EC,"Syntech International Co.,Ltd.",Golden Lion High Tech Agric,F2011-744,Approved
Shenphos,Aluminium Phosphide 56%w/v,Forward International Ltd.,"Forward (Myanmar) Co.,Ltd",F2013-145,Approved
Sheriff 20 EC,Carbosulfan 20% EC,"Zagro Singapore Pte.,Ltd.","Agsin Pte.,Ltd. (Rep. Office)",F2017-1545,Approved
Shincyper 10 EW,Cypermethrin 10%w/w EW,Sinon Corporation,CTUM General Business Pub,F2016-661,Approved
Shincyper 10% EC,Cypermethrin 10% EC,Sinon Corporation,CTUM General Business Pub,F2016-361,Approved
Shoalin Tri 3.5% EW,Lambda-cyhalothrin 3.5% EW,"Syntech International Co.,Ltd.",Golden Lion High Tech Agric,F2018-1774,Approved
Shwe Chloprid 10% WP,Imidacloprid 10% WP,Jianxi Nongoa Crop-Protection Co,"Myanmar Golden Crop Co.,Ltd",F2015-978,Approved
SHWE DATHRIN,Bifenthrin 10% + Imidacloprid 10% FS,Makro Chemical,"Golden Key Co.,Ltd.",F2018-1483,Approved
Shwe Fluda 10 EC,Cyfluthrin 2.5% + Imidacloprid 7.5% EC,Makro Chemical,"Golden Key Co.,Ltd.",F2018-1758,Approved
Shwe Macclo,Imidacloprid 35% SC,Makro Chemical,"Golden Key Co.,Ltd.",F2016-1051,Approved
Shwe Mectin,Abamectin 1.8% EC,Makro Chemical,"Golden Key Co.,Ltd.",F2016-1045,Approved
Shwe Mectin 1.8% EC,Abamectin 1.8% EC,"Gui Zhou Guioh Technology Co.,Ltd","Myanmar Golden Crop Co.,Ltd",F2015-972,Approved
Shwe Mida,Imidacloprid 25% WP,Makro Chemical,"Golden Key Co.,Ltd.",F2016-1050,Approved
Rich Cyflu TG,Cyfluthrin 92% TG,"Jiangsu Yangnong Chemical Co.,Ltd",MSR Green Corporation (S),F2012-801,Approved
Rocket 1.8 EC,Abamectin 1.8% EC,"Agrinova Cropcare Pte.,Ltd.","Wi Sar Ra International Co.,Ltd",FF2021-766,Approved
Rockot Extra 25 WG,Thiamethoxam 25% WG,Shandong Weifang Rainbow Chem,"Rainbow Agrosciences Co.,Ltd",F2020-2522,Approved
Sapen Alpha 5 EC,Alpha-Cypermethin 5% EC,Saigon Plant Protection Joint Stock,"Shwe Dar Co.,Ltd.",F2015-824,Approved
SECSAIGON 50 EC,Cypermethrin 50%w/w EC,Saigon Plant Protection Joint Stock,"Golden Rocket Co.,Ltd.",F2017-878,Approved
Seinn Ranger,Abamectin 1.8%w/v EC,"Nanjing Bestgreen Chemical Co.,Ltd","Seinn Ywetnu Co.,Ltd.",F2017-1112,Approved
SELECT PLUS,Lambda-Cyhalothrin 30g/l + Profenofos 300g/l EC,Asiatic Agricultural Industries Pte.,"Farm Link Co.,Ltd.",F2018-1597,Approved
Sevin 85 WP,Carbaryl 850g/kg WP,"Tessenderlo Kerley,Inc:","Tessenderlo Kerley,Inc:",F2013-349,Approved
Shaolin 2.5 EC,Lambda-cyhalothrin 2.5% EC,"Syntech International Co.,Ltd.",Golden Lion High Tech Agric,F2011-744,Approved
Shenphos,Aluminium Phosphide 56%w/v,Forward International Ltd.,"Forward (Myanmar) Co.,Ltd",F2013-145,Approved
Sheriff 20 EC,Carbosulfan 20% EC,"Zagro Singapore Pte.,Ltd.","Agsin Pte.,Ltd. (Rep. Office)",F2017-1545,Approved
Shincyper 10 EW,Cypermethrin 10%w/w EW,Sinon Corporation,CTUM General Business Pub,F2016-661,Approved
Shincyper 10% EC,Cypermethrin 10% EC,Sinon Corporation,CTUM General Business Pub,F2016-361,Approved
Shoalin Tri 3.5% EW,Lambda-cyhalothrin 3.5% EW,"Syntech International Co.,Ltd.",Golden Lion High Tech Agric,F2018-1774,Approved
Shwe Chloprid 10% WP,Imidacloprid 10% WP,Jianxi Nongoa Crop-Protection Co,"Myanmar Golden Crop Co.,Ltd",F2015-978,Approved
SHWE DATHRIN,Bifenthrin 10% + Imidacloprid 10% FS,Makro Chemical,"Golden Key Co.,Ltd.",F2018-1483,Approved
Shwe Fluda 10 EC,Cyfluthrin 2.5% + Imidacloprid 7.5% EC,Makro Chemical,"Golden Key Co.,Ltd.",F2018-1758,Approved
Shwe Macclo,Imidacloprid 35% SC,Makro Chemical,"Golden Key Co.,Ltd.",F2016-1051,Approved
Shwe Mectin,Abamectin 1.8% EC,Makro Chemical,"Golden Key Co.,Ltd.",F2016-1045,Approved
Shwe Mectin 1.8% EC,Abamectin 1.8% EC,"Gui Zhou Guioh Technology Co.,Ltd","Myanmar Golden Crop Co.,Ltd",F2015-972,Approved
Shwe Mida,Imidacloprid 25% WP,Makro Chemical,"Golden Key Co.,Ltd.",F2016-1050,Approved
Shwe Mida 70 WP,Imidacloprid 70% WP,Makro Chemical,"Golden Key Co.,Ltd.",F2018-1669,Approved
Shwe Nary 85% WP,Carbaryl 85% WP,"Haili Guixi Chemical Pesticide Co.,","Myanmar Golden Crop Co.,Ltd",F2015-977,Approved
Shwe Nofos,Profenofos 50% EC,Makro Chemical,"Golden Key Co.,Ltd.",F2016-1048,Approved
Shwe Seeta,Acetamiprid 1.8% EC,Makro Chemical,"Golden Key Co.,Ltd.",F2016-1060,Approved
Shwe Sunmer 10 EW,Cypermethrin 10% EW,Makro Chemical,"Golden Key Co.,Ltd.",F2018-1670,Approved
Shwe Target,Acetamiprid 20% + Lambda-cyhalothrin 5% WP,Makro Chemical,"Golden Key Co.,Ltd.",F2019-2023,Approved
Shwe Thoate 40 EC,Dimethoate 40% EC,Hunan Haitichangde Pesticide & C,"Myanmar Golden Crop Co.,Ltd",F2015-975,Approved
Silar 25 WP,Acetamiprid 20% + Lambda-cyhalothrin 5% WP,"Agrinova CropCare Pte.,Ltd.","Wi Sar Ra International Co.,Ltd.",F2019-1999,Approved
Sin Cyper 10% EC,Cypermethrin 10% EC,"Thaion Chemical Co.,Ltd.",Rise Trade International Co.,F2017-1353,Approved
Sin Mectin 1.8% EC,Abamectin 1.8% EC,"Thaion Chemical Co.,Ltd.",Rise Trade International Co.,F2017-1352,Approved
Sinfenophos,Profenofos 430g/l EC,Sinon Corporation,CTUM General Business Pub,F2016-537,Approved
Sinfidor(1)10 SL,Imidacloprid 10%w/v SL,Sinon Corporation,CTUM General Business Pub,F2016-659,Approved
Sinfidor(2)20 SL,Imidacloprid 20%w/v SL,Sinon Corporation,CTUM General Business Pub,F2014-658,Approved
Sino-Benzo,Emamectin Benzoate 5% + Lambda-cyhalothrin 10% WP,"Sino-Agri Leading Biosciences Co.,","Anawrahta Production Co.,Ltd",F2020-2604,Approved
Sino-Dicarb,Thiodicarb 375 SC,"Sino-Agri Leading Biosciences Co.,","Anawrahta Production Co.,Ltd",F2020-2614,Approved
Sino-Prid,Imidacloprid 70% WP,"Sino-Agri Leading Biosciences Co.,","Anawrahta Production Co.,Ltd",F2020-2613,Approved
Sinthion 50 EC,Fenthion 50%w/v EC,Sinon Corporation,CTUM General Business Pub,F2016-541,Approved
Sodead 2.5 EC,Lambda-Cyhalothrin 2.5% EC,Makro Chemical,Makro Chemical,F2013-867,Approved
S-Phate 75 SP,Acephate 75% SP,"Agrinova CropCare Pte.,Ltd.","Wi Sar Ra International Co.,Ltd.",F2015-1138,Approved
S-phos 560,Aluminium Phosphide 56% TB,"Agrinova CropCare Pte.,Ltd.","Wi Sar Ra International Co.,Ltd.",F2017-1440,Approved
Spot 800 WG,Thiodicarb 80% WG,"Agrinova CropCare Pte.,Ltd.","Wi Sar Ra International Co.,Ltd.",F2015-1291,Approved
STA 1.8% EC,Abamectin 1.8%w/v EC,Asiatic Agricultural Industries Pte.,"Farm Link Co.,Ltd.",F2017-1360,Approved
Stinger 40 EC,Dimethoate 40% EC,"Sundat (S) Pte.,Ltd. Singapore","Golden Key Co.,Ltd.",FF2021-127,Approved
Sucthion 40 EC,Dimethoate 40% EC,Behn Meyer AgCare LLP,"Agri First Co.,Ltd.",F2014-947,Approved
SUITABLE,Cypermethrin 40g/l + Profenofos 400g/l EC,Asiatic Agricultural Industries Pte.,"Aka Yarzar Co.,Ltd.",F2018-1594,Approved
Sum 105 WDG,Emamectin Benzoate 5% + Lambda-cyhalothrin 10% WDG,"Syntech International Co.,Ltd.",Golden Lion High Tech Agric,F2018-1788,Approved
Sumithion 50 EC,Fenitrothion 50% EC,"Sumitomo Chemical Co.,Ltd.","Bentz Jaz Myanmar Co.,Ltd.",F2009-002,Approved
Sumithion L-40-S,Fenitrothion 40% + Tetramethrin 1%,"Sumitomo Chemical Co.,Ltd.","Bentz Jaz Myanmar Co.,Ltd.",F2012-040,Approved
Sun Nil 5 SC,Fipronil 5% SC,"Sundat (S) Pte.,Ltd. Singapore",Sundat Myanmar Company,F2016-1071,Approved
Sun Traz 20 EC,Amitraz 20% EC,"Sundat (S) Pte.,Ltd. Singapore",Sundat Myanmar Company,F2016-1069,Approved
Suncloprid 25 WP,Imidacloprid 25% WP,"Sundat (S) Pte.,Ltd. Singapore","Golden Key Co.,Ltd.",F2016-1072,Approved
Suncloprid 35 SC,Imidacloprid 35% SC,"Sundat (S) Pte.,Ltd. Singapore","Golden Key Co.,Ltd.",F2013-868,Approved
Sunfan 20% EC,Carbosulfan 20% EC,"Sundat (S) Pte.,Ltd. Singapore",Sundat Myanmar Company,FF2021-754,Approved
Sunmerin 10% EC,Cypermethrin 10% EC,"Sundat (S) Pte.,Ltd. Singapore",Sundat Myanmar Company,FF2021-126,Approved
Sunmerin 25% EC,Cypermethrin 25% EC,"Sundat (S) Pte.,Ltd. Singapore","Golden Key Co.,Ltd.",F2013-869,Approved
Sunstoxin 56 TB,Aluminium Phosphide 56% Tablet,"Sundat (S) Pte.,Ltd. Singapore",Sundat Myanmar Company,F2016-1079,Approved
Suntap 50 SP,Cartap 50%w/w SP,"Sundat (S) Pte.,Ltd. Singapore",Sundat Myanmar Company,FF2019-267,Approved
SUPER PLUS 280 EC,Cypermethrin 30g/l + Dimethoate 250g/l EC,Asiatic Agricultural Industries Pte.,Asiatic Agricultural Industrie,F2018-1593,Approved
Super Sharp 10 EC,Cypermethrin 10% EC,"Yingdee Intertrade Co.,Ltd.","Yupa Dagon Trading Co.,Ltd",F2011-669,Approved
Talic Super Dust,Permethrin 3g/kg + Pirimiphos-Methyl 16g/kg Dust,Asiatic Agricultural Industries Pte.,"Aka Yarzar Co.,Ltd.",F2019-1881,Approved
Tar Mi Nay Tar,Acetamiprid 200g/l SL,Shenzhen Noposion Agrochemical,"Htet Thiha Naing Co.,Ltd.",F2020-2734,Approved
Termiguard 200 SC,Imidacloprid 20% SC,"Mountain Peak Cropcare Pte.,Ltd.",Marlarmyaing Public Compa,F2020-2397,Approved
Thein Cartap,Cartap Hydrochloride 50%w/w SP,Jiangxi Zhengbang Crop Protectior,Myanmar Shwe Thein Tradi,F2019-2031,Approved
Thein Lambda 2.5 EC,Lambda-cyhalothrin 25g/l EC,Jiangxi Zhengbang Crop Protectior,Myanmar Shwe Thein Tradi,F2019-2044,Approved
Thein Power,Imidacloprid 70% WP,Jiangxi Zhengbang Crop Protectior,Myanmar Shwe Thein Tradi,F2019-2036,Approved
Thunder 250 EC,Cypermethrin 25% EC,"AgriGate CropSciences Pte.,Ltd.","Myanma Awba Group Co.,Lt",F2014-586,Approved
Tiger 35,Cypermethrin 35% EC,Universal Agro Company Limited,"Seven Tigers Trading Co.,Ltd",F2018-1208,Approved
Tokuthion 500 EC,Prothiofos 50% EC,Arysta LifeScience Corporation,Myanmar Arysta LifeScience,F2013-487,Approved
Top Fighter 5 SC,Fipronil 5% SC,Kaifeng World High-Section Chem,Myanma Shwe Nagar Agricu,F2020-2746,Approved
Top Ten 4.5 EC,Beta-Cypermethrin 4.5% EC,"Grade Laojun Chemical Co.,Ltd.",SIL International Company,F2019-2115,Approved
Tornado 10 EC,Cyfluthrin 10% EC,Makro Chemical,"Golden Key Co.,Ltd.",F2018-1757,Approved
Torpedo 3 GR,Fipronil 0.3% GR,"AgriGate CropSciences Pte.,Ltd.","Myanma Awba Group Co.,Lt",F2014-916,Approved
Torpedo 50 SC,Fipronil 5% SC,"AgriGate CropSciences Pte.,Ltd.","Myanma Awba Group Co.,Lt",F2014-915,Approved
TRAZEC 20 EC,Amitraz 20g/l EC,Asiatic Agricultural Industries Pte.,Asiatic Agricultural Industrie,F2018-1556,Approved
Trebon 10 EC,Ethofenprox 10% EC,Mitsui Chemicals Agro Inc.,"Sumitomo Corporation Co.,",FF2012-031,Approved
Trounce 40% EC,Dimethoate 40%w/w EC,"Agsin Pte.,Ltd.","Agsin Pte.,Ltd. (Rep. Office)",F2014-308,Approved
Ultratap 50 SP,Cartap Hydrochloride 50% SP,"Agsin Pte.,Ltd.",Zagro Myanmar Limited,F2011-732,Approved
Uni-Cart 50 SP,Cartap-Hydrochloride 50% SP,Union-Agrochem Crop Protection,"Marga Min Co.,Ltd.",F2019-2122,Approved
Unicide 10 EC,Cypermethrin 10% EC,Zagro Chemicals Sdn. Bhd.,"Agsin Pte.,Ltd. (Rep. Office)",F2016-1454,Approved
Uno 1.8% EC,Abamectin 1.8% EC,"Unochem Co.,Ltd.","Agro Bio Product Co.,Ltd.",F2012-788,Approved
Ustaad,Cypermethrin 10 % EC,UPL Limited,"Myanma Awba Group Co.,Lt",F2015-137,Approved
Vajra,Lambda-cyhalothrin 2.5% EC,UPL Limited,"Agro Power Co.,Ltd.",F2017-1271,Approved
VANTAGE 56%,Aluminium Phosphide 56% Tablet,Asiatic Agricultural Industries Pte.,"Marga Min Co.,Ltd.",F2018-1589,Approved
Vector 1% SG,Temephos 1% SG,Zagro Asia Limited,Zagro Myanmar Limited,F2010-495,Approved
Vifenva 20 EC,Fenvalerate 20% (w/w),"Vietnam Pesticide Co.,Ltd.",Myint Myat Agrochemical E,F2015-676,Approved
Visan 50 EC,Phenthoate 50% EC,Asiatic Agricultural Industries Pte.,"Farm Link Co.,Ltd.",F2011-428,Approved
Visher 10 EC,Cypermethrin 10% EC,"Vietnam Pesticide Co.,Ltd.",Myint Myat Agrochemical E,F2015-675,Approved
Vitabaryl 85 WP,Carbaryl 85% WP,Asiatic Agricultural Industries Pte.,"Farm Link Co.,Ltd.",F2014-497,Approved
Vitagro 50 EC,BPMC (Fenobucarb 50% EC),Asiatic Agricultural Industries Pte.,"Farm Link Co.,Ltd.",F2014-499,Approved
Vitamethrin 10 EC,Cypermethrin 10% EC,Asiatic Agricultural Industries Pte.,"Farm Link Co.,Ltd.",FF2019-160,Approved
Vitoate 40 EC,Dimethoate 40% EC,Asiatic Agricultural Industries Pte.,"Farm Link Co.,Ltd.",FF2020-381,Approved
Wazary 10 FL,Fenvalerate 10% FL,"Sumitomo Chemical Co.,Ltd.","Bentz Jaz Myanmar Co.,Ltd.",F2012-443,Approved
Weilishi 40 EC,Dimethoate 40% EC,"Jiangsu Tenglong Biological Co.,Ltd",Diamond Light International,F2015-929,Approved
Whitegold 10 EC,Cypermethrin 10% EC,Arysta lifeScience India Limited,Myanmar Arysta LifeScience,F2011-264,Approved
Wu Kong,Lambda-cyhalothrin 2.5% EC,"Red Sun Co.,Ltd.","Golden Plain Co.,Ltd.",F2015-921,Approved
Xyclone X 5 EC,Lambda Cyhalothrin 5% EC,"AgriGate CropSciences Pte.,Ltd.","Myanma Awba Group Co.,Lt",F2014-914,Approved
Ya Shi Jing 10 WP,Imidacloprid 10% WP,"Jiangsu Kesheng Group Co.,Ltd.",Diamond Light International,F2015-925,Approved
Yakexi 10 WP,Imidacloprid 10% WP,Hainan Boswell Agrochemical Co.,Myanma Shwe Nagar Agricu,F2017-1301,Approved
Yanshinn 75 SP,Acephate 75% SP,Guangdong Liwei Chemical Indust,Myanma Shwe Nagar Agricu,F2016-1177,Approved
Yanway 1.8 EC,Abamectin 1.8% EC,Guangdong Liwei Chemical Indust,Myanma Shwe Nagar Agricu,F2016-1176,Approved
Yatkha 37.5 EC,Lambda-Cyhalothrin 1.5% + Profenofos 36% EC,"AgriGate CropSciences Pte.,Ltd.","Myanma Awba Group Co.,Lt",F2017-1520,Approved
Yu Alpha,Alpha-Cypermethrin 5% EC,"Yingdee Intertrade Co.,Ltd.","Yupa Dagon Trading Co.,Ltd",F2016-967,Approved
Yupa Comando 1,Imidacloprid 10% WP,"Yingdee Intertrade Co.,Ltd.","Yupa Dagon Trading Co.,Ltd",F2016-965,Approved
Yupa Kyaw Tet,Cartap Hydrochloride 4% G,"Yingdee Intertrade Co.,Ltd.","Yupa Dagon Trading Co.,Ltd",F2016-963,Approved
Yupa Mandarr,Lambda-cyhalothrin 2.5% EC,"Yingdee Intertrade Co.,Ltd.","Yupa Dagon Trading Co.,Ltd",F2016-966,Approved
Yupa Mectin 1.8 EC,Abamectin 1.8% EC,"Yingdee Intertrade Co.,Ltd.","Yupa Dagon Trading Co.,Ltd",F2011-762,Approved
Yupa Rambo,Carbosulfan 20% EC,"Yingdee Intertrade Co.,Ltd.","Yupa Dagon Trading Co.,Ltd",F2016-962,Approved
Zabamec,Abamectin 1.8% EC,Zagro Chemicals Sdn.Bhd.,Zagro(S) Pte. Ltd.,F2016-1453,Approved
Zafate 75 SP,Acephate 75%w/w SP,Zagro Chemicals Sdn.Bhd.,Zagro Myanmar Limited,F2016-1224,Approved
Zalphamethrin 5 EC,Alpha-Cypermethrin 5% EC,"Agsin Pte.,Ltd.",Zagro Myanmar Limited,F2011-722,Approved
Zapronil 5 SC,Fipronil 5%w/v SC,"Zagro Singapore Pte.,Ltd.",Zagro Myanmar Limited,F2017-1230,Approved
Zathron 100 SL,Imidacloprid 10% SL,"Agsin Pte.,Ltd.",Zagro Myanmar Limited,F2016-1100,Approved
Zathron 20 WP,Imidacloprid 20%w/w WP,Zagro Chemicals Sdn.Bhd.,Zagro Myanmar Limited,F2018-1854,Approved
Zathron 200 SL,Imidacloprid 20%w/v SL,"Agsin Pte.,Ltd.",Zagro Myanmar Limited,F2016-1101,Approved
Ziclone Z 15 EC,Emamectin Benzoate 5% + Lambda-cyhalothrin 10% EC,"AgriGate CropSciences Pte.,Ltd.","Myanma Awba Group Co.,Lt",F2020-2250,Approved
Zombie 95 SP,Cartap 95% SP,"AgriGate CropSciences Pte.,Ltd.","Myanma Awba Group Co.,Lt",F2018-1813,Approved
Valid 2.5 EC,Deltamethrin 2.5% EC,Asiatic Agricultural Industries Pte.,"Farm Link Co.,Ltd.",FF2019-594,Approved
Abatin 1.8 EC,Abamectin 1.8% EC,"Chrysalis Crop Pte.,Ltd.","Myanma Awba Group Co.,Lt",F2020-2887,Approved
Acarmec,Abamectin 18g/l EC,Imaspro Resources Sdn.Bhd,"MM Import Export Co.,Ltd.",F2021-3211,Approved
Acegoal 20 SP,Acetamiprid 20% SP,Shandong Weifang Rainbow Chem,"Rainbow Agrosciences Co.,L",F2021-3119,Approved
Awdrin II 4 G,Cartap 4% G,"AgriGate CropSciences Pte.,Ltd.","Myanma Awba Group Co.,Lt",F2020-2884,Approved
Beta-Cypermethrin 95% TG,Beta-Cypermethrin 95% TG,"AgriGate CropSciences Pte.,Ltd.","Myanma Awba Group Co.,Lt",F2020-2964,Approved
Cartap 97% TG,Cartap 97% TG,"AgriGate CropSciences Pte.,Ltd.","Myanma Awba Group Co.,Lt",F2020-2965,Approved
Carwin 85 WP,Carbaryl 85% WP,Shandong Weifang Rainbow Chem,Charoen Pokphand Produce,F2021-3122,Approved
Ciperman 250 EC,Cypermethrin 250g/l EC,Shandong Weifang Rainbow Chem,"Rainbow Agrosciences Co.,L",F2021-3123,Approved
Emamectin Benzoate 70%,Emamectin Benzoate 70% TG,"AgriGate CropSciences Pte.,Ltd.","Myanma Awba Group Co.,Lt",F2020-2979,Approved
Envo-Cyper 100 EW,Cypermethrin 100g/l EW,Imaspro Resources Sdn.Bhd,"MM Import Export Co.,Ltd.",F2021-3202,Approved
Evo Avatar 75 SP,Acephate 70% + Cartap 5% SP,"Chrysalis Crop Pte.,Ltd.","Evogro Co.,Ltd.",F2020-1979,Approved
Evo Pele 25 EC,Beta-Cypermethrin 5% + Profenofos 20% EC,"Chrysalis Crop Pte.,Ltd.","Evogro Co.,Ltd.",F2020-1980,Approved
Fipronil 96% TG,Fipronil 96% TG,"AgriGate CropSciences Pte.,Ltd.","Myanma Awba Group Co.,Lt",F2020-2966,Approved
For You 1.8 EC,Abamectin 1.8% EC,"Agro Star Pte.,Ltd.","Asian Crops Global Co.,Ltd.",F2018-1746,Approved
G Mect 1.8 EC,Abamectin 1.8% EC,"Ningbo Generic Chemical Co.,Ltd.",Golden Wish Agribusiness C,F2020-2934,Approved
G Prid 20 WP,Imidacloprid 20% WP,"Ningbo Generic Chemical Co.,Ltd.",Golden Wish Agribusiness C,F2020-2935,Approved
G Talk,Emamectin Benzoate 5% + Lambda-cyhalothrin 10% WP,"Ningbo Generic Chemical Co.,Ltd.",Golden Wish Agribusiness C,F2020-2939,Approved
Goldrole 20 WG,Flubendiamide 20% WG,Shandong Weifang Rainbow Chem,Marlarmyaing Public Compa,F2021-3120,Approved
IMEC 5 SG,Emamectin Benzoate 50g/l SG,Imaspro Resources Sdn.Bhd.,"MM Import Export Co.,Ltd.",F2021-3208,Approved
Imidor 20 SL,Imidacloprid 200g/l SL,Imaspro Resources Sdn.Bhd.,Aung Naing Yoma Thitsar Co,F2021-3214,Approved
Indoxacarb TG 95%,Indoxacarb 95% TG,"AgriGate CropSciences Pte.,Ltd.","Myanma Awba Group Co.,Lt",F2020-2980,Approved
Lambda-Cyhalothrin 95% T,Lambda-cyhalothrin 95% TG,"AgriGate CropSciences Pte.,Ltd.","Myanma Awba Group Co.,Lt",F2020-2967,Approved
Lavermate,Temephos 500g/l EC,Imaspro Resources Sdn.Bhd.,"MM Import Export Co.,Ltd.",F2021-3210,Approved
M-Carbo 20 EC,Carbosulfan 20% EC,"Mountain Peak Cropcare Pte.,Ltd.",Marlarmyaing Public Compa,F2020-3017,Approved
Mercury,Metaldehyde 10% G,"AgriGate CropSciences Pte.,Ltd.","Myanma Awba Group Co.,Lt",F2020-1506,Approved
Min Meda 70 WP,Imidacloprid 70% WP,"Agro Star Pte.,Ltd.","Asian Crops Global Co.,Ltd.",F2018-1747,Approved
Mono Kill 15 WP,Acetamiprid 10% + Lambda-cyhalothrin 5% WP,"Agro Star Pte.,Ltd.","Min Mahaw Co.,Ltd.",F2018-1742,Approved
Monosultap 95% TG,Monosultap 95% TG,"AgriGate CropSciences Pte.,Ltd.","Myanma Awba Group Co.,Lt",F2020-2968,Approved
Power 100 EC,Cypermethrin 100g/l EC,Imaspro Resources Sdn.Bhd,"MM Import Export Co.,Ltd.",F2021-3204,Approved
Power 120 EC,Cypermethrin 120g/l EC,Imaspro Resources Sdn.Bhd,Aung Naing Yoma Thitsar Co,F2021-3203,Approved
Power 500 EC,Cypermethrin 500g/l EC,Imaspro Resources Sdn.Bhd,"MM Import Export Co.,Ltd.",F2021-3207,Approved
Pretector 5 SC,Fipronil 50g/l SC,Imaspro Resources Sdn.Bhd,Aung Naing Yoma Thitsar Co,F2021-3213,Approved
Prevathon¨,Chlorantraniliprole 51.5g/l SC,FMC Corporation (USA),Myanmar Arysta LifeScience,F2020-2151,Approved
Profenofos 95% TG,Profenofos 95% TG,"AgriGate CropSciences Pte.,Ltd.","Myanma Awba Group Co.,Lt",F2020-2969,Approved
Prothorª 200 SC Termitici,Imidacloprid 20%w/v SC,Ensystex II Inc,Green Pest Management Co,F2020-2895,Approved
Rainvin 75 WP,Thiodicarb 75% WP,Shandong Weifang Rainbow Chem,"Rainbow Agrosciences Co.,L",F2021-3121,Approved
SAGA 5% EC,Emamectin Benzoate 50g/l EC,"Ningbo Longway Chemical Co.,Ltd","Longway Agrochemical Co.,L",F2021-3044,Approved
Salvo 75 WP,Cyromazine 75% WP,"AgriGate CropSciences Pte.,Ltd.","Myanma Awba Group Co.,Lt",F2020-2007,Approved
Sino-Phate,Acephate 75% WP,"Sino-Agri Leading Biosciences Co.,","Anawrahta Production Co.,L",F2020-2610,Approved
Temebate,Temephos 10g/l GR,Imaspro Resources Sdn.Bhd,"MM Import Export Co.,Ltd.",F2021-3209,Approved
Thein Cephate 75 SP,Acephate 75% SP,Jiangxi Zhengbang Crop Protectior,Myanmar Shwe Thein Tradin,F2020-2421,Approved
Thein Cyper 10 EC,Cypermethrin 10%w/w EC,Jiangxi Zhengbang Crop Protectior,Myanmar Shwe Thein Tradin,F2020-2418,Approved
Thiamethoxam 96% TG,Thiamethoxam 96% TG,"AgriGate CropSciences Pte.,Ltd.","Myanma Awba Group Co.,Lt",F2020-2970,Approved
Thiodicarb 95% TG,Thiodicarb 95% TG,"AgriGate CropSciences Pte.,Ltd.","Myanma Awba Group Co.,Lt",F2020-2971,Approved
V.T Moon 5 EC,Lambda-cyhalothrin 50g/l EC,Viet Trung Pesticide Joint Stock Co,Naing Toe Aung (Myanmar),F2021-3151,Approved
V.T One 75 SP,Acephate 75% SP,Viet Trung Pesticide Joint Stock Co,"Viet Trung Myanmar Co.,Ltd",F2021-3148,Approved
V.T Over 44 EC,Cypermethrin 4% + Profenofos 40% EC,Viet Trung Pesticide Joint Stock Co,Naing Toe Aung (Myanmar),F2021-3137,Approved
V.T Shoot 50 EC,Profenofos 50% EC,Viet Trung Pesticide Joint Stock Co,"Viet Trung Myanmar Co.,Ltd",F2021-3152,Approved
V.T Tap 95 SP,Cartap Hydrochloride 95% SP,Viet Trung Pesticide Joint Stock Co,"Viet Trung Myanmar Co.,Ltd",F2021-3135,Approved
V.T Xim 25 WP,Acetamiprid 20% + Lambda-cyhalothrin 5% WP,Viet Trung Pesticide Joint Stock Co,Naing Toe Aung (Myanmar),F2021-3134,Approved
V.T Yoo 15 WP,Emamectin 5% + Lambda-cyhalothrin 10% WP,Viet Trung Pesticide Joint Stock Co,Naing Toe Aung (Myanmar),F2021-3138,Approved
VIC 80 SC,Bifenthrin 80g/l SC,Asiatic Agricultural Industries Pte.,"JJ-Pun Trading Co.,Ltd.",F2020-2786,Approved
Neocidin 600 EC,Diazinon 60% EC,Zagro Chemicals Sdn.Bhd.,Zagro(S) Pte. Ltd.,F2016-1455,Approved
BBC 95% SP,Cartap 95% SP,"Grade Laojun Chemical Co.,Ltd.",SIL International Company,F2020-2833,Approved
G Lamb,Lambda-cyhalothrin 50g/l EC,"Ningbo Generic Chemical Co.,Ltd.",Golden Wish Agribusiness,F2020-2936,Approved
GC Cyper 10 EC,Cypermethrin 10% EC,"Supernova Intertrade Pte.,Ltd.",TPT Yee Shin (Agriculture),F2019-1963,Approved
Innova 10 WP,Imidacloprid 10% WP,"Syntech International Co.,Ltd.",Golden Lion High Tech Agric,F2020-2382,Approved
Kyouk Lat Warr,Imidacloprid 70% WP,Zibo NAB Agrochemicals Limited,"Y Agro Solution Co.,Ltd.",F2021-3263,Approved
Maxxthor 100 Water-Ba,Bifenthrin 10%w/v,Ensystex II Inc (USA),Green Pest Management,F2020-2894,Approved
Mega Tiger,Thiamethoxam 35% SC,"MAC Chem (Asia) Co.,Ltd.",Mega Grow International,F2021-3062,Approved
Naza 20 WP,Dinotefuran 20% WP,"Iprochem Co.,Ltd.","Myanmar Golden Byter Co.,",F2021-3264,Approved
One Two Four,Emamectin Benzoate 5% + Lambda-cyhalothrin 10% WP,"Grade Laojun Chemical Co.,Ltd.","Yoon Yoon Agro Co.,Ltd.",F2020-2834,Approved
PinSein-Cart 50 SP,Cartap 50% SP,"ITMG Singapore Pte.,Ltd.",Bloom Trading & Manufact,F2021-3169,Approved
PinSein-Fipro 50 SC,Fipronil 5% SC,"ITMG Singapore Pte.,Ltd.",Bloom Trading & Manufact,F2021-3171,Approved
Royal Phate,Acephate 75% SP,"M/S Krishi Rasayan Exports Pvt.,Lt","Royal Shin Thant Co.,Ltd.",F2020-2825,Approved
Shwe Thimee,Thiamethoxam 35% SC,Makro Chemical,"Golden Key Co.,Ltd.",F2021-3078,Approved
Agenda EC 25,Fipronil 2.5%w/v EC,"Bayer Thai Co.,Ltd.","Bayer Thai Co.,Ltd. (Myanmar)",F2019-2126,Approved
Aladdin D Coil,Dimefluthrin 0.025%w/w,"Diesel King Co.,Ltd.","Diesel King Co.,Ltd.",F2017-1387,Approved
Aladdin M Coil,Meperfluthrin 0.025%w/w,"Diesel King Co.,Ltd.","Diesel King Co.,Ltd.",F2017-1374,Approved
Aladdin Mosquito Coil,D-allethrin 0.30%w/w,"Diesel King Co.,Ltd.","Diesel King Co.,Ltd.",F2015-1020,Approved
Aqua K-Othrine,Deltamethrin 2%w/w,Bayer AG,"Bayer Thai Co.,Ltd. (Myanmar)",F2019-1771,Approved
Armo Delta 2.5% EC,Deltamethrin 2.5% EC,"R.H.F Pte.,Ltd.",Aventine Limited,F2016-987,Approved
Baby Care Mosquito Coil,Meperfluthrin 0.04%w/w Coil,France Xianggelan Chemicals Grou,"Sweety Trading Co.,Ltd.",F2018-1495,Approved
"Baygon 23, Pesticide Meta",Cypermethrin 0.1% + Imiprothrin 0.03% + Prallethrin 0.03%w/w,S.C. Johnson & Son Ltd.,Rainbow Bridge Distribution,F2020-2255,Approved
"Baygon 43, Pesticide Meta",Cypermethrin 0.1% + Imiprothrin 0.031% + Prallethrin 0.030%w/w,S.C. Johnson & Son Ltd.,Rainbow Bridge Distribution,F2020-2256,Approved
Bioallethrin TG,Bio-allethrin 93% TG,"Sumitomo Chemical Co.,Ltd.","Sumitomo Chemical Co.,Ltd.",F2012-775,Approved
Bioresmethrin 90 TG,Bio-resmethrin 90% TG,"Sumitomo Chemical Co.,Ltd.","Sumitomo Chemical Co.,Ltd.",F2012-774,Approved
Blattanex Gel,Imidacloprid 2.15%w/w,"Bayer Thai Co.,Ltd.","Bayer Thai Co.,Ltd. (Myanmar)",F2019-2124,Approved
Care Mosquito Coil,D-allethrin 0.3%w/w,Lo San An Lu Health Used Materia,"Sweety Trading Co.,Ltd.",F2017-1333,Approved
D-allethrin 92% TG,D-allethrin 92% TG,"China Anrun Chemical Co.,Ltd.",Golden Dragon Industry Co.,F2020-2177,Approved
Decis 2.5 EC,Deltamethrin 2.5% EC,Bayer AG,Zagro Myanmar Limited,FF2013-032,Approved
Detrans 1209 5 ME,Dimefluthrin 5%w/w,Sumitomo Chemical Enviro-Agro,"Bentz Jaz Myanmar Co.,Ltd.",F2019-2103,Approved
Detrans 1209 TG,Dimefluthrin 95%w/w,"Sumitomo Chemical Co.,Ltd.","Bentz Jaz Myanmar Co.,Ltd.",F2018-1418,Approved
Detrans 300 TG,Deltamethrin 28.9% TG,"Sumitomo Chemical Co.,Ltd.","Sumitomo Chemical Co.,Ltd.",F2013-778,Approved
Dimefluthrin 92% TG,Dimefluthrin 92% TG,"China Anrun Chemical Co.,Ltd.",Golden Dragon Industry Co.,F2020-2178,Approved
Dimefluthrin TG,Dimefluthrin 96% TG,Changzhou Kangmei Chemical Ind,"Diesel King Co.,Ltd.",F2017-1421,Approved
Dinosaur D Coil,Dimefluthrin 0.025%w/w,"Diesel King Co.,Ltd.","Diesel King Co.,Ltd.",F2017-1384,Approved
Dinosaur M Coil,Meperfluthrin 0.025%w/w,"Diesel King Co.,Ltd.","Diesel King Co.,Ltd.",F2017-1375,Approved
Dinosaur Mosquito Coil,D-allethrin 0.30%w/w,"Diesel King Co.,Ltd.","Diesel King Co.,Ltd.",F2015-1019,Approved
Easy Sleep D Coil,Dimefluthrin 0.025%w/w,"Diesel King Co.,Ltd.","Diesel King Co.,Ltd.",F2017-1385,Approved
Easy Sleep M Mosquito Co,Meperfluthrin 0.025%w/w,"Diesel King Co.,Ltd.","Diesel King Co.,Ltd.",F2017-1376,Approved
Easy Sleep Mos.Coil,D-allethrin 0.3%w/w Coil,"Diesel King Co.,Ltd.","Diesel King Co.,Ltd.",F2014-645,Approved
Esbiol TG,Esbiol or S-bioallethrin 95% TG,"Sumitomo Chemical Co.,Ltd.","Sumitomo Chemical Co.,Ltd.",F2012-448,Approved
Esbiothrin TG,Esbiothrin Technical 93% TG,"Sumitomo Chemical Co.,Ltd.","Sumitomo Chemical Co.,Ltd.",F2012-602,Approved
Etoc 10 EC,Prallethrin 10% EC,"Sumitomo Chemical Co.,Ltd.","Sumitomo Chemical Co.,Ltd.",F2012-366,Approved
Etoc TG,Prallethrin 90% TG,"Sumitomo Chemical Co.,Ltd.","Bentz Jaz Myanmar Co.,Ltd.",F2012-365,Approved
Fighter D Coil,Dimefluthrin 0.025%w/w,"Diesel King Co.,Ltd.","Diesel King Co.,Ltd.",F2017-1386,Approved
Fighter M Mosquito Coil,Meperfluthrin 0.025%w/w,"Diesel King Co.,Ltd.","Diesel King Co.,Ltd.",F2017-1377,Approved
Fighter Mosq.Coil,D-allethrin 0.3%w/w Coil,"Diesel King Co.,Ltd.","Diesel King Co.,Ltd.",F2014-644,Approved
Forcis 2.5 EC,Deltamethrin 2.5% EC,Forward (Beihai) Hepu Pesticide C,"Forward (Myanmar) Co.,Ltd",F2014-1102,Approved
Godzilla D Coil,Dimefluthrin 0.025%w/w,"Diesel King Co.,Ltd.","Diesel King Co.,Ltd.",F2017-1389,Approved
Godzilla M Mosquito Coil,Meperfluthrin 0.025%w/w,"Diesel King Co.,Ltd.","Diesel King Co.,Ltd.",F2017-1373,Approved
Godzilla Mosq.Coil,D-allethrin 0.3%w/w Coil,"Diesel King Co.,Ltd.","Diesel King Co.,Ltd.",F2014-643,Approved
Gokilaht TG,Cyphenothrin 93% TG,"Sumitomo Chemical Co.,Ltd.","Bentz Jaz Myanmar Co.,Ltd.",F2012-068,Approved
Gokilaht-S,Cyphenothrin 93% TG,"Sumitomo Chemical Co.,Ltd.","Bentz Jaz Myanmar Co.,Ltd.",F2012-441,Approved
Gokilaht-S 5 EC,d-d-T Cyphenothrin 5% EC,"Sumitomo Chemical Co.,Ltd.","Bentz Jaz Myanmar Co.,Ltd.",F2018-1415,Approved
Icon Maxx,Lambda-cyhalothrin 10% CS,Syngenta Crop Protection Ltd.,"Myanma Awba Group Co.,Lt",F2017-1445,Approved
Jumbo 1 Mosquito Coil,Metofluthrin 0.01%w/w Coil,Fumakilla Asia Sdn.Bhd.,"Diethelm & Co.,Ltd.",F2014-1155,Approved
Jumbo AA Mosquito Coil,D-allethrin 0.3%w/w Coil,Fumakilla Asia Sdn.Bhd.,"Diethelm & Co.,Ltd.",F2014-620,Approved
Jumbo Ant Repel,Permethrin 2%w/w,Fumakilla Asia Sdn.Bhd.,"Powerhouse Co.,Ltd.",F2015-1156,Approved
Jumbo B1 Dry,d-Phenothrin 0.05%w/w + Prallethrin 0.09%w/w AE,Fumakilla Asia Sdn.Bhd.,"Diethelm & Co.,Ltd.",F2017-1563,Approved
Jumbo C1 Dry,d-Phenothrin 0.05%w/w + Prallethrin 0.09%w/w AE,Fumakilla Asia Sdn.Bhd.,"Diethelm & Co.,Ltd.",F2017-1564,Approved
Jumbo Fan-M,Metofluthrin 10mg/unit + Piperonyl Butoxide 2mg/unit AE,Fumakilla Asia Sdn.Bhd.,"Powerhouse Co.,Ltd.",F2015-1153,Approved
Jumbo H2O Super A1,Imiprothrin 0.055%w/w + Permethrin 0.20%w/w + Transfluthrin,Fumakilla Asia Sdn.Bhd.,"Diethelm & Co.,Ltd.",F2017-1568,Approved
Jumbo H2O Super F1,Cyfluthrin 0.025%w/w + Transfluthrin 0.06%w/w AE,Fumakilla Asia Sdn.Bhd.,"Diethelm & Co.,Ltd.",F2017-1567,Approved
Jumbo Mosq. Coil,D-allethrin 0.3%w/w Coil,Fumakilla Asia Sdn.Bhd.,"Diethelm & Co.,Ltd.",F2014-287,Approved
Jumbo Mosquito Mat,Prallethrin 15mg/mat + Piperonyl butoxide 20mg/mat,Fumakilla Malaysia Berhad,"Diethelm & Co.,Ltd.",F2014-958,Approved
Jumbo Super Aerosol Z,Imiprothrin 0.05%w/w + Permethrin 0.20%w/w + Transfluthrin,Fumakilla Asia Sdn.Bhd.,"Powerhouse Co.,Ltd.",F2015-1335,Approved
Jumbo Super C1,Imiprothrin 0.1%w/w + Permethrin 0.5%w/w AE,Fumakilla Asia Sdn.Bhd.,"Diethelm & Co.,Ltd.",F2017-1561,Approved
Jumbo Super C2,Imiprothrin 0.1%w/w + Permethrin 0.5%w/w AE,Fumakilla Asia Sdn.Bhd.,"Diethelm & Co.,Ltd.",F2017-1562,Approved
Jumbo Super F1,Cyfluthrin 0.025%w/w + Transfluthrin 0.06%w/w AE,Fumakilla Asia Sdn.Bhd.,"Diethelm & Co.,Ltd.",F2017-1566,Approved
Jumbo Super Super 1,Meperfluthrin 0.02%w/w,Fumakilla Asia Sdn.Bhd.,"Powerhouse Co.,Ltd.",F2015-1403,Approved
Jumbo Super Super 2,Meperfluthrin 0.025%w/w,Fumakilla Asia Sdn.Bhd.,DKSH (Myanmar) Limited,F2015-1404,Approved
Jumbo Super Super 3,Meperfluthrin 0.03%w/w,Fumakilla Asia Sdn.Bhd.,"Powerhouse Co.,Ltd.",F2015-1405,Approved
Jumbo Super Super 5,Meperfluthrin 0.035%w/w Coil,Fumakilla Asia Sdn.Bhd.,"Diethelm & Co.,Ltd.",F2017-1559,Approved
Jumbo Vape 6,Meperfluthrin 0.04%w/w Coil,Fumakilla Asia Sdn.Bhd.,DKSH (Myanmar) Limited,F2017-1560,Approved
Jumbo Vape Aerosol,Imiprothrin 0.05% + Permethrin 0.2% + Transfluthrin 0.06%,Fumakilla Asia Sdn.Bhd.,DKSH (Myanmar) Limited,F2019-2060,Approved
Jumbo Vape B Mosquito C,Meperfluthrin 0.05%w/w,Fumakilla Asia Sdn.Bhd.,"Powerhouse Co.,Ltd.",F2020-2202,Approved
Jumbo Vape D2 Vaporizing,Dimefluthrin 1.15%w/w,Fumakilla Asia Sdn.Bhd.,DKSH (Myanmar) Limited,F2020-2200,Approved
Jumbo Vape D5 Mosquito,Dimefluthrin 0.05%w/w,Fumakilla Asia Sdn.Bhd.,DKSH (Myanmar) Limited,F2020-2201,Approved
Jumbo Vape M2 Vaporizing,Meperfluthrin 1.21%w/w,Fumakilla Asia Sdn.Bhd.,"Powerhouse Co.,Ltd.",F2020-2205,Approved
Jumbo Vape One Push,Transfluthrin 24%w/w,Fumakilla Asia Sdn.Bhd.,"Diethelm & Co.,Ltd.",F2019-2061,Approved
Jumbo Vape One Push Spr,Transfluthrin 5.8%w/w,Fumakilla Asia Sdn.Bhd.,"Powerhouse Co.,Ltd.",F2020-2207,Approved
Jumbo Vape Plus Aerosol,Transfluthrin 0.6%w/w,Fumakilla Asia Sdn.Bhd.,"Powerhouse Co.,Ltd.",F2020-2206,Approved
Jumbo X3 Mosquito Coil,Dimefluthrin 0.03%w/w,Fumakilla Asia Sdn.Bhd.,"Diethelm & Co.,Ltd.",F2018-1844,Approved
Jumbo Z1 Dry,Cyfluthrin 0.025%w/w + Transfluthrin 0.04%w/w AE,Fumakilla Asia Sdn.Bhd.,"Diethelm & Co.,Ltd.",F2017-1565,Approved
K-O Tab,Deltamethrin 2.5 %w/w,Bayer AG,"Bayer Thai Co.,Ltd. (Myanmar)",F2014-603,Approved
K-Othrine,Deltamethrin 1%w/v SC,Bayer AG,"Bayer Thai Co.,Ltd. (Myanmar)",F2014-253,Approved
Makite Ya Mosquitoes Rep,"N,N Diethyl-M-Toluamide 12.5% EC",Shanghai Richem International Co,GYI Industries Ltd.,F2017-1371,Approved
MAP Permethrin 50 EC,Permethrin 50% EC,"Map Pacific Pte.,Ltd.","Map Pacific Co.,Ltd.",F2013-894,Approved
Marcis 2.5% EC,Deltamethrin 2.5% EC,Makro Chemical,Makro Chemical,F2013-864,Approved
Meper Anrun 15% OD,Meperfluthrin 15% OD,"China Anrun Chemical Co.,Ltd.",Golden Dragon Industry Co.,F2020-2179,Approved
Meperfluthrin 90% TG,Meperfluthrin 90% TG,"Youth Chemical Co.,Ltd.",MSR Green Corporation (S),F2017-1429,Approved
Meperfluthrin TG,Meperfluthrin 96% TG,Changzhou Kangmei Chemical Ind,"Diesel King Co.,Ltd.",F2017-1420,Approved
Neopynamin Forte TG,Tetramethrin 92% TG,"Sumitomo Chemical Co.,Ltd.","Bentz Jaz Myanmar Co.,Ltd.",F2012-066,Approved
Neo-pynamin TG,Tetramethrin 90% TG,"Sumitomo Chemical Co.,Ltd.","Bentz Jaz Myanmar Co.,Ltd.",F2012-072,Approved
Off! Mosquito Lotion,"N,N-diethyl-meta-toluamide 15% w/w",S.C. Johnson & Son Ltd.,Rainbow Bridge Distribution,F2020-2259,Approved
Olyset Net (Bed Net),Permethrin 2%w/w,"Sumitomo Chemical Co.,Ltd.","Bentz Jaz Myanmar Co.,Ltd.",FF2019-687,Approved
Permethrin 93% TG,Permethrin 93% TG,"Sumitomo Chemical Co.,Ltd.","Bentz Jaz Myanmar Co.,Ltd.",F2012-777,Approved
Pesfolin 50 EC,Temephos 50% EC,Behn Meyer AgCare LLP,"Agri First Co.,Ltd.",F2017-1310,Approved
Pesguard Alpha 5 FL,Esfenvalerate 5.0% FL,"Sumitomo Chemical Co.,Ltd.","Bentz Jaz Myanmar Co.,Ltd.",F2012-444,Approved
Pesguard FG161 EC,D-tetramethrin 4% + Cyphenothrin 12% EC,"Sumitomo Chemical Co.,Ltd.","Bentz Jaz Myanmar Co.,Ltd.",F2012-208,Approved
Piperonyl Butoxide,Piperonyl Butoxide 90.0%w/w TG,Sumitomo Chemical Enviro-Agro A,"Sumitomo Chemical Co.,Ltd.",F2018-776,Approved
Pralle 50% MUP,Imiprothrin 50% MUP,"Sumitomo Chemical Co.,Ltd.","Sumitomo Chemical Co.,Ltd.",F2018-938,Approved
Pynamin Forte 90 EC,D-allethrin 81% EC,"Sumitomo Chemical Co.,Ltd.","Sumitomo Chemical Co.,Ltd.",FF2012-062,Approved
Pynamin Forte TG,D-Allethrin 90% TG,"Sumitomo Chemical Co.,Ltd.","Sumitomo Chemical Co.,Ltd.",F2012-069,Approved
Quick Bayt GR,Imidacloprid 0.5%w/w GR,"Bayer Thai Co.,Ltd.","Bayer Thai Co.,Ltd. (Myanmar)",F2019-2123,Approved
Resigen,Permethrin 17.31% + S-bioallethrin 0.72% + Piperonly butoxide,Bayer AG,"Bayer Thai Co.,Ltd. (Myanmar)",F2014-029,Approved
Rich Alpha TG,D-allethrin 90% TG,"Jiangsu Yangnong Chemical Co.,Ltd",MSR Green Corporation (S),F2014-632,Approved
Rich Beta TG,Esbiothrin 93% TG,"Jiangsu Yangnong Chemical Co.,Ltd",MSR Green Corporation (S),F2014-633,Approved
Rich Cyper TG,Cypermethrin 90% TG,"Jiangsu Yangnong Chemical Co.,Ltd",MSR Green Corporation (S),F2017-1427,Approved
Rich Deet TG,"N,N Diethyl-M-Toluamide 99.4% TG",Shanghai Richem International Co,GYI Industries Ltd.,F2017-1370,Approved
Rich Delta TG,Deltamethrin 95% TG,"Jiangsu Yangnong Chemical Co.,Ltd",MSR Green Corporation (S),F2017-1428,Approved
Rich D-Pheno TG,D-phenothrin 94% TG,"Jiangsu Yangnong Chemical Co.,Ltd",MSR Green Corporation (S),F2012-803,Approved
Rich Imipro 50 TK,Imiprothrin 50% TK,"Jiangsu Yangnong Chemical Co.,Ltd",MSR Green Corporation (S),F2017-1425,Approved
Rich Meper 5% EC,Meperfluthrin 5% EC,"Youth Chemical Co.,Ltd.",MSR Green Corporation (S),F2017-1430,Approved
Rich Perme TG,Permethrin 94% TG,"Jiangsu Yangnong Chemical Co.,Ltd",MSR Green Corporation (S),F2012-804,Approved
Rich Pra TG,Prallethrin 92% TG,"Jiangsu Yangnong Chemical Co.,Ltd",MSR Green Corporation (S),F2012-802,Approved
Rich Transflu TG,Transfluthrin Technical 93% TG,"Jiangsu Yangnong Chemical Co.,Ltd",MSR Green Corporation (S),F2017-1426,Approved
Safeguard 500 EC,Permethrin 500g/l EC,Asiatic Agricultural Industries Pte.,"JJ-Pun Trading Co.,Ltd.",F2019-1883,Approved
Shieldtox Powergard 1,Esbiothrin 0.10%w/w + Imiprothrin 0.02%w/w + Permethrin,Reckitt Benckiser (Malaysia) Sdn.B,"Dagon Win Win Co.,Ltd.",F2015-1093,Approved
Shieldtox Powergard 2,Esbiothrin 0.126%w/w + Permethrin 0.05%w/w,Reckitt Benckiser (Malaysia) Sdn.B,"Dagon Win Win Co.,Ltd.",F2015-930,Approved
Shieldtox Powergard 4,Esbiothrin 0.10%w/w + Imiprothrin 0.02%w/w + Permethrin,Reckitt Benckiser (Malaysia) Sdn.B,"Dagon Win Win Co.,Ltd.",F2015-1092,Approved
Shieldtox Powergard 5,Esbiothrin 0.10% w/w + Imiprothrin 0.02%w/w + Permethrin,Reckitt Benckiser (Malaysia) Sdn.B,"Dagon Win Win Co.,Ltd.",F2015-1091,Approved
Shinper 10 EW,Permethrin 10%w/v EW,Sinon Corporation,CTUM General Business Pub,F2016-660,Approved
Shwe Delta,Deltamethrin 2.5% EC,Makro Chemical,"Golden Key Co.,Ltd.",F2016-1047,Approved
Spar 1% SG,Temephos 1% SG,Asiatic Agricultural Industries Pte.,"JJ-Pun Trading Co.,Ltd.",F2017-1459,Approved
Sumi-alpha 5 EC,Esfenvalerate 5% EC,"Sumitomo Chemical Co.,Ltd.","Bentz Jaz Myanmar Co.,Ltd.",F2009-036,Approved
Sumione 5 EC,Metofluthrin 5% EC,"Sumitomo Chemical Co.,Ltd.","Bentz Jaz Myanmar Co.,Ltd.",F2011-686,Approved
Sumione TG,Metofluthrin TG 93% TG,"Sumitomo Chemical Co.,Ltd.","Bentz Jaz Myanmar Co.,Ltd.",F2011-685,Approved
Sumithion 20 CS,Fenitrothion 20% CS,"Sumitomo Chemical Co.,Ltd.","Bentz Jaz Myanmar Co.,Ltd.",F2018-1416,Approved
Sumithrin TG,Phenothrin 92% TG,"Sumitomo Chemical Co.,Ltd.","Bentz Jaz Myanmar Co.,Ltd.",F2012-367,Approved
Tetraflumethrin TG,Tetraflumethrin TG,Changzhou Kangmei Chemical Ind,"Diesel King Co.,Ltd.",F2017-1422,Approved
Tiger King,Meperfluthrin 0.02%w/w Coil,Technopia Sdn.Bhd.,Myanmar Texcorp Ltd.,F2018-813,Approved
Tiger King C1,Imiprothrin 0.1% + Permethrin 0.5%w/w,Fumakilla Asia Sdn.Bhd.,"Diethelm & Co.,Ltd.",F2018-1849,Approved
Yankinn 2.5 EC,Deltamethrin 2.5% EC,Guangdong Liwei Chemical Indust,Myanma Shwe Nagar Agric,F2016-1178,Approved
Yupa Delta 3 EC,Deltamethrin 3% EC,"Yingdee Intertrade Co.,Ltd.","Yupa Dagon Trading Co.,Ltd",F2016-1252,Approved
ZaZaFly,Azamethiphos 1% G,"Zagro Singapore Pte.,Ltd.","Zagro Singapore Pte.,Ltd.",F2019-1235,Approved
Hit Aerosol Crawling Insect,Cypermethrin 0.2% + Imiprothrin 0.07%,Godrej Consumer Products Ltd.,Myanmar Consumer Enterp,F2019-2129,Approved
Hit Aerosol Flying Insect Ki,D-Trans Allethrin 0.25%,Godrej Consumer Products Ltd.,Myanmar Consumer Enterp,F2019-2128,Approved
Fendona SC,Alpha-Cypermethrin 10%w/w SC,"BASF South-East Asia Pte.,Ltd.",Myanmar Byter Agro Tech C,F2021-3048,Approved
Quest MC,Lambda-cyhalothrin 25g/l MC,Asiatic Agricultural Industries Pte.,"JJ-Pun Trading Co.,Ltd.",F2020-2782,Approved
Active 20 EC,Amitraz 20% EC,"Syntech International Co.,Ltd.",Golden Lion High Tech Agric,F2018-1656,Approved
Applaud 25 WP,Buprofezin 25% WP,"Nihon Nohyaku Co.,Ltd.",Myanmar Arysta LifeScience,F2015-445,Approved
Army Strong 1.8 EC,Abamectin 1.8% EC,My Golden Crop Enterprise,"Golden Rocket Co.,Ltd.",F2019-2057,Approved
Curadrin 50 EC,Profenofos 50% EC,"AgriGate CropSciences Pte.,Ltd.","Myanma Awba Group Co.,Lt",F2014-631,Approved
CURTAIL 30 EC,Propargite 300g/l EC,Asiatic Agricultural Industries Pte.,Asiatic Agricultural Industrie,F2017-1557,Approved
Dicarzol 200 SP,Formetanate Hydrochloride 20% SP,Gowan Crop Protection Limited,"Myanmar Awba Group Co.,Lt",F2017-1189,Approved
E-T Ametin 1.8 EC,Abamectin 1.8% EC,"Shanghai E-Tong Chemical Co.,Ltd","Yonta Myanmar Co.,Ltd.",F2019-2081,Approved
E-T Pro 50 EC,Profenofos 50% EC,"Shanghai E-Tong Chemical Co.,Ltd",Network Marketing Limited,F2019-2072,Approved
Formalathion 50 EC,Malathion 50%w/v EC,Forward International Ltd.,"Forward (Myanmar) Co.,Ltd",F2013-654,Approved
Formisin 20 EC,Amitraz 20%w/v EC,Forward International Ltd.,"Forward (Myanmar) Co.,Ltd",F2013-855,Approved
Forwathrin C 440 EC,Cypermethrin 4% + Profenofos 40% EC,Forward International Ltd.,"Forward (Myanmar) Co.,Ltd",F2013-672,Approved
GC Profos 50 EC,Profenofos 50% EC,"Supernova Intertrade Pte.,Ltd.",TPT Yee Shin (Agriculture) C,F2018-1730,Approved
Golden Plain Abamectin I,Abamectin 3.6% EC,"Hebei Veyong Bio-Chemical Co.,Lt","Golden Plain Co.,Ltd.",F2019-2107,Approved
Golden Plain Abamectin II,Abamectin 5% EC,"Hebei Veyong Bio-Chemical Co.,Lt","Golden Plain Co.,Ltd.",F2019-2108,Approved
Golden plain Profenofos,Profenofos 40% EC,Shandong United Pesticide Indust,"Golden Plain Co.,Ltd.",F2018-1654,Approved
Htet Mat Tin,Abamectin 5% EC,Shenzhen Noposion Agrochemical,"Htet Thiha Naing Co.,Ltd.",F2019-1931,Approved
Jacker 2% EC,Abamectin 2% EC,"Grade Laojun Chemical Co.,Ltd.",SIL International Company,F2019-2114,Approved
Map Malathion 50 EC,Malathion 50% EC,"Map Pacific Pte.,Ltd.","Map Pacific Co.,Ltd.",F2013-438,Approved
Mapnofos 50 EC,Profenofos 50% EC,"Map Pacific Pte.,Ltd.",Aventine Limited,F2013-622,Approved
Marlarmyaing Phenthoate,Phenthoate 50% EC,"Mountain Peak Cropcare Pte.,Ltd.",Marlarmyaing Public Compa,F2018-1604,Approved
NAB-Aba 1.8 EC,Abamectin 1.8% EC,Zibo NAB Agrochemicals Limited,"Topagri Myanmar Co.,Ltd.",F2019-1954,Approved
Oberon 240 SC,Spiromesifen 24% SC,Bayer AG,Zagro Myanmar Limited,F2017-940,Approved
Panther 15 EC,Pyridaben 15% EC,"Syntech International Co.,Ltd.","Farm Link Co.,Ltd.",F2018-1658,Approved
Pilot 50 EC,Profenofos 50% EC,"Syntech International Co.,Ltd.",Golden Lion High Tech Agric,F2011-746,Approved
Profex,Profenofos 50% EC,NACL Industries Limited,Marlarmyaing Public Compa,F2019-2056,Approved
Prolambda 37.5 EC,Lambda cyhalothrin 1.5% + Profenofos 36% EC,"Optimus Agri-Tech Pte.,Ltd.",Myanmar Kaung Thu Kha Co,F2018-1702,Approved
Prosele 50 EC,Profenofos 50% EC,"Extra Agrochemical Co.,Ltd.","Agro Bio Product Co.,Ltd.",F2012-757,Approved
Shwe Fenthrin,Bifenthrin 10% EC,Makro Chemical,"Golden Key Co.,Ltd.",F2018-1677,Approved
Thein Mectin,Abamectin 1.8% EC,Jiangxi Zhengbang Crop Protectior,Myanmar Shwe Thein Tradi,F2019-2030,Approved
VISTA 80 ME,Bifenthrin 8% ME,Asiatic Agricultural Industries Pte.,Asiatic Agricultural Industrie,F2018-1598,Approved
Yupa Thion,Malathion 57% EC,"Yingdee Intertrade Co.,Ltd.","Yupa Dagon Trading Co.,Ltd",F2017-1462,Approved
SINBARYL 85% WP,Carbaryl 85% WP,Sinon Corporation,CTUM General Business Pub,F2018-539,Approved
Demon 3.6 EC,Abamectin 3.6% EC,"AgriGate CropSciences Pte.,Ltd.","Myanmar Awba Group Co.,Lt",F2019-2012,Approved
Mega Mophos,Abamectin 0.2% + Triazophos 19.8% EC,"MAC Chem (Asia) Co.,Ltd.",Mega Grow International Co,F2018-1860,Approved
Tiger Max,Triazophos 40% EC,Universal Agro Company Limited,"Seven Tigers Trading Co.,Ltd",F2018-1209,Approved
Tridel 36 EC,Deltamethrin 1% + Triazophos 35% EC,Arysta LifeScience India Limited,Myanmar Arysta LifeScience,F2017-1628,Approved
Yupa Tiger,Triazophos 40% EC,"Yingdee Intertrade Co.,Ltd.","Yupa Dagon Trading Co.,Ltd",F2016-1253,Approved
Armo Kamaal 45% WP,Imidacloprid 25% + Thiram 20% WP,"Parijat Industries (India) Pvt.,Ltd.",Aventine Limited,F2018-1683,Approved
Endow,Imidacloprid 20% + Metalaxyl 20% WP,Asiatic Agricultural Industries Pte.,"Farm Link Co.,Ltd.",F2019-1882,Approved
Sumilarv 0.5 G,Pyriproxyfen 0.5% GR,"Sumitomo Chemical Co.,Ltd.","Bentz Jaz Myanmar Co.,Ltd.",F2012-368,Approved
Sumilarv TG,Pyriproxyfen 95% TG,"Sumitomo Chemical Co.,Ltd.","Bentz Jaz Myanmar Co.,Ltd.",F2012-369,Approved
Shwe Pyri,Pyriproxyfen 10% EC,Makro Chemical,"Golden Key Co.,Ltd.",F2021-3077,Approved
Alarm 15 WP,Emamectin Benzoate 5%+ Lambda Cyhalothrin 10% WP,"AgriGate CropSciences Pte.,Ltd.","Myanmar Awba Group Co.,Lt",F2018-1519,Approved
Ema Landa 15 WP,Emamectin Benzoate 5% + Lambda-cyhalothrin 10% WP,"Agrinova Cropcare Pte.,Ltd.","Wi Sar Ra International Co.,",F2018-1690,Approved
Map Faster 5% WDG,Emamectin benzoate 5% WDG,"Map Pacific Pte.,Ltd.",Agro Green Land Chemical,F2017-1134,Approved
Level 40 SC,Thiodicarb 40% SC,"Syntech International Co.,Ltd.",Golden Lion High Tech Agric,F2018-1581,Approved
Partner 60 EC,Chlorfenapyr 6% + Profenofos 54% EC,"AgriGate CropSciences Pte.,Ltd.","Evogro Co.,Ltd.",F2017-1515,Approved
Star 60 EC,Chlorfenapyr 6% + Profenofos 54% EC,"Agrinova Cropcare Pte.,Ltd.","Wi Sar Ra International Co.,",F2017-1527,Approved
BM Diazinon 10 G,Diazinon 10% G,Behn Meyer AgCare LLP,"Agri First Co.,Ltd.",F2017-1314,Approved
Direct 10 G,Diazinon 10% G,"Syntech International Co.,Ltd.",Golden Lion High Tech Agric,F2014-873,Approved
Fire 20 EC,Carbosulfan 20% EC,"AgriGate CropSciences Pte.,Ltd.","Myanmar Awba Group Co.,Lt",F2014-629,Approved
Fury 10 EC,Zeta Cypermethrin 10% EC,FMC Chemical International AG (U,Myanmar Arysta LifeScience,F2012-196,Approved
Neocidin 10 G,Diazinon 10%w/w G,"Zagro Singapore Pte.,Ltd.",Zagro Myanmar Limited,F2018-1858,Approved
Oncol 20% EC,Benfuracarb 20% EC,"Otsuka Agritechno Co.,Ltd.",Sumitomo Corporation Asia,F2012-474,Approved
Oncol 3G,Benfuracarb 3% G,"Otsuka Agritechno Co.,Ltd.",Sumitomo Corporation Asia,F2012-473,Approved
Pannon 40 EC,Diazinon 40% EC,"Unochem Co.,Ltd.","Agro Bio Product Co.,Ltd.",F2012-805,Approved
Talstar 10 EC,Bifenthrin 10% EC,"FMC Corporation, USA.",Myanmar Arysta LifeScience,F2013-197,Approved
Kensamide 250 EC,Niclosamide 25% EC,Kenso Corporation (M) Sdn.Bhd,"Grand Agrocare Co.,Ltd.",F2020-2630,Approved
Rainlucide 70 WP,Niclosamide 70% WP,Shandong Weifang Rainbow Chem,"Rainbow Agrosciences Co.,L",F2020-2485,Approved
Snailcide 70 WP,Niclosamide 70% WP,"AgriGate CropSciences Pte.,Ltd.","Myanmar Awba Group Co.,Lt",F2018-1513,Approved
Agro-Kharu 70 WP,Niclosamide 700g/kg WP,Asiatic Agricultural Industries Pte.,"Farm Link Co.,Ltd.",F2020-2783,Approved
Armo Fruit Set 5% SL,1-Naphthylacetic acid 5% SL,"R.H.F Pte.,Ltd.",Aventine Limited,F2016-1012,Approved
Armo GA 3 10% Tablet,Gibberellic Acid 10% Tablet,"R.H.F Pte.,Ltd.",Aventine Limited,F2016-1011,Approved
Armo Goal 5% SL,Mepiquat Chloride 5% SL,"R.H.F Pte.,Ltd.",Aventine Limited,F2017-1325,Approved
Armo Ruby 480 SL,Ethephon 480 SL,"R.H.F Pte.,Ltd.",Aventine Limited,F2016-1009,Approved
Armo Tonic 2% SL,Nitrophenolate Mixture 2% SL,"R.H.F Pte.,Ltd.",Aventine Limited,F2016-1010,Approved
Atonik Power,Sodium-5-nitroguaiacolate 0.5%w/v + Sodium-Ortho-nitroph,"Grade Laojun Chemical Co.,Ltd.",SIL International Company,F2019-2119,Approved
Booster Hormone,Gibberellic Acid 2g/l + Nitrophenol Compound 7.1g/l SL,"Agrinova Cropcare Pte.,Ltd.","Wi Sar Ra International Co.,",F2019-1996,Approved
Dimei PGR 40 SC,Ethephon 40% SC,Jiangsu Anpon Electrochemical Co,Diamond Light International,F2015-924,Approved
GA Gold,Gibberellic Acid 2% Tablet,Makro Chemical,"Golden Key Co.,Ltd.",F2016-1059,Approved
GeGA3 20 T,GA 3 20% Tablets,Jiangxi Zhengbang Crop Protectior,Myanmar Shwe Thein Tradi,F2020-2419,Approved
Gib 1.5 SL,Gibberellic Acid 1.5% SL,"Agrinova Cropcare Pte.,Ltd.","Wi Sar Ra International Co.,",F2017-1531,Approved
Gibbon 2.5 SL,Gibberellic Acid 2.5% SL,"AgriGate CropSciences Pte.,Ltd.",Myanmar Kaung Thu Kha Co,F2017-1534,Approved
Gibgro 10 SP,Gibberellic Acid 10% SP,Nufarm Malaysia Sdn.Bhd.,"Myanma Awba Group Co.,Lt",FF2021-773,Approved
Global,Gibberellic Acid 2g/l + Nitrophenol Compound 2.42g/l SL,"Optimus Agri-Tech Pte.,Ltd.",Myanmar Kaung Thu Kha Co,F2019-1992,Approved
Goal 50 SL,Mepiquat Chloride 5% SL,"AgriGate CropSciences Pte.,Ltd.","Myanma Awba Group Co.,Lt",F2015-1146,Approved
Golden Arrow 5%,Mepiquat Chloride 5% EC,Makro Chemical,Makro Chemical,F2013-863,Approved
Grow 3,Gibberellic Acid 40% SP,"AgriGate CropSciences Pte.,Ltd.","Myanma Awba Group Co.,Lt",F2015-1144,Approved
Grow All 50 SL,Gibberellic Acid 5% SL,"AgriGate CropSciences Pte.,Ltd.","Myanma Awba Group Co.,Lt",F2017-1516,Approved
Grow Up,Gibberellic Acid 2g/l + Nitrophenol Compound 2.42g/l SL,"Agrinova Cropcare Pte.,Ltd.","Wi Sar Ra International Co.,",F2019-1995,Approved
Improve 40 SL,Ethephon 40% SL,"Chrysalis Crop Pte.,Ltd.","Evogro Co.,Ltd.",F2020-2684,Approved
Litosen 2 SL,Nitrophenols 2%w/v,Forward International Ltd.,"Sim Sim Co.,Ltd.",F2013-615,Approved
Lucdiepto 1 SL,Gibberellic acid 1% SL,Dienban Bio Agrochemical Corpor,Dienban Bio.Agrochemical C,F2014-847,Approved
Map Combo 20%w/w TB,Gibberellic Acid 20% Tablet,"Map Pacific Pte.,Ltd.","Aka Yarzar Co.,Ltd.",F2016-1133,Approved
Mega GA 3,Gibberellic Acid 10% TB,"MAC Chem (Asia) Co.,Ltd.",Mega Grow International Co,F2018-1862,Approved
Mega Tonic,Sodium Nitro Phenolate 2% SL,"MAC Chem (Asia) Co.,Ltd.",Mega Grow International Co,F2018-1861,Approved
Mepiquat Chloride TG,Mepiquat Chloride 97% TG,"AgriGate CropSciences Pte.,Ltd.","Myanma Awba Group Co.,Lt",F2015-1171,Approved
Moralmone,Sodium nitrophenol,"AgriGate CropSciences Pte.,Ltd.","Myanma Awba Group Co.,Lt",F2015-625,Approved
Moralmone Special,Gibberellic Acid 2g/l + Nitrophenol Compound 2.42g/l SL,"AgriGate CropSciences Pte.,Ltd.","Myanma Awba Group Co.,Lt",F2020-1143,Approved
Moralmone super,Nitrophenol Compounds 95% TG,"AgriGate CropSciences Pte.,Ltd.","Myanma Awba Group Co.,Lt",F2015-1145,Approved
Neo N,Mepiquat Chloride 50% EC,"Agrinova Cropcare Pte.,Ltd.","Wi Sar Ra International Co.,",F2014-626,Approved
Pilar GA3,Gibberellic Acid 10%w/w,"Pilarquim (Shanghai) Co.,Ltd.","Marga Min Co.,Ltd.",F2018-1632,Approved
Pin Pyo,Nitrophenol Compound,"Optimus Agri-Tech Pte.,Ltd.",Myanmar kaung Thu Kha Co,F2018-1701,Approved
Plenty 15 WP,Paclobutrazol 15% WP,"AgriGate CropSciences Pte.,Ltd.","Myanma Awba Group Co.,Lt",F2020-2248,Approved
Progib-Z,Gibberellic Acid 20% w/w,"Agsin Pte.,Ltd.",Zagro Myanmar Limited,F2019-2005,Approved
Shwe Kyet Pin Hmyint 10%,Gibberellic Acid 10% TB,"Supernova Intertrade Pte.,Ltd.",TPT Yee Shin (Agriculture) C,F2020-2275,Approved
Shwe Toe Hormone,Gibberellic Acid 5g/l + Nitrophenol Compound 2.5g/l SL,"Agrinova Cropcare Pte.,Ltd.","Wi Sar Ra International Co.,",F2020-2220,Approved
Shwe Tonic 2%,Nitrophenol + Sodium 5 nitroguaiacol,Makro Chemical,"Golden Key Co.,Ltd.",F2011-749,Approved
Special Power,Gibberellic Acid 2% SL,"Grade Laojun Chemical Co.,Ltd.",SIL International Company,F2019-2117,Approved
Super Big 0.25 SL,Mepiquat Chloride 0.25% SL,"Unochem Co.,Ltd.","Agro Bio Product Co.,Ltd.",F2016-789,Approved
Super Gibgro 20% TB,Gibberellic Acid 20% TB,"Shanghai Tongrui Biotech Co.,Ltd.",Wah Wah Agricultural Chem,F2018-1337,Approved
VIKIPI,NAA 0.3% + NOA 0.3%w/w WP,"Vietnam Pesticide Co.,Ltd.",Myint Myat Agrochemical E,F2010-681,Approved
Vimogreen,Gibberellic acid 1.34%w/w,"Vietnam Pesticide Co.,Ltd.",Myint Myat Agrochemical E,F2013-682,Approved
Vine More Green 10,Gibberellic Acid 10% TB,Flourish Axis Business Holding Pte,Myint Myat Agrochemical E,F2017-1202,Approved
VIPAC 88 WP,NAA 0.5%w/w + NOA 0.5%w/w,"Vietnam Pesticide Co.,Ltd.",Myint Myat Agrochemical E,F2013-680,Approved
VI-TDQ 40 SC,2-Naphthoxy Acetic Acid 40% SC,"Vietnam Pesticide Co.,Ltd.",Myint Myat Agrochemical E,FF2020-679,Approved
W-tonic,Nitrophenol Compound 1.95% SL,"Agrinova Cropcare Pte.,Ltd.","Wi Sar Ra International Co.,",F2019-1997,Approved
GA Min 15 T,Gibberellic Acid 15% Tablet,"Agro Star Pte.,Ltd.","Asian Crops Global Co.,Ltd.",F2018-1744,Approved
GrowAll 100 T,Gibberellic acid 10% T,"AgriGate CropSciences Pte.,Ltd.","Myanma Awba Group Co.,Lt",F2020-2885,Approved
M-GA,Gibberellic Acid 5% (Tablet),"Mountain Peak Cropcare Pte.,Ltd.",Marlarmyaing Public Compa,F2020-3016,Approved
Nitrophenol Compound TC,Nitrophenol Compound 98% TG,"AgriGate CropSciences Pte.,Ltd.","Myanma Awba Group Co.,Lt",F2020-2271,Approved
Smile 2 SL,Sodium-Nitrophenol Compound 2% SL,"Agro Star Pte.,Ltd.","Min Mahaw Co.,Ltd.",F2018-1745,Approved
Guaking 30 SL,Choline Chloride 30 % SL,"Iprochem Co.,Ltd.","Myanmar Golden Byter Co.,",F2021-3266,Approved
Moking 0.4 SL,Kinetin 0.4% SL,"Iprochem Co.,Ltd.","Myanmar Golden Byter Co.,",F2021-3267,Approved
NAB-Gibb 20 TB,Gibberellic Acid 20% TB,Zibo NAB Agrochemicals Limited,"Topagri Myanmar Co.,Ltd.",F2021-3254,Approved
Roking 0.6 SL,4-Indol-3-Ylbutyric Acid 0.6% SL,"Iprochem Co.,Ltd.",Myanmar Byter Agro Tech C,F2021-3265,Approved
4 Rats 80 WP,Zinc Phosphide 80% WP,"Chrysalis Crop Pte.,Ltd.","Evogro Co.,Ltd.",F2020-2216,Approved
Forwarat 0.005% Bait,Brodifacoum 0.005%w/w Bait,Forward (Beihai) Hepu Pesticide C,"Sim Sim Co.,Ltd.",F2015-227,Approved
Racumin (Powder),Coumatetralyl 0.75% CP,"Bayer Thai Co.,Ltd.","Myanmar Frontline Co.,Ltd.",F2019-2125,Approved
Taegeuk Brodifacoum,Brodifacoum 2.5% Liquid,Taegeuk Corporation Korea,Happy Pest Control & Pestic,F2017-1402,Approved
Hit Rat Bait,Bromadiolone 0.005% RB,Fytocare Chemicals (P) Ltd.,Myanmar Consumer Enterp,F2020-2469,Approved
Mega Sniper,Warfarin 2% D,"MAC Chem (Asia) Co.,Ltd.",Mega Grow International Co,F2021-3063,Approved
Roban,Bromadiolone 0.05g/kg RB,Asiatic Agricultural Industries Pte.,"JJ-Pun Trading Co.,Ltd.",F2020-2781,Approved
Tancap 50 WP,Captan 50% WP,Shandong Weifang Rainbow Chem,"Rainbow Agrosciences Co.,L",P2017-3945,Approved
Tancap 80 WG,Captan 80% WG,Shandong Weifang Rainbow Chem,Marlarmyaing Public Compa,P2017-3946,Approved
Aplio 370 SC,Dimethomorph 24%w/w + Pyraclostrobin 13%w/w SC,Advansia Sdn.Bhd.,"Advansia Agroscience Co.,Lt",P2021-4133,Approved
BNS Pyrac 250 EC,Pyraclostrobin 250g/l EC,Shandong Binnong Technology Co,"Myanmar Golden Byter Co.,",P2021-4353,Approved
Byter Dibin,Difenoconazole 20% + Pyraclostrobin 10% SC,Anhui Byter Agriculture Technolog,"Myanmar Golden Byter Co.,",P2021-4697,Approved
Fosthisu,Fosthiazate 10% GR,Liuzhou Huinong Chemical Industr,"Myanmar Kete Co.,Ltd.",P2021-4780,Approved
Let Swel 25 SC,Pyraclostrobin 25% SC,Shandong Kangqiao Bio-Technolo,Myanmar Byter Agro Tech C,P2021-4633,Approved
NAB-Boss 25 EC,Pyraclostrobin 25% EC,Zibo NAB Agrochemicals Limited,"Topagri Myanmar Co.,Ltd.",P2021-4502,Approved
Pymeram 60 WG,Metiram 55% + Pyraclostrobin 5% WG,Shandong Kangqiao Bio-Technolo,Myanmar Byter Agro Tech C,P2021-4670,Approved
Pyraguard 25 EC,Pyraclostrobin 25% EC,Shandong Kangqiao Bio-Technolo,Myanmar Byter Agro Tech C,P2021-4629,Approved
SHINN SHIN 25 SC,Pyraclostrobin 25% SC,Shandong Vicome Greenland Cher,"Arvis Cropscience Co.,Ltd.",P2021-4247,Approved
Adam 60 WDG,Azoxystrobin 20% + Dimethomorph 40% WDG,"Syntech International Co.,Ltd.",Golden Lion High Tech Agric,P2021-4480,Approved
AP-Dizo,Azoxystrobin 20% + Dimethomorph 10% WG,Shandong Topagri Limited,"Agro Power Co.,Ltd.",P2021-4251,Approved
AP-Nemato,Fosthiazate 10% GR,Zibo NAB Agrochemicals Limited,"Agro Power Co.,Ltd.",P2021-4307,Approved
BZ Frigate,Azoxystrobin 6.6% + Fludioxonil 1.1% + Metalaxyl-M 3.3% FS,"Shannxi Biogen Crop Science Co.,L",Myanmar Wai Fung Agricult,P2021-4415,Approved
DC-80 WP,Chlorothalonil 50% + Dimethomorph 30% WP,"Syntech International Co.,Ltd.","Farm Link Co.,Ltd.",P2021-3518,Approved
Dinosour 47 WP,Copper Oxychloride 45% + Kasugamycin 2% WP,"Agro Icon Cropscience Pte.,Ltd.","Aka Yarzar Co.,Ltd.",P2021-4394,Approved
D-MAH 47% WP,Copper Oxychloride 45% + Kasugamycin 2% WP,My Golden Crop Enterprise,"Golden Rocket Co.,Ltd.",P2021-4164,Approved
DUO 530 WP,Chlorothalonil 500g/kg + Dimethomorph 300g/kg WP,Asiatic Agricultural Industries Pte.,Asiatic Agricultural Industrie,P2021-4252,Approved
DynaZeb 690 WP,Dimethomorph 90g/kg + Mancozeb 600g/kg WP,Asiatic Agricultural Industries Pte.,Asiatic Agricultural Industrie,P2021-3757,Approved
Equator 45 SC,Hexaconazole 5% + Tricyclazole 40% SC,"Agrinova Cropcare Pte.,Ltd.","Wi Sar Ra International Co.,",P2021-4381,Approved
EverGol Xtend 308 FS,Penflufen 154g/l + Trifloxystrobin 154g/l FS,Bayer AG,"Bayer Thai Co.,Ltd. (Myanm",P2021-4185,Approved
Detail Shin,Fosthiazate 10% GR,"Hebei Veyong Bio-Chemical Co.,Lt",Agro Green Land Chemical,P2021-4159,Approved
Linic 20 WP,Oxolinic Acid 20% WP,"Agrinova Cropcare Pte.,Ltd.","Wi Sar Ra International Co.,",P2021-4305,Approved
NAB-Champion 47 WP,Copper Oxychloride 45% + Kasugamycin 2% WP,Zibo NAB Agrochemicals Limited,"Topagri Myanmar Co.,Ltd.",P2021-4250,Approved
NAB-San Thit 450 EW,Prochloraz 450g/l EW,Zibo NAB Agrochemicals Limited,"Topagri Myanmar Co.,Ltd.",P2021-4248,Approved
NPS Help,Ethirimol 25% SC,Shenzhen Noposion Agrochemical,Myanmar Wai Fung Agricult,P2021-4412,Approved
NPS Income,Azoxystrobin 20% + Epoxiconazole 15% SC,Shenzhen Noposion Agrochemical,Myanmar Wai Fung Agricult,P2021-4413,Approved
NPS Light,Prochloraz 26.7% + Tebuconazole 13.3% EW,Shenzhen Noposion Agrochemical,Myanmar Wai Fung Agricult,P2021-4241,Approved
NPS Neure,Thifluzamide 24% SC,Shenzhen Noposion Agrochemical,Myanmar Wai Fung Agricult,P2021-4368,Approved
NPS Powerson,Difenoconazole 20% + Pyraclostrobin 10% SC,Shenzhen Noposion Agrochemical,Myanmar Wai Fung Agricult,P2021-4239,Approved
NPS Right,Cymoxanil 20% + Dimethomorph 50% WG,Shenzhen Noposion Agrochemical,Myanmar Wai Fung Agricult,P2021-4414,Approved
NPS Together,Difenoconazole 250g/l + Propiconazole 250g/l EC,Shenzhen Noposion Agrochemical,Myanmar Wai Fung Agricult,P2021-4244,Approved
NPS Umbrella,Prochloraz 45% ME,Shenzhen Noposion Agrochemical,Myanmar Wai Fung Agricult,P2021-4245,Approved
RDF Clear,Procymidone 50% WP,Dongguan Ruidefeng Biotechnolo,Myanmar Wai Fung Agricult,P2021-4444,Approved
RDF Powerful,Epoxiconazole 125g/l SC,Dongguan Ruidefeng Biotechnolo,Myanmar Wai Fung Agricult,P2021-4240,Approved
Special Power 25 EC,Pyraclostrobin 25% EC,"Bing Hui Pte.,Ltd.","Shwe Thit Oo Co.,Ltd.",P2021-4204,Approved
Taqat 75% WP,Captan 70% + Hexaconazole 5% WP,Rallis India Limited,Aventine Limited,P2021-4235,Approved
Velum Prime 400 SC,Fluopyram 400g/l SC,Bayer AG,"Bayer Thai Co.,Ltd. (Myanm",P2021-4186,Approved
XN WAITER,Hymexazol 2.5% + Metalaxyl 0.5% SL,"Fujian Sino-dashing Bio-Tech Co.,L",Myanmar Wai Fung Agricult,P2021-4217,Approved
ZFN Universe,Boscalid 50% WG,Shandong Jophne Biotechnology,Myanmar Wai Fung Agricult,P2021-4243,Approved
3 View 2 SC,Hexaconazole 2% SC,Hanearl Science Ltd.,"Royal Distribution Co.,Ltd.",P2017-3968,Approved
ABADO 50 WP,Dimethomorph 50% WP,Advansia Sdn.Bhd.,"Advansia Agroscience Co.,Lt",P2019-4541,Approved
Abin,Azoxystrobin 250g/l SC,Shandong United Pesticide Indust,"Huynh Zaw Co.,Ltd.",P2018-4356,Approved
ACO ONE 25% EC,Propiconazole 25% EC,"Grade Laojun Chemical Co.,Ltd.","Yoon Yoon Agro Co.,Ltd.",P2018-4147,Approved
Acrobat MZ,Dimethomorph 9%w/w + Mancozeb 60%w/w WP,"BASF SE, Germany","Y Agro Solution Co.,Ltd.",P2017-514,Approved
Admiral 25 SC,Azoxystrobin 250g/l SC,"Lier Chemical Co.,Ltd.",Agro Green Land Chemical,P2017-3561,Approved
Adobe 32.5 SC,Azoxystrobin 20% + Difenoconazole 12.5% SC,"Optimus Agri-Tech Pte.,Ltd.",Myanmar Kaung Thu Kha Co,P2017-1994,Approved
Affix 250 SC,Azoxystrobin 25% SC,UPL Limited,"Vanida Myanmar Co.,Ltd.",P2019-4598,Approved
Agilaby,Propamocarb Hydrochloride 722g/l SL,Dongguan Ruidefeng Biotechnolo,Myanmar Wai Fung Agricult,P2020-4741,Approved
Agro Breaker,Dimethomorph 50%w/w WG,"Jiangsu Greenscie Chemical Co.,Lt","Agro Frey Co.,Ltd.",P2017-3612,Approved
Agro Feno,Difenoconazole 25%w/w EC,"Jiangsu Greenscie Chemical Co.,Lt","Agro Frey Co.,Ltd.",P2017-3611,Approved
Agro Feno Two,Difenoconazole 10% WG,"Jiangsu Greenscie Chemical Co.,Lt","Agro Frey Co.,Ltd.",P2017-3610,Approved
Agro Floxy,Trifloxystrobin 50%w/w WG,"Jiangsu Greenscie Chemical Co.,Lt","Agro Frey Co.,Ltd.",P2017-3617,Approved
Agro Star,Azoxystrobin 250g/l SC,"Jiangsu Greenscie Chemical Co.,Lt","Agro Frey Co.,Ltd.",P2017-3609,Approved
Agro Star two,Azoxystrobin 50%w/w WG,"Jiangsu Lanfeng Biochemical Co.,L","Agro Frey Co.,Ltd.",P2017-3619,Approved
Agro Sulf Frey 50 SC,Sulfur 50% SC,"Hebei Shuangji Chemical Co.,Ltd.","Agro Frey Co.,Ltd.",P2019-4507,Approved
Agro Tri,Tricyclazole 75% WP,"Jiangsu Greenscie Chemical Co.,Lt","Agro Frey Co.,Ltd.",P2017-3616,Approved
Agrozobin 25% SC,Azoxystrobin 25% SC,"Unochem Co.,Ltd.","Agro Bio Product Co.,Ltd.",P2017-1876,Approved
AI MYAUNG 45 SC,Azoxystrobin 15% + Tebuconazole 30% SC,Guangxi Tianyuan Biochemistry C,"Arvis Cropscience Co.,Ltd.",P2020-4479,Approved
All Leave,Azoxystrobin 20% + Difenoconazole 12% SC,"Shaanxi Royal Cropscience Co.,Ltd","Y Agro Solution Co.,Ltd.",P2019-4743,Approved
ALPINE 80 WG,Fosetyl-Aluminium 80%w/w WG,Saigon Plant Protection Joint Stoc,"Golden Rocket Co.,Ltd.",P2018-4320,Approved
AM-FORWARD 430 SC,Tebuconazole 430g/l SC,Shandong Topagri Limited,"Agriman Myanmar Co.,Ltd.",P2018-4135,Approved
AM-Grain 25 SC,Azoxystrobin 25% SC,Shandong Topagri Limited,"Agriman Myanmar Co.,Ltd.",P2018-4706,Approved
AMOLIN 300 EC,Difenoconazole 15% + Propiconazole 15% EC,Advansia Sdn.Bhd.,"Advansia Agroscience Co.,Lt",P2020-4553,Approved
AMOTOP 325 SC,Azoxystrobin 20%w/v + Difenoconazole 12.5%w/v SC,Advansia Sdn.Bhd.,"Advansia Agroscience Co.,Lt",P2018-4132,Approved
AM-Runner 10 WDG,Difenoconazole 10% WDG,Shandong Topagri Limited,"Agriman Myanmar Co.,Ltd.",P2019-4600,Approved
AM-Xtra,Chlorothalonil 40% SC,Shandong Topagri Limited,"Agriman Myanmar Co.,Ltd.",P2020-4926,Approved
Ann Fun 200 SC,Tebuconazole 200g/l SC,"An Nong Group Co.,Ltd.",Myanmar Kaung Hman Group,P2020-5175,Approved
Ann Super Ongvin 100 SC,Hexaconazole 100g/l SC,"An Nong Group Co.,Ltd.",Myanmar Kaung Hman Group,P2020-5174,Approved
Anthripe,Azoxystrobin 15% + Difenoconazole 20% SC,Dongguan Ruidefeng Biotechnolo,"Thin Thin Hmwe Co.,Ltd.",P2019-4746,Approved
Anzujin 70 WP,Propineb 70%w/w WP,Kenso Corporation (M) Sdn.Bhd.,"Grand Agrocare Co.,Ltd.",P2018-4445,Approved
Royal Conil,Chlorothalonil 40% SC,Shandong Topagri Limited,"Royal Shin Thant Co.,Ltd.",P2020-4842,Approved
Royal Downy,Propamocarb Hydrochloride 722g/l SL,Shandong Topagri Limited,"Royal Shin Thant Co.,Ltd.",P2020-4820,Approved
AP-G Plus,Chlorothalonil 640g/kg + Metalaxyl 80g/kg WP,Shandong Topagri Limited,"Agro Power Co.,Ltd.",P2018-4233,Approved
AP-Hmo Shin,Epoxiconazole 50g/l + Pyraclostrobin 133g/l SE,Shandong Topagri Limited,"Agro Power Co.,Ltd.",P2020-4308,Approved
AP-Scole,Difenoconazole 250g/l EC,Zibo NAB Agrochemicals Limited,"Agro Power Co.,Ltd.",P2018-4300,Approved
Ar Raw Jan 400 EC,Isoprothiolane 400g/l EC,"Agrinova Cropcare Pte.,Ltd.","Wi Sar Ra International Co.,",P2020-5158,Approved
ARIMO 250 EC,Difenoconazole 250g/l EC,Advansia Sdn.Bhd.,"Advansia Agroscience Co.,Lt",P2019-4582,Approved
Armo Bestcide 80% WP,Fosetyl-aluminium 80% WP,"R.H.F Pte.,Ltd.",Aventine Limited.,P2017-3854,Approved
Armo Venus,Difenoconazole 15% + Propiconazole 15% EC,"R.H.F Pte.,Ltd.",Aventine Limited.,P2017-1323,Approved
Armo Zoxim,Kresoxim-methyl 50% WG,"R.H.F Pte.,Ltd.",Aventine Limited.,P2018-1499,Approved
Armstar 30 SC,Hexaconazole 30% SC,"Lier Chemical Co.,Ltd.",Agro Green Land Chemical,P2017-3567,Approved
Astronaut 32.5 SC,Azoxystrobin 20% + Difenoconazole 12.5% SC,"Syntech International Co.,Ltd.","Farm Link Co.,Ltd.",P2018-4481,Approved
AT-Dime 50 WP,Dimethomorph 50% WP,"Syntech International Co.,Ltd.","AGT, Agro Tech Co.,Ltd.",P2017-3376,Approved
AT-Zeb 80 WP,Mancozeb 80% WP,"Syntech International Co.,Ltd.","Farm Link Co.,Ltd.",P2017-3383,Approved
Avior 250 SC,Azoxystrobin 25%w/v SC,Kenso Corporation (M) Sdn.Bhd.,"Grand Agrocare Co.,Ltd.",P2018-4468,Approved
Awba Jade 300 EC,Difenoconazole 150g/l + Propiconazole 150g/l EC,"AgriGate CropSciences Pte.,Ltd.","Myanma Awba Group Co.,Lt",P2017-2224,Approved
Awba Sa Par Hmo Say 525,Propiconazole 12.5% + Tricyclazole 40% SE,"AgriGate CropSciences Pte.,Ltd.","Myanma Awba Group Co.,Lt",P2018-2234,Approved
Awba Swe Sone(1) 550 SC,Chlorothalonil 45% + Cymoxanil 6.5% + Hexaconazole 3.5% SC,"AgriGate CropSciences Pte.,Ltd.","Myanma Awba Group Co.,Lt",P2017-2223,Approved
Awba Swe Sone(2) 575 WP,Azoxystrobin 12.5% + Bismerthiazol 20% + Dimethomorph 25%,"AgriGate CropSciences Pte.,Ltd.","Myanma Awba Group Co.,Lt",P2017-2222,Approved
Azidox 32.5 SC,Azoxystrobin 20% + Difenoconazole 12.5% SC,Hailir Pesticides and Chemicals Gr,"Hailir Myanmar Co.,Ltd.",P2020-4844,Approved
Azo 25 SC,Azoxystrobin 25% SC,"Syntech International Co.,Ltd.","Farm Link Co.,Ltd.",P2017-3519,Approved
Azo Power 32.5% SC,Azoxystrobin 20% + Difenoconazole 12.5% SC,Agro Nature Land Cropsciences Pt,Agro Green Land Chemical,P2018-4372,Approved
Azoteb 777 WDG,Azoxystrobin 50% + Tebuconazole 27.7% WDG,"Syntech International Co.,Ltd.",Golden Lion High Tech Agric,P2018-2336,Approved
B Mycin 2 SL,Kasugamycin 2% SL,"Ningbo Generic Chemical Co.,Ltd.",Golden Wish Agribusiness C,P2017-3883,Approved
Bacare,Kasugamycin 2% SL,"Fujian Sino-dashing Bio-Tech Co.,L",Myanmar Wai Fung Agricult,P2019-4708,Approved
Baclean,Kasugamycin 2% SL,"Qingdao Star Cropscience Co.,Ltd.","Thin Thin Hmwe Co.,Ltd.",P2019-4709,Approved
Baysure,Difenoconazole 37% WG,"Shaanxi Biogen Crop Science Co.,L","Thin Thin Hmwe Co.,Ltd.",P2019-4785,Approved
Bemstar 750 DF,Tricyclazole 750g/kg DF,"Eastchem Co.,Ltd.","Myanma Awba Group Co.,Lt",P2017-3490,Approved
Best 69 WP,Dimethomorph 9% + Mancozeb 60% WP,"Agro Star Pte.,Ltd.","Asian Crops Global Co.,Ltd.",P2018-2288,Approved
Billion 20 WP,Bismerthiazol 20% WP,"AgriGate CropSciences Pte.,Ltd.","Myanma Awba Group Co.,Lt",2015-1805,Approved
Bimzole 75 WP,Tricyclazole 75% WP,"Sinamyang Group Pte.,Ltd.","Asian Crops Global Co.,Ltd.",P2017-3919,Approved
Binhsin 70% WP,Thiophanate-methyl 70% WP,"Bailing Agrochemical Co.,Ltd.","Aka Yarzar Co.,Ltd.",P2017-3558,Approved
Binhtin 75% WP,Tricyclazole 75% WP,"Bailing Agrochemical Co.,Ltd.",Agro Green Land Chemical,P2017-3559,Approved
BIONBAC,Bacillus subtilis 1x109cfu/g WP,Bion Tech Inc,"Vanida Myanmar Co.,Ltd.",P2017-3990,Approved
Bismer,Bismerthiazol 20% WP,"Ningbo Cycle Chemical Co.,Ltd.",Golden Wish Agribusiness C,P2018-4395,Approved
Blockbuster,Propamocarb Hydrochloride 722g/l SL,"Henan Blue Sky Chemical Co.,Ltd.","Shwe Chan Wii Co.,Ltd.",P2020-4843,Approved
Bluten,Copper Hydroxide 77% WP,Dongguan Ruidefeng Biotechnolo,Myanmar Wai Fung Agricult,P2019-4745,Approved
BNS Azo Difeno,Azoxystrobin 25% + Difenoconazole 15% SC,Shandong Binnong Technology Co,Wah Wah Agricultural Chem,P2017-3655,Approved
BNS Dimorph,Dimethomorph 50% WP,Shandong Binnong Technology Co,"Marga Min Co.,Ltd.",P2017-3646,Approved
BNS Hmaw Ka Wi,Azoxystrobin 25% SC,Shandong Binnong Technology Co,"Y Agro Solution Co.,Ltd.",P2017-3656,Approved
BNS Manco,Mancozeb 80% WP,Shandong Binnong Technology Co,"Marga Min Co.,Ltd.",P2017-3647,Approved
BNS Propi,Propiconazole 25% EC,Shandong Binnong Technology Co,"Marga Min Co.,Ltd.",P2017-3648,Approved
BNS Say Wake Zar,Difenoconazole 25% EC,Shandong Binnong Technology Co,"Y Agro Solution Co.,Ltd.",P2017-3661,Approved
Bonus +,Kresoxim-methyl 50% WG,"Syntech International Co.,Ltd.",Golden Lion High Tech Agric,P2017-3434,Approved
Boonove,Propineb 70% WP,Shenzhen Noposion Agrochemical,Myanmar Wai Fung Agricult,P2019-4711,Approved
Briskway 325 SC,Azoxystrobin 20% + Difenoconazole 12.5%w/v SC,Syngenta Crop Protection Ltd.,"JJ-Pun Trading Co.,Ltd.",P2017-3448,Approved
Buster-M 72 WP,Cymoxanil 8% + Mancozeb 64% WP,Indofil Industries Limited,Myanmar Arysta LifeScience,P2018-2793,Approved
Byter A Fan 26 SC,Azoxystrobin 16% + Difenoconazole 10% SC,Anhui Byter Agriculture Technolog,"Myanmar Golden Byter Co.,",P2017-3675,Approved
Byter Aliba 50 WP,Kresoxim-methyl 50% WP,Anhui Byter Agriculture Technolog,Kesai Eagrow (Myanmar) Co,P2017-3687,Approved
Byter Bacter King 2 SL,Kasugamycin 2% SL,Anhui Byter Agriculture Technolog,Kesai Eagrow (Myanmar) Co,P2017-3686,Approved
Byter Bravo 40 EC,Isoprothiolane 40% EC,Anhui Byter Agriculture Technolog,Kesai Eagrow (Myanmar) Co,P2017-3685,Approved
Byter Control 80 WDG,Dimethomorph 80% WDG,Anhui Byter Agriculture Technolog,Kesai Eagrow (Myanmar) Co,P2017-3680,Approved
Byter Gyo Thar 72 WP,Mancozeb 64% + Metalaxyl 8% WP,Anhui Byter Agriculture Technolog,"Myanmar Golden Byter Co.,",P2017-3689,Approved
Byter Halmet 5 ME,Hexaconazole 5% ME,Anhui Byter Agriculture Technolog,"Myanmar Golden Byter Co.,",P2017-3683,Approved
Byter Moe Set 80 WP,Mancozeb 80% WP,Anhui Byter Agriculture Technolog,"Myanmar Golden Byter Co.,",P2017-3690,Approved
Byter Nyi Naung 15 SC,Dimethomorph 10% + Hexaconazole 5% SC,Anhui Byter Agriculture Technolog,"Myanmar Golden Byter Co.,",P2020-3699,Approved
Byter Proud 48 EC,Prochloraz 48% EC,Anhui Byter Agriculture Technolog,"Myanmar Golden Byter Co.,",P2020-3701,Approved
Byter Rainger 50 EC,Difenoconazole 25% + Propiconazole 25% EC,Anhui Byter Agriculture Technolog,"Myanmar Golden Byter Co.,",P2020-3698,Approved
Byter Royal 10 WDG,Difenoconazole 10% WDG,Anhui Byter Agriculture Technolog,Kesai Eagrow (Myanmar) Co,P2017-3679,Approved
Byter Star 25 SC,Iprodione 20% + Tebuconazole 5% SC,Anhui Byter Agriculture Technolog,"Myanmar Golden Byter Co.,",P2020-3700,Approved
BZ Invincible,Chlorothalonil 75% WP,"Shannxi Biogen Crop Science Co.,L",Myanmar Wai Fung Agricult,P2018-4388,Approved
BZ Wall,Sulfur 50% SC,"Shaanxi Biogen Crop Science Co.,L",Myanmar Wai Fung Agricult,P2018-4416,Approved
Captan 50 WP,Captan 50% WP,The Erawan Agricultural Chemical,Aventine Limited,P2019-4506,Approved
Cherish,Propiconazole 50% EC,Dongguan Ruidefeng Biotechnology,Myanmar Wai Fung Agriculture,P2020-4875,Approved
Contact 45% SC,Hexaconazole 5% + Tricyclazole 40% SC,"Optimus Agri-Tech Pte., Ltd.",Myanmar Kaung Thu Kha Co.,P2018-2981,Approved
Contaf Plus 5% SC,Hexaconazole 5% SC,Rallis India Limited,Aventine Limited,P2017-3858,Approved
COP STAR 85 WP,Copper-Oxychloride 85% WP,"Paragon AgroChem Pte., Ltd.","Min Galar Hinnthar Co., Ltd.",P2018-4149,Approved
Copforce Extra 43.95 WP,Copper Oxychloride 39.75% + Cymoxanil 4.2% WP,Zenith Crop Sciences Bulgaria Ltd.,"Buronos Private Co., Ltd.",P2018-2180,Approved
Copoxcin 47 WP,Copper Oxychloride 45% + Kasugamycin 2% WP,"Shanghai E-Tong Chemical Co., Ltd.",Wah Wah Agricultural Chem,P2020-3669,Approved
Crop-Cohey,Copper Hydroxide 77% WP,Crop-China Internationals Limited,Myanmar Byter Agro Tech Co.,P2017-4003,Approved
Crop-Marsur,Azoxystrobin 250g/l SC,Crop-China Internationals Limited,Myanmar Byter Agro Tech Co.,P2017-4000,Approved
Crop-Sterile 50 WP,Iprodione 50% WP,Crop-China Internationals Limited,"Myanmar Golden Byter Co., Ltd.",P2017-4008,Approved
Crozate Plus 72 WP,Cymoxanil 8% + Mancozeb 64% WP,The Erawan Agricultural Chemical,"Royal Shin Thant Co., Ltd.",P2017-2358,Approved
Cy Nil,Cymoxanil 25% WP,"Agro Icon Cropscience Pte., Ltd.","Aka Yarzar Co., Ltd.",P2020-5115,Approved
Cymanco 72 WP,Cymoxanil 8% + Mancozeb 64% WP,"Optimus Agri-Tech Pte., Ltd.",Myanmar Kaung Thu Kha Co.,P2017-1533,Approved
Cymoxze,Cymoxanil 25% WP,"Agro Icon Cropscience Pte., Ltd.","Marga Min Co., Ltd.",P2020-5113,Approved
Dami,Azoxystrobin 200g/l + Difenoconazole 125g/l SC,Shandong United Pesticide Industry,Myanmar Byter Agro Tech Co.,P2018-4370,Approved
Deam 75 WP,Tricyclazole 75% WP,Hextar Chemicals Sdn. Bhd.,Wah Wah Agricultural Chem,P2020-4847,Approved
Dennis,Difenoconazole 15% + Propiconazole 15% EC,"Thep Watana Co., Ltd. (Thailand)","SASA International Co., Ltd.",P2020-4751,Approved
Diadust 5 SL,Validamycin 5% SL,"Optimus Agri-Tech Pte., Ltd.",Myanmar Kaung Thu Kha Co.,P2020-5153,Approved
DIBIM 32.5% SC,Azoxystrobin 20% + Difenoconazole 12.5% SC,"Grade Laojun Chemical Co., Ltd.","Yoon Yoon Agro Co., Ltd.",P2018-4321,Approved
Difeno,Difenoconazole 10% ME,Shandong United Pesticide Industry,"Shwe Sike Khinn Co., Ltd.",P2020-5052,Approved
Dime,Dimethomorph 500g/l SC,Shandong United Pesticide Industry,Diamond Light International,P2018-4357,Approved
Captan 50 WP,Captan 50% WP,The Erawan Agricultural Chemical,Aventine Limited,P2019-4506,Approved
Cherish,Propiconazole 50% EC,Dongguan Ruidefeng Biotechnology,Myanmar Wai Fung Agriculture,P2020-4875,Approved
Contact 45% SC,Hexaconazole 5% + Tricyclazole 40% SC,"Optimus Agri-Tech Pte., Ltd.",Myanmar Kaung Thu Kha Co.,P2018-2981,Approved
Contaf Plus 5% SC,Hexaconazole 5% SC,Rallis India Limited,Aventine Limited,P2017-3858,Approved
COP STAR 85 WP,Copper-Oxychloride 85% WP,"Paragon AgroChem Pte., Ltd.","Min Galar Hinnthar Co., Ltd.",P2018-4149,Approved
Copforce Extra 43.95 WP,Copper Oxychloride 39.75% + Cymoxanil 4.2% WP,Zenith Crop Sciences Bulgaria Ltd.,"Buronos Private Co., Ltd.",P2018-2180,Approved
Copoxcin 47 WP,Copper Oxychloride 45% + Kasugamycin 2% WP,"Shanghai E-Tong Chemical Co., Ltd.",Wah Wah Agricultural Chem,P2020-3669,Approved
Crop-Cohey,Copper Hydroxide 77% WP,Crop-China Internationals Limited,Myanmar Byter Agro Tech Co.,P2017-4003,Approved
Crop-Marsur,Azoxystrobin 250g/l SC,Crop-China Internationals Limited,Myanmar Byter Agro Tech Co.,P2017-4000,Approved
Crop-Sterile 50 WP,Iprodione 50% WP,Crop-China Internationals Limited,"Myanmar Golden Byter Co., Ltd.",P2017-4008,Approved
Crozate Plus 72 WP,Cymoxanil 8% + Mancozeb 64% WP,The Erawan Agricultural Chemical,"Royal Shin Thant Co., Ltd.",P2017-2358,Approved
Cy Nil,Cymoxanil 25% WP,"Agro Icon Cropscience Pte., Ltd.","Aka Yarzar Co., Ltd.",P2020-5115,Approved
Cymanco 72 WP,Cymoxanil 8% + Mancozeb 64% WP,"Optimus Agri-Tech Pte., Ltd.",Myanmar Kaung Thu Kha Co.,P2017-1533,Approved
Cymoxze,Cymoxanil 25% WP,"Agro Icon Cropscience Pte., Ltd.","Marga Min Co., Ltd.",P2020-5113,Approved
Dami,Azoxystrobin 200g/l + Difenoconazole 125g/l SC,Shandong United Pesticide Industry,Myanmar Byter Agro Tech Co.,P2018-4370,Approved
Deam 75 WP,Tricyclazole 75% WP,Hextar Chemicals Sdn. Bhd.,Wah Wah Agricultural Chem,P2020-4847,Approved
Dennis,Difenoconazole 15% + Propiconazole 15% EC,"Thep Watana Co., Ltd. (Thailand)","SASA International Co., Ltd.",P2020-4751,Approved
Diadust 5 SL,Validamycin 5% SL,"Optimus Agri-Tech Pte., Ltd.",Myanmar Kaung Thu Kha Co.,P2020-5153,Approved
DIBIM 32.5% SC,Azoxystrobin 20% + Difenoconazole 12.5% SC,"Grade Laojun Chemical Co., Ltd.","Yoon Yoon Agro Co., Ltd.",P2018-4321,Approved
Difeno,Difenoconazole 10% ME,Shandong United Pesticide Industry,"Shwe Sike Khinn Co., Ltd.",P2020-5052,Approved
Dime,Dimethomorph 500g/l SC,Shandong United Pesticide Industry,Diamond Light International,P2018-4357,Approved
Dimension 50 WP,Dimethomorph 50% WP,"Syntech International Co., Ltd.","Farm Link Co., Ltd.",P2017-3521,Approved
Dize 32.5 SC,Azoxystrobin 20% + Difenoconazole 12.5% SC,"Agrinova Cropcare Pte., Ltd.","Wi Sar Ra International Co., Ltd.",P2017-1694,Approved
Double Kasu 4% WP,Kasugamycin 4% WP,"Shanghai Topchems Industry Co., Ltd.","Agro Power Co., Ltd.",P2017-3407,Approved
Doublezole 300 EC,Difenoconazole 150g/l + Propiconazole 150g/l EC,"Limin Chemical Co., Ltd.",Limin Chemical (Myanmar),P2020-4022,Approved
Dowmar,Dimethomorph 80% WG,Dongguan Ruidefeng Biotechnology,Myanmar Wai Fung Agriculture,P2019-4713,Approved
Downy Super,Tebuconazole 430g/l SC,Shandong Vicome Greenland Chem,"Shenbon Agrosciences Co., Ltd.",P2020-4973,Approved
DuPontª Curzate M¨ 8,Cymoxanil 80g/kg + Mancozeb 640g/kg WP,DuPont Company (Singapore) Pte.,Corteva Agriscience (Myanmar),P2017-3340,Approved
DuPontª Zorvec Encan,Famoxadone 28.8% + Oxathiapiprolin 2.88%w/w SE,DuPont Company (Singapore) Pte.,Corteva Agriscience (Myanmar),P2018-3337,Approved
Erafostyl,Fosetyl-aluminium 80% WP,The Erawan Agricultural Chemical,Aventine Limited,P2017-3727,Approved
Eramycin 3 SL,Validamycin 3%w/v SL,The Erawan Agricultural Chemical,Aventine Limited,P2017-3735,Approved
Erapizole,Propiconazole 25% EC,The Erawan Agricultural Chemical,Aventine Limited,P2019-4505,Approved
Erapromure,Difenoconazole 15% + Propiconazole 15% EC,The Erawan Agricultural Chemical,Aventine Limited,P2020-3721,Approved
Erastar 32.5 SC,Azoxystrobin 20% + Difenoconazole 12.5%w/v SC,The Erawan Agricultural Chemical,Aventine Limited,P2017-4916,Approved
Eratrax,Propineb 70% WP,The Erawan Agricultural Chemical,Aventine Limited,P2017-3731,Approved
Ergon 50 SC,Kresoxim-methyl 50% SC,Rallis India Limited,Aventine Limited,P2017-3859,Approved
E-T Dimet 50 WP,Dimethomorph 50% WP,"Shanghai E-Tong Chemical Co., Ltd.","Yonta Myanmar Co., Ltd.",2016-3178,Approved
Everest 1,Isoprothiolane 40% EC,Dongguan Ruidefeng Biotechnology,"Y Agro Solution Co., Ltd.",P2018-4418,Approved
Evergreen 80 WDG,Dimethomorph 80% WDG,"Lier Chemical Co., Ltd.",Agro Green Land Chemical,P2017-3563,Approved
Evito-T 480 SC,Fluoxastrobin 200.2g/l + Tebuconazole 277.4g/l SC,Arysta LifeScience North America,Myanmar Arysta LifeScience,P2018-2792,Approved
Evo Antibac 20 WP,Oxolinic Acid 20% WP,"Chrysalis Crop Pte., Ltd.","Evogro Co., Ltd.",P2018-2675,Approved
Evo Blast Super 525 SE,Propiconazole 12.5% + Tricyclazole 40% SE,"Chrysalis Crop Pte., Ltd.","Evogro Co., Ltd.",P2018-2680,Approved
Evo Cymo 250 WP,Cymoxanil 25% WP,"Chrysalis Crop Pte., Ltd.","Evogro Co., Ltd.",P2018-4313,Approved
Evo Doctor 75 SC,Chlorothalonil 37.5% + Propamocarb Hydrochloride 37.5% SC,"Agrinova Cropcare Pte., Ltd.","Evogro Co., Ltd.",P2017-2678,Approved
Evo Kaung 32.5 SC,Azoxystrobin 20% + Difenoconazole 12.5% SC,"Chrysalis Crop Pte., Ltd.","Evogro Co., Ltd.",P2017-1983,Approved
Evo Perfect 30 EC,Difenoconazole 15% + Propiconazole 15% EC,"Chrysalis Crop Pte., Ltd.","Evogro Co., Ltd.",P2017-2674,Approved
Benxa 550 SC,Chlorothalonil 45% + Cymoxanil 6.5% + Hexaconazole 3.5% SC,"Chrysalis Crop Pte., Ltd.","Evogro Co., Ltd.",P2020-5180,Approved
Evo Proud 76 WP,Cymoxanil 6% + Propineb 70% WP,"Chrysalis Crop Pte., Ltd.","Evogro Co., Ltd.",P2017-2214,Approved
Evo Stoper 5 SL,Validamycin 5% SL,"Chrysalis Crop Pte., Ltd.","Evogro Co., Ltd.",P2020-5156,Approved
Evo Surf 80 DF,Sulphur 80% DF,"Chrysalis Crop Pte., Ltd.","Evogro Co., Ltd.",P2018-4136,Approved
Fancy Nil,Cymoxanil 30% + Famoxadone 22.5% WDG,Makro Chemical,"Golden Key Co., Ltd.",P2020-3527,Approved
Farmercynil 25 WP,Cymoxanil 25% WP,"Limin Chemical Co., Ltd.",Limin Chemical (Myanmar),P2017-4026,Approved
Farmerfose 80 WP,Fosetyl-aluminium 80% WP,"Limin Chemical Co., Ltd.",Myanmar Shwe Thein Trading,P2017-4028,Approved
Farmertai 25 WP,Metalaxyl 25% WP,"Limin Chemical Co., Ltd.",Limin Chemical (Myanmar),P2017-4033,Approved
Farmerzeb 80 WP,Mancozeb 80% WP,"Limin Chemical Co., Ltd.",Diamond Light International,P2017-4032,Approved
Ferti-Azote 32.5% SC,Azoxystrobin 20% + Difenoconazole 12.5% SC,"Fertiagro Pte., Ltd.","Myanmar Agro Eagle Co., Ltd.",P2019-4786,Approved
Ferti-Xo 20% WP,Bismerthiazol 20% WP,"Fertiagro Pte., Ltd.","Farm Link Co., Ltd.",P2020-5009,Approved
Flint Pro 648 WG,Propineb 613g/kg + Trifloxystrobin 35g/kg WG,Bayer AG,"Myanma Golden Farm Co., Ltd.",P2020-3353,Approved
FOCAL POINT,Propiconazole 25% EC,"Weifang Heyi Agrochemical Co., Ltd","Myanmar Golden Byter Co., Ltd.",P2018-4218,Approved
Foison Crown 85 WP,Copper Oxychloride 85% WP,"Foison SciTech Co., Ltd.",Agro Green Land Chemical,P2018-4227,Approved
Foison Excellent 50 WP,Iprodione 50% WP,"Foison SciTech Co., Ltd.",Agro Green Land Chemical,P2018-4228,Approved
Foison Sweep 75 WP,Chlorothalonil 75% WP,"Foison SciTech Co., Ltd.",Agro Green Land Chemical,P2018-4229,Approved
Folicur 430 SC,Tebuconazole 430g/l SC,Bayer AG,"Myanma Golden Farm Co., Ltd.",P2017-3429,Approved
Folio Gold 440 SC,Chlorothalonil 40% + Metalaxyl-M 4% SC,Syngenta Crop Protection Ltd.,"Myanma Awba Group Co., Ltd.",2014-2150,Approved
Forever-Glory 325 SC,Azoxystrobin 200g/l + Difenoconazole 125g/l SC,"Shanghai Forever Chemical Co., Ltd.",Myanmar Golden Sun Crop,P2020-5102,Approved
Fosetyl Aluminum TG 95%,Fosetyl-aluminum TG 95%,"AgriGate CropSciences Pte., Ltd.","Myanma Awba Group Co., Ltd.",P2017-3475,Approved
Four-C 80 WDG,Fosetyl-aluminium 80% WDG,"Syntech International Co., Ltd.","Farm Link Co., Ltd.",P2017-3522,Approved
Frey methyl,Thiophanate-methyl 70%w/w WP,"Jiangsu Lanfeng Biochemical Co., Ltd.","Agro Frey Co., Ltd.",P2017-3621,Approved
Fulon Topsin-M 70 WP,Thiophanate-methyl 70% WP,"Fulon Chemical Industrial Co., Ltd.","Friends' Helper Co., Ltd.",P2020-4970,Approved
Fun Azodifen,Azoxystrobin 20% + Difenoconazole 12.5% SC,"Ningbo Cycle Chemical Co., Ltd.",Golden Wish Agribusiness Co.,P2020-4889,Approved
Fun Azoxy 25 SC,Azoxystrobin 25% SC,"Ningbo Generic Chemical Co., Ltd.",Golden Wish Agribusiness Co.,P2017-3874,Approved
Fun Copper 85 WP,Copper Oxychloride 85% WP,"Ningbo Generic Chemical Co., Ltd.",Golden Wish Agribusiness Co.,P2017-3879,Approved
Fun Hymex,Hymexazol 70% WP,"Ningbo Cycle Chemical Co., Ltd.",Golden Wish Agribusiness Co.,P2020-4253,Approved
Fun Ipro,Iprodione 50% WP,"Ningbo Cycle Chemical Co., Ltd.",Golden Wish Agribusiness Co.,P2020-5138,Approved
Fun Kreso 50 WDG,Kresoxim-methyl 50% WDG,"Ningbo Cycle Chemical Co., Ltd.",Golden Wish Agribusiness Co.,P2018-4129,Approved
Fun Morph 50 WP,Dimethomorph 50% WP,"Ningbo Generic Chemical Co., Ltd.",Golden Wish Agribusiness Co.,2015-2929,Approved
Fun Prodifen,Difenoconazole 150g/l + Propiconazole 150g/l EC,"Ningbo Cycle Chemical Co., Ltd.",Golden Wish Agribusiness Co.,P2020-4885,Approved
Fun Propic 25 EC,Propiconazole 250g/l EC,"Ningbo Cycle Chemical Co., Ltd.",Golden Wish Agribusiness Co.,P2018-4130,Approved
Fun Sulphur 80 DF,Sulphur 80% DF,"Ningbo Generic Chemical Co., Ltd.",Golden Wish Agribusiness Co.,P2017-3886,Approved
Fun Tebu,Tebuconazole 25% EW,"Ningbo Cycle Chemical Co., Ltd.",Golden Wish Agribusiness Co.,P2020-4887,Approved
Fun Thiophanate 70 WP,Thiophanate-methyl 70% WP,"Ningbo Generic Chemical Co., Ltd.",Golden Wish Agribusiness Co.,P2017-3889,Approved
Fun Thioram 80 WP,Thiophanate-methyl 50% + Thiram 30% WP,"Ningbo Generic Chemical Co., Ltd.",Golden Wish Agribusiness Co.,P2017-3888,Approved
Fun Trizole 75 WP,Tricyclazole 75% WP,"Ningbo Cycle Chemical Co., Ltd.",Golden Wish Agribusiness Co.,P2020-4888,Approved
Fun Valid,Validamycin 20% SP,"Ningbo Cycle Chemical Co., Ltd.",Golden Wish Agribusiness Co.,P2020-4886,Approved
Fun Zebnil 72 WP,Cymoxanil 8% + Mancozeb 64% WP,"Ningbo Generic Chemical Co.,Ltd.",Golden Wish Agribusiness Co.,P2017-3880,Approved
Fun Zole,Hexaconazole 50g/l SC,"Ningbo Generic Chemical Co.,Ltd.",Golden Wish Agribusiness Co.,2015-2930,Approved
Fung Star 30% EC,Difenoconazole 150g/l + Propiconazole 150g/l EC,"Paragon AgroChem Pte.,Ltd.","Min Galar Hinnthar Co.,Ltd.",P2020-4153,Approved
FUNGIDAN 77% WP,Copper Hydroxide 77% WP,"Grade Laojun Chemical Co.,Ltd.","Yoon Yoon Agro Co.,Ltd.",P2018-4355,Approved
Futon 70 WP,Hymexazol 70% WP,"Optimus Agri-Tech Pte.,Ltd.",Myanmar Kaung Thu Kha Co.,P2018-2699,Approved
"Futra ""AD"" One",Azoxystrobin 20% + Difenoconazole 12.5% SC,"Hangzhou Xinlong Industrial Co.,Ltd.","Myanmar AT Nagar Co.,Ltd.",P2020-5136,Approved
Gardner 5 DC,Difenoconazole 5% DC,Hanearl Science Ltd.,"Royal Distribution Co.,Ltd.",P2017-3982,Approved
GC Dinozole 25 EC,Difenoconazole 25% EC,"Supernova Intertrade Pte.,Ltd.",TPT Yee Shin (Agriculture) Co.,P2017-3774,Approved
Global 50 SC,Sulphur 50% SC,Shaanxi Microbe Biotechnology Co.,"THU THU HEIN Co.,Ltd.",P2018-4200,Approved
Glory,Azoxystrobin 5% + Mancozeb 70% WG,UPL Limited,Myanmar Arysta LifeScience,P2019-3215,Approved
Glo-Za,Hexaconazole 10% SC,"Agro Star Pte.,Ltd.","Asian Crops Global Co.,Ltd.",P2020-5121,Approved
G-myxin 2 SL,Kasugamycin 2% SL,"Syntech International Co.,Ltd.","AGT, Agro Tech Co.,Ltd.",P2017-3381,Approved
Golden Fuji 400 EC,Isoprothiolane 400g/l EC,"Eastchem Co.,Ltd.","Myanmar Awba Group Co.,Ltd.",P2020-4925,Approved
Golden Plain Azoxystrobin,Azoxystrobin 25% SC,"Hebei Veyong Bio-Chemical Co.,Ltd.","Golden Plain Co.,Ltd.",P2018-4158,Approved
Goldight,Myclobutanil 40% SC,Dongguan Ruidefeng Biotechnology,Myanmar Wai Fung Agriculture,P2020-4714,Approved
Goobue,Zineb 65% WP,Shenzhen Noposion Agrochemical,Myanmar Wai Fung Agriculture,P2019-4720,Approved
Great,Azoxystrobin 200g/l + Difenoconazole 125g/l SC,"Jiangsu Greenscie Chemical Co.,Ltd.","Agro Frey Co.,Ltd.",P2017-3608,Approved
Great Azo-D 325 SC,Azoxystrobin 20% + Difenoconazole 12.5% SC,"Yingde Greatchem Chemicals Co.,Ltd.",Myanmar Nicely Crop Science,P2020-4873,Approved
Great Captan 400 SC,Captan 40% SC,"Yingde Greatchem Chemicals Co.,Ltd.",Myanmar Nicely Crop Science,P2020-4871,Approved
Great Captan 500 WP,Captan 50% WP,"Yingde Greatchem Chemicals Co.,Ltd.",Myanmar Nicely Crop Science,P2020-4872,Approved
Green Angel,Kresoxim-methyl 50% WDG,"Lier Chemical Co.,Ltd.",Agro Green Land Chemical,P2017-3568,Approved
Green Wood 50 SC,Sulfur 50% SC,"Lier Chemical Co.,Ltd.",Agro Green Land Chemical,P2017-3573,Approved
Greenstar SC,Azoxystrobin 25%w/v SC,"Agsin Pte.,Ltd.",Zagro Myanmar Limited,2016-3191,Approved
Guang Azo,Azoxystrobin 25% SC,Anhui Guangxin Agrochemical Co.,Agro Green Land Chemical,P2019-4723,Approved
Guang Difen,Difenoconazole 40% SC,Anhui Guangxin Agrochemical Co.,Agro Green Land Chemical,P2019-4775,Approved
Hainazole 10 SC,Hexaconazole 10% SC,"Qingdao Audis Bio-Tech Co.,Ltd.","Hailir Myanmar Co.,Ltd.",P2020-4924,Approved
Halan,Kresoxim-methyl 50% WG,Dongguan Ruidefeng Biotechnology,Myanmar Wai Fung Agriculture,P2020-4874,Approved
Halocide 5 SC,Hexaconazole 5.00% SC,Indofil Industries Limited,"1-2-1 Public Co.,Ltd.",P2019-4525,Approved
HANNA 5 SC,Hexaconazole 5% SC,"Paragon AgroChem Pte.,Ltd.","Min Galar Hinnthar Co.,Ltd.",P2018-4150,Approved
Harpon 66 WP,Cymoxanil 33% + Zoxamide 33% WP,Gowan Company,"Myanma Awba Group Co.,Ltd.",P2018-2888,Approved
He Mancozy 80 WP,Mancozeb 80% WP,Hanearl Science Ltd.,"Royal Distribution Co.,Ltd.",P2017-3970,Approved
Helix 5 SC,Hexaconazole 5% SC,"Sinamyang Group Pte.,Ltd.","Asian Crops Global Co.,Ltd.",P2017-3910,Approved
Heritage Maxx 095 DC,Azoxystrobin 9.5%w/v DC,Syngenta Crop Protection Ltd.,"JJ-Pun Trading Co.,Ltd.",P2017-3449,Approved
Hex,Hexaconazole 10% SC,Shandong United Pesticide Industry,Myanmar Byter Agro Tech Co.,P2018-4346,Approved
HEXA SU YAN 5 SC,Hexaconazole 5% SC,Jiangsu Pesticide Research Institute,"Myanmar Golden Byter Co.,",P2018-4221,Approved
Hexaconazole 95% TC,Hexaconazole 95% TC,Zibo NAB Agrochemicals Limited,"Agriwest Myanmar Co.,Ltd.",P2019-4619,Approved
Hexagro 10 EC,Hexaconazole 10% EC,"Sims Agrow Chem Co.,Ltd.","International Agro Co.,Ltd.",2013-1797,Approved
High Metalaxy,Metalaxyl 35% WP,"Agro Icon Cropscience Pte.,Ltd.","Marga Min Co.,Ltd.",P2020-5114,Approved
Hlack See 50 EC,Difenoconazole 25% + Propiconazole 25% EC,"Jiangsu Greenscie Chemical Co.,Ltd.","Agro Frey Co.,Ltd.",P2020-3605,Approved
Hmo Doctor,Difenoconazole 15% + Propiconazole 15% EC,"Lier Chemical Co.,Ltd.","Taw Win Dar Co.,Ltd.",P2020-3560,Approved
Hmo Sone Shin,Azoxystrobin 200g/l + Difenoconazole 125g/l SC,"Hebei Veyong Bio-Chemical Co.,Ltd.","Taw Win Dar Co.,Ltd.",P2019-4695,Approved
Hmoe Aka Yit,Thiophanate-methyl 70% WP,"Agro Icon Cropscience Pte.,Ltd.","Aka Yarzar Co.,Ltd.",P2020-4839,Approved
Hmoe Bayin 400 SC,Azoxystrobin 25% + Difenoconazole 15% SC,"Agro Icon Cropscience Pte.,Ltd.","Aka Yarzar Co.,Ltd.",P2018-4156,Approved
Hmoe Kinn,Kresoxim-methyl 50% WG,"Agro Icon Cropscience Pte.,Ltd.","Marga Min Co.,Ltd.",P2020-4818,Approved
Hmoe Minthar 50 WP,Dimethomorph 50% WP,"Agro Icon Cropscience Pte.,Ltd.","Aka Yarzar Co.,Ltd.",P2018-4145,Approved
Hmoe Special 5 SC,Hexaconazole 5% SC,"Agro Icon Cropscience Pte.,Ltd.","Aka Yarzar Co.,Ltd.",P2018-4146,Approved
Hmoe Star 85 WP,Copper Oxychloride 85% WP,"Agro Icon Cropscience Pte.,Ltd.","Aka Yarzar Co.,Ltd.",P2018-4157,Approved
Hmoe Super,Metalaxyl 35% WP,"Agro Icon Cropscience Pte.,Ltd.","Aka Yarzar Co.,Ltd.",P2020-5116,Approved
Hmoe Yarzar,Kresoxim-methyl 50% WG,"Agro Icon Cropscience Pte.,Ltd.","Aka Yarzar Co.,Ltd.",P2020-4809,Approved
Hnaung 75 SC,Chlorothalonil 37.5% + Propamocarb Hydrochloride 37.5% SC,"AgriGate CropSciences Pte.,Ltd.","Myanma Awba Group Co.,Ltd.",P2020-5171,Approved
Hnin Shal One 40 SC,Myclobutanil 40% SC,"Jiangsu Greenscie Chemical Co.,Ltd.","Agro Frey Co.,Ltd.",P2020-3607,Approved
Hnin Shal Two 12 SC,Myclobutanil 12% SC,"Jiangsu Greenscie Chemical Co.,Ltd.","Agro Frey Co.,Ltd.",P2020-3606,Approved
Horti 70 WP,Dimethomorph 7.5% + Propineb 62.5% WP,"Optimus Agri-Tech Pte.,Ltd.",Myanmar Kaung Thu Kha Co.,P2017-2698,Approved
Htee 70WP,Hymexazol 70% WP,"Agrinova Cropcare Pte.,Ltd.","Wi Sar Ra International Co.,",P2018-2415,Approved
Hton Bain,Copper-Oxychloride 85% WP,Nanjing Landscape Agroscience Ltd,Diamond Light International,P2018-4128,Approved
Hton Thin,Azoxystrobin 25% SC,"Hebei Veyong Bio-Chemical Co.,Ltd.",Diamond Light International,P2019-4783,Approved
HYDRAW,Copper Hydroxide 77% WP,"Anhui Santo Chemical Co.,Ltd.",Myanmar Golden Sun Crop,P2019-4518,Approved
Hyper Morph,Dimethomorph 50% WP,"Shaanxi Royal Cropscience Co.,Ltd","Y Agro Solution Co.,Ltd.",P2018-4417,Approved
HYPERMAD 5% SC,Hexaconazole 5% SC,"Grade Laojun Chemical Co.,Ltd.","Yoon Yoon Agro Co.,Ltd.",P2018-4148,Approved
Index,Myclobutanil 10%w/w WP,NACL Industries Limited,Marlarmyaing Public Company,2015-2459,Approved
Izotop 325 SC,Azoxystrobin 200g/l + Difenoconazole 125g/l SC,Imaspro Resources Sdn.Bhd.,"MM Import Export Co.,Ltd.",P2019-4750,Approved
Japan Daconil,Chlorothalonil 75% WP,"Shanghai Topchems Industry Co.,Ltd.","Agro Power Co.,Ltd.",P2017-3401,Approved
Jerrage Planter 45 EC,Prochloraz 45% EC,"Thep Watana Co.,Ltd.","SASA International Co.,Ltd.",P2019-3594,Approved
Jubilee 400 EC,Isoprothiolane 400g/l EC,"AgriGate CropSciences Pte.,Ltd.","Myanma Awba Group Co.,Ltd.",P2020-5155,Approved
Kamysin 2 SL,Kasugamycin 2% SL,"Sinamyang Group Pte.,Ltd.","Asian Crops Global Co.,Ltd.",P2017-3912,Approved
Karu Q 25 EC,Propiconazole 25% EC,Hanearl Science Ltd.,"Royal Distribution Co.,Ltd.",P2017-3974,Approved
Kasubam 20 WP,Kasugamycin 2% + Tricyclazole 18% WP,Great Victory Chemical Industry Co.,TPT Yee Shin (Agriculture) Co.,P2020-534,Approved
Kasugamycin 85% TC,Kasugamycin 85% TC,Zibo NAB Agrochemicals Limited,"Agriwest Myanmar Co.,Ltd.",P2019-4702,Approved
Kasugamycin TG 70%,Kasugamycin TG 70%,"AgriGate CropSciences Pte.,Ltd.","Myanma Awba Group Co.,Ltd.",P2017-3478,Approved
Keen Copper 77 WP,Copper Hydroxide 77% WP,"Qingdao Audis Bio-Tech Co.,Ltd.","Hailir Myanmar Co.,Ltd.",P2020-4845,Approved
Kencide 77 WP,Copper Hydroxide 77%w/v WP,Kenso Corporation (M) Sdn.Bhd.,"Grand Agrocare Co.,Ltd.",P2018-4446,Approved
Khan Naing Yay 35 SC,Azoxystrobin 35% SC,"Guangxi Nongxi Crop Science Co.,Ltd","Arvis Cropscience Co.,Ltd.",P2019-4577,Approved
KOLUS 80% WDG,Sulphur 80% WDG,"Grade Laojun Chemical Co.,Ltd.","Yoon Yoon Agro Co.,Ltd.",P2018-4345,Approved
Kosar 80% WDG,Sulphur 80% WDG,"Grade Laojun Chemical Co.,Ltd.",SIL International Company,P2017-3394,Approved
Kumine 70 WP,Propineb 70% WP,"Thep Watana Co.,Ltd.","SASA International Co.,Ltd.",P2017-3603,Approved
Kusin 47,Copper Oxychloride 45% + Kasugamycin 2% WP,"Agro Star Pte.,Ltd.","Min Mahaw Co.,Ltd.",P2018-2289,Approved
Kyo Kar,Dimethomorph 9% + Mancozeb 60% WP,Shenzhen Noposion Agrochemical,"Y Agro Solution Co.,Ltd.",P2018-1927,Approved
Lakic,Kasugamycin hydrochloride hydrate 2%w/v SL,"Thep Watana Co.,Ltd.","SASA International Co.,Ltd.",P2020-4915,Approved
Lal Meik Swee 70 WP,Propineb 70% WP,Shandong Vicome Greenland Chemical,"Shenbon Agrosciences Co.,Ltd.",P2019-4736,Approved
Linkonil 75 WP,Chlorothalonil 75% WP,"Limin Chemical Co.,Ltd.",Myanmar Arysta LifeScience,P2017-4025,Approved
Lucky Sulphur 50 SC,Sulphur 50% SC,Hangzhou Ruijiang Crop Science Co.,"Lucky Great Co.,Ltd.",P2018-4119,Approved
Mace,Tricyclazole 75% WP,Riceco International Inc.,"Agro Power Co.,Ltd.",P2019-4537,Approved
Mame 72 WP,Mancozeb 64% + Metalaxyl 8% WP,"Sinamyang Group Pte.,Ltd.","Golden Rocket Co.,Ltd.",P2017-4041,Approved
Mancy 25% WP,Metalaxyl 25% WP,"Grade Laojun Chemical Co.,Ltd.",SIL International Company,P2017-3392,Approved
Mancynil 72 WP,Cymoxanil 8% + Mancozeb 64% WP,"Limin Chemical Co.,Ltd.",Myanmar Shwe Thein Trading,P2017-4027,Approved
Mantaxil 72 WP,Mancozeb 64% + Metalaxyl 8% WP,"Limin Chemical Co.,Ltd.",Diamond Light International,P2017-4031,Approved
Map Copoxy 85% WP,Copper Oxychloride 85% WP,"Map Pacific Pte.,Ltd.",Agro Green Land Chemical,P2017-3446,Approved
Map Extra 325 SC,Azoxystrobin 200g/l + Difenoconazole 125g/l SC,"Map Pacific Pte.,Ltd.","Map Pacific Co.,Ltd.",P2020-4884,Approved
Map Famy 35% SC,Fenoxanil 20% + Tricyclazole 15% SC,"Map Pacific Pte.,Ltd.",Aventine Limited,P2020-3667,Approved
Map Hero 340 WP,Azoxystrobin 6% + Dimethomorph 3% + Fosetyl Aluminium 25% WP,"Map Pacific Pte.,Ltd.",Aventine Limited,P2017-2377,Approved
Map Logic 90 WP,Clinoptilolite 90%w/w WP,"Map Pacific Pte.,Ltd.","Map Pacific Co.,Ltd.",P2017-2376,Approved
Map Mars 500 WP,Metalaxyl 50% WP,"Map Pacific Pte.,Ltd.","Map Pacific Co.,Ltd.",P2020-4883,Approved
Map Target 300 EC,Difenoconazole 15% + Propiconazole 15% EC,"Map Pacific Pte.,Ltd.","Map Pacific Co.,Ltd.",P2020-4882,Approved
MarGa Hexa,Hexaconazole 5% SC,"Agro Icon Cropscience Pte.,Ltd.","Marga Min Co.,Ltd.",P2020-4923,Approved
MarGa Sulphur,Sulphur 80% DF,"Agro Icon Cropscience Pte.,Ltd.","Marga Min Co.,Ltd.",P2020-4813,Approved
Marlarmyaing Mancozeb 80,Mancozeb 80% WP,"Mountain Peak Cropcare Pte.,Ltd.",Marlarmyaing Public Company,P2017-3780,Approved
Maxim Advanced 195 FS,Fludioxonil 2.5% + Metalaxyl-M 2% + Thiabendazole 15%w/v FS,Syngenta Crop Protection Ltd.,"Myanma Awba Group Co.,Ltd.",P2019-2997,Approved
Maximum 2 SL,Kasugamycin 2% SL,"Syntech International Co.,Ltd.",Golden Lion High Tech Agric,P2017-3433,Approved
Mega Bay Shin,Bismerthiazol 20% WP,"MAC Chem (Asia) Co.,Ltd.",Mega Grow International Co.,P2018-4297,Approved
Mega Cruiser,Tebuconazole 50% + Trifloxystrobin 25% WDG,"MAC Chem (Asia) Co.,Ltd.",Mega Grow International Co.,P2019-3055,Approved
Mega Fenzo,Azoxystrobin 25% + Difenoconazole 15% WDG,"MAC Chem (Asia) Co.,Ltd.",Mega Grow International Co.,P2018-4296,Approved
Mega Hexa,Hexaconazole 2.5% + Validamycin 8.5% SC,"MAC Chem (Asia) Co.,Ltd.",Mega Grow International Co.,P2018-2320,Approved
Mega Mycee,Folpet 25% + Fosetyl Aluminium 50% WG,"MAC Chem (Asia) Co.,Ltd.",Mega Grow International Co.,P2018-2324,Approved
Mega Myzo 2,Hymexazol 30% SL,"MAC Chem (Asia) Co.,Ltd.",Mega Grow International Co.,P2018-3828,Approved
Mega Navy,Prochloraz 5% + Propiconazole 25% EC,"MAC Chem (Asia) Co.,Ltd.",Mega Grow International Co.,P2018-1688,Approved
Mega Poxi,Epoxiconazole 5% + Kresoxim-methyl 25% SC,"MAC Chem (Asia) Co.,Ltd.",Mega Grow International Co.,P2020-3808,Approved
Meta Gold 25 WP,Metalaxyl 25% WP,Hanearl Science Ltd.,"Royal Distribution Co.,Ltd.",P2017-3971,Approved
Metalaxyl TC,Metalaxyl 95% TC,Zibo NAB Agrochemicals Limited,"Agriwest Myanmar Co.,Ltd.",P2019-4701,Approved
Metanil 72 WP,Chlorothalonil 64% + Metalaxyl 8% WP,"Sunrise Agro Chemicals Pte.,Ltd.",Wah Wah Agricultural Chem,P2020-4890,Approved
METHOMORPH,Dimethomorph 80% WDG,"Anhui Santo Chemical Co.,Ltd.",Myanmar Golden Sun Crop,P2019-4517,Approved
MGM Thalonil,Chlorothalonil 72% SC,"Agro Icon Cropscience Pte.,Ltd.","Marga Min Co.,Ltd.",P2020-5112,Approved
Mico,Myclobutanil 400g/kg WP,Shandong United Pesticide Industry,"Huynh Zaw Co.,Ltd.",P2020-4152,Approved
Mighten,Difenoconazole 250g/l EC,"Shaanxi Royal Cropscience Co.,Ltd",Myanmar Wai Fung Agriculture,P2019-4747,Approved
Milor,Mancozeb 64% + Metalaxyl 8%w/w WP,"Rotam Agrochemical Co.,Ltd.",Network Marketing Limited,2015-2582,Approved
Moe Kar,Fosetyl-aluminium 80% WP,"Shanghai Topchems Industry Co.,Ltd","Y Agro Solution Co.,Ltd.",P2017-3412,Approved
Moltovin,Cymoxanil 35g/l + Tribasic Copper Sulfate 345g/l SC,Nufarm Malaysia Sdn.Bhd.,"Advansia Agroscience Co.,Ltd",P2018-2657,Approved
Moon Experience,Fluopyram 200g/l + Tebuconazole 200g/l SC,Bayer AG,"Bayer Thai Co.,Ltd. (Myanmar)",P2018-2343,Approved
Moon Sensation,Fluopyram 250g/l + Trifloxystrobin 250g/l SC,Bayer AG,"Myanma Golden Farm Co.,Ltd",P2018-2344,Approved
Moonstar 10 SP,Validamycin 10% SP,Hanearl Science Ltd.,"Royal Distribution Co.,Ltd.",P2017-3975,Approved
Moregren 80 WP,Zineb 80% WP,"Lier Chemical Co.,Ltd.",Agro Green Land Chemical,P2017-3574,Approved
Multi Lucky 250 SC,Azoxystrobin 250g/l SC,Beijing Multigrass Formulation Co,"Baigreen Crop Science Co.,Ltd",P2018-4389,Approved
King of Mushroom 250 SC,Azoxystrobin 25% SC,Jingbo Agrochemicals Technology,"Anawrahta Production Co.,Ltd",P2019-4585,Approved
Multi-Healing 500 WDG,Azoxystrobin 50% WDG,Jingbo Agrochemicals Technology,Diamond Light International,P2019-4584,Approved
NAB-Azoxystrobin 95 TC,Azoxystrobin 95% TC,Zibo NAB Agrochemicals Limited,"Agriwest Myanmar Co.,Ltd.",P2018-4489,Approved
NAB-Copper Oxychloride 9,Copper Oxychloride 90% TC,Zibo NAB Agrochemicals Limited,"Agriwest Myanmar Co.,Ltd.",P2018-4490,Approved
NAB-Difenoconazole,Difenoconazole 95% TC,Zibo NAB Agrochemicals Limited,"Agriwest Myanmar Co.,Ltd.",P2018-4812,Approved
NAB-Du Won 80 DF,Sulphur 80% DF,Zibo NAB Agrochemicals Limited,"Topagri Myanmar Co.,Ltd.",P2019-4503,Approved
NAB-Fosim 80 WP,Fosetyl-aluminium 80% WP,Zibo NAB Agrochemicals Limited,"Topagri Myanmar Co.,Ltd.",P2017-3421,Approved
NAB-Goal 18.3 SE,Epoxiconazole 5% + Pyraclostrobin 13.3% SE,Zibo NAB Agrochemicals Limited,"Topagri Myanmar Co.,Ltd.",P2020-4249,Approved
NAB-Han Zar 5 SC,Hexaconazole 5% SC,Zibo NAB Agrochemicals Limited,"Topagri Myanmar Co.,Ltd.",P2018-4231,Approved
NAB-Kasu A 2 SL,Kasugamycin 2% SL,Zibo NAB Agrochemicals Limited,"Topagri Myanmar Co.,Ltd.",P2017-3422,Approved
NAB-Kasu B 4 WP,Kasugamycin 4% WP,Zibo NAB Agrochemicals Limited,"Topagri Myanmar Co.,Ltd.",P2017-3423,Approved
NAB-Kyay Mone 75 WP,Chlorothalonil 75% WP,Zibo NAB Agrochemicals Limited,"Topagri Myanmar Co.,Ltd.",P2018-4420,Approved
NAB-Link 25 EC,Propiconazole 25% EC,Zibo NAB Agrochemicals Limited,"Agriman Myanmar Co.,Ltd.",P2019-4595,Approved
NAB-Lotus,Tebuconazole 50% + Trifloxystrobin 25% WDG,Zibo NAB Agrochemicals Limited,"Topagri Myanmar Co.,Ltd.",P2020-4817,Approved
NAB-Min Thar 32.5 SC,Azoxystrobin 20% + Difenoconazole 12.5% SC,Zibo NAB Agrochemicals Limited,"Topagri Myanmar Co.,Ltd.",P2018-4232,Approved
NAB-Phalan 72 WP,Chlorothalonil 64% + Metalaxyl 8% WP,Zibo NAB Agrochemicals Limited,"Topagri Myanmar Co.,Ltd.",P2018-4230,Approved
NAB-Poppy,Azoxystrobin 12.5% + Bismerthiazol 20% + Dimethomorph 2%,Zibo NAB Agrochemicals Limited,"Topagri Myanmar Co.,Ltd.",P2020-4841,Approved
NAB-Proneb 70 WP,Propineb 70% WP,Zibo NAB Agrochemicals Limited,"Topagri Myanmar Co.,Ltd.",P2017-3426,Approved
NAB-Speaker,Azoxystrobin 20% + Difenoconazole 12.5% SC,Zibo NAB Agrochemicals Limited,"Topagri Myanmar Co.,Ltd.",P2020-4840,Approved
NAB-Tebuconazole 95 TC,Tebuconazole 95% TC,Zibo NAB Agrochemicals Limited,"Agriwest Myanmar Co.,Ltd.",P2018-4491,Approved
NAB-Tiger 300 EC,Difenoconazole 150g/l + Propiconazole 150g/l EC,Zibo NAB Agrochemicals Limited,"Topagri Myanmar Co.,Ltd.",P2017-1943,Approved
Natchevin 50 WG,Trifloxystrobin 50% WG,"UPI Cropscience Co.,Ltd.","Close Friend Co.,Ltd.",P2018-4322,Approved
Nativo 75 WG,Tebuconazole 50% + Trifloxystrobin 25% WG,Bayer AG,Charoen Pokphand Produce,P2017-2345,Approved
NevoSuper 750 WDG,Tebuconazole 50% + Trifloxystrobin 25% WDG,"Eastchem Co.,Ltd.","Myanma Awba Group Co.,Ltd",P2018-2658,Approved
Nice 525 SE,Propiconazole 12.5% + Tricyclazole 40% SE,"Agrinova Cropcare Pte.,Ltd.","Wi Sar Ra International Co.,",P2018-2417,Approved
Nicely Sunflower 32.5 SC,Azoxystrobin 20% + Difenoconazole 12.5% SC,Biogen Crop Science Limited,Myanmar Nicely Crop Science,P2017-3737,Approved
NPS Early,Hymexazol 15% SL,Shenzhen Noposion Agrochemical,Myanmar Wai Fung Agriculture,P2020-4410,Approved
NPS Result,Chlorothalonil 40% SC,Shenzhen Noposion Agrochemical,"Thin Thin Hmwe Co.,Ltd.",P2018-4419,Approved
Nutritious Star 40 SC,Difenoconazole 40% SC,Shandong Zhongxin Kenong Biology,"Nawarat Myay Co.,Ltd.",P2020-5150,Approved
NX Mycin,Kasugamycin 2% WP,"Hebei Ruibaode Bio-Chemical Co.,","Myanmar Golden Byter Co.,",P2019-4722,Approved
NX Strobin,Azoxystrobin 250g/l SC,"Hebei Ruibaode Bio-Chemical Co.,","Myanmar Golden Byter Co.,",P2019-4594,Approved
Odyssey 75 WP,Chlorothalonil 75% WP,Hextar Chemicals Sdn.Bhd.,Zabu Htate Tan Myanmar Ag.,P2020-4848,Approved
Opera 18.3% SE,Epoxiconazole 5% + Pyraclostrobin 13.3% SE,"BASF SE, Germany","Y Agro Solution Co.,Ltd.",P2017-2768,Approved
Overcome 66.8 WP,Iprovalicarb 5.5% + Propineb 61.3% WP,"Syntech International Co.,Ltd","Farm Link Co.,Ltd.",P2018-4482,Approved
Pancozole 25% WDG,Difenoconazole 25% WDG,"Unochem Co.,Ltd.","Agro Bio Product Co.,Ltd.",P2019-1621,Approved
PANTOX,Propineb 70% WP,Coromandel International Limited,"Vanida Myanmar Co.,Ltd.",P2019-4504,Approved
Paragu 575 WP,Azoxystrobin 12.5% + Bismerthiazol 20% + Dimethomorph 25% WP,"Agrinova Cropcare Pte.,Ltd.","Wi Sar Ra International Co.,",P2017-2409,Approved
Passat 450 SC,Cymoxanil 50g/l + Propamocarb Hydrochloride 400g/l SC,Zenith Crop Sciences Bulgaria Ltd.,"Buronos Private Co.,Ltd.",P2019-3992,Approved
Patho 550 SC,Chlorothalonil 45% + Cymoxanil 6.5% + Hexaconazole 3.5% SC,"Optimus Agri-Tech Pte.,Ltd.",Myanmar Kaung Thu Kha Co.,P2017-2697,Approved
Pentagon 550 SC,Chlorothalonil 45% + Cymoxanil 6.5% + Hexaconazole 3.5% SC,"Agrinova Cropcare Pte.,Ltd.","Wi Sar Ra International Co.,",P2020-4393,Approved
Perozin 80 WP,Zineb 800g/kg WP,AGRIA S.A.,"Buronos Private Co.,Ltd.",P2018-4234,Approved
Picozole 280 SC,Cyproconazole 80g/l + Picoxystrobin 200g/l SC,"AgriGate CropSciences Pte.,Ltd.","Myanma Awba Group Co.,Ltd",P2020-3466,Approved
Pilar-Player,Difenoconazole 25%w/v EC,"Pilarquim (Shanghai) Co.,Ltd.","Marga Min Co.,Ltd.",P2020-4814,Approved
Pilar-Transmitter,Azoxystrobin 250g/l SC,"Pilarquim (Shanghai) Co.,Ltd.","Marga Min Co.,Ltd.",P2020-4880,Approved
Pioneer Pro,Azoxystrobin 11.5% + Difenoconazole 18.5% SC,Lianyungang Liben Crop Science Co.,Myanmar Nicely Crop Science,P2020-4828,Approved
Pipertox 84 WP,Copper Oxychloride 84% WP,Hextar Chemicals Sdn.Bhd.,Zabu Htate Tan Myanmar Ag.,P2019-4665,Approved
Popular 25 EC,Propiconazole 250g/l EC,"Kingtai Chemicals Co.,Ltd.","Kingtai Myanmar Co.,Ltd.",P2017-3961,Approved
Powdree,Kresoxim-methyl 30% SC,"Shaanxi Biogen Crop Science Co.,Ltd",Myanmar Wai Fung Agriculture,P2020-4876,Approved
Power Kaung,Azoxystrobin 25% SC,"Shandong Newpower Biotech Co.,","Myanmar Golden Byter Co.,",P2019-4583,Approved
Power-Expert,Azoxystrobin 20% + Difenoconazole 12.5% SC,"Shandong Newpower Biotech Co.,","Myanmar Golden Byter Co.,",P2019-4650,Approved
Power-Morph,Dimethomorph 50% WP,"Shandong Newpower Biotech Co.,",Diamond Light International,P2019-4648,Approved
Power-Zole,Difenoconazole 40% SC,"Shandong Newpower Biotech Co.,","Myanmar Golden Byter Co.,",P2019-4649,Approved
Praise 400 SC,Iprodione 200g/l + Pyrimethanil 200g/l SC,"AgriGate CropSciences Pte.,Ltd.","Myanma Awba Group Co.,Ltd",P2020-3468,Approved
Primitus,Hexaconazole 5%w/w SC,Imaspro Resources Sdn.Bhd.,"MM Import Export Co.,Ltd.",P2020-4881,Approved
Proconil 75 WP,Chlorothalonil 75% WP,"Sims Agrow Chem Co.,Ltd.","International Agro Co.,Ltd.",P2017-3785,Approved
Prohide,Propamocarb Hydrochloride TG 90%,"AgriGate CropSciences Pte.,Ltd.","Myanma Awba Group Co.,Ltd",P2019-4628,Approved
Promise,Propamocarb Hydrochloride 66.5% SL,Shandong United Pesticide Industry,"Huynh Zaw Co.,Ltd.",P2020-4323,Approved
Pronil 75 WP,Chlorothalonil 75% WP,"Syntech International Co.,Ltd.","Farm Link Co.,Ltd.",P2017-3520,Approved
Proper 72 SL,Propamocarb Hydrochloride 72% SL,"AgriGate CropSciences Pte.,Ltd.","Myanma Awba Group Co.,Ltd",P2017-2008,Approved
Propineb TG 85%,Propineb TG 85%,"AgriGate CropSciences Pte.,Ltd.","Myanma Awba Group Co.,Ltd",P2017-3457,Approved
Prorenzo,Difenoconazole 250g/l SC,Imaspro Resources Sdn.Bhd.,"MM Import Export Co.,Ltd.",P2019-4749,Approved
Pyae Sone,Azoxystrobin 12% + Difenoconazole 18% SC,Shenzhen Noposion Agrochemical,"Myay Latt Yar Zar Co.,Ltd.",P2018-1925,Approved
Pyaing San Sharr 75 WP,Chlorothalonil 75% WP,Xuzhou Fengwei Chemical Factory,"Friends' Helper Co.,Ltd.",P2020-4846,Approved
Rain Su Kar 4 SL,Kasugamycin 4% SL,Shaanxi Microbe Biotechnology Co.,"THU THU HEIN Co.,Ltd.",P2019-4526,Approved
Rampart,Metalaxyl 31.7% FS,UPL Limited,Myanmar Arysta LifeScience,P2019-4597,Approved
RDF Better,Hexaconazole 5% ME,Dongguan Ruidefeng Biotechnology,Myanmar Wai Fung Agriculture,P2018-4447,Approved
RDF Granary,Tricyclazole 75% WP,Guangdong Haode Crop Science Co.,Myanmar Wai Fung Agriculture,P2019-4527,Approved
Revus MZ 65 WG,Mancozeb 60% + Mandipropamid 5% WG,Syngenta Crop Protection Ltd.,"Myanma Awba Group Co.,Ltd",P2019-2653,Approved
Ridomil Gold MZ 68 WG,Mancozeb 64% + Metalaxyl-M 4%w/w WG,Syngenta Crop Protection Ltd.,"Myanma Awba Group Co., Ltd.",2015-3004,Approved
Rinhmyn 720 WP,Mancozeb 640g/kg + Metalaxyl 80g/kg WP,"An Nong Group Co., Ltd.",Advance Agriculture Solution,2015-2558,Approved
Robin 25 SC,Azoxystrobin 25% SC,"Syntech International Co., Ltd.",Golden Lion High Tech Agric,P2017-3373,Approved
Rock,Thiophanate-methyl 70% WP,"Agro Icon Cropscience Pte., Ltd.","Marga Min Co., Ltd.",P2020-5098,Approved
Rostock,Azoxystrobin 200g/l + Difenoconazole 125g/l SC,"Rotam Agrochemical Co., Ltd.","Huynh Zaw Co., Ltd.",P2018-4254,Approved
Royal Kasu,Kasugamycin 4% SL,Shandong Topagri Limited,"Royal Shin Thant Co., Ltd.",P2020-4821,Approved
Ruidong Rose 32.5 SC,Azoxystrobin 20% + Difenoconazole 12.5% SC,"Jiangsu Ruidong Pesticide Co., Ltd.",Diamond Light International,P2017-4056,Approved
Ruital,Thiophanate-methyl 500g/l SC,Dongguan Ruidefeng Biotechnology,Myanmar Wai Fung Agriculture,P2020-4969,Approved
Saber Lance 400 EC,Isoprothiolane 400g/l EC,"Optimus Agri-Tech Pte., Ltd.",Myanmar Kaung Thu Kha Co.,P2020-5151,Approved
Sabre 70 WP,Propineb 70% WP,Hextar Chemicals Sdn. Bhd.,Golden Lion High Tech Agric,P2019-4660,Approved
Safety,Azoxystrobin 20% + Difenoconazole 12.5% SC,"Agro Star Pte., Ltd.","Min Mahaw Co., Ltd.",P2018-3083,Approved
Samarth 2% SC,Hexaconazole 2% SC,Rallis India Limited,Aventine Limited,P2017-3857,Approved
Sanmure 300 EC,Difenoconazole 15% + Propiconazole 15% EC,Kenso Corporation (M) Sdn. Bhd.,"Grand Agrocare Co., Ltd.",P2020-4483,Approved
Save,Kasugamycin 6% WP,"Guangzhou Green Top Co., Ltd.",Myanmar Shwe Nagar Agriculture,P2019-4801,Approved
Score Two 32.5% SC,Azoxystrobin 20% + Difenoconazole 12.5% SC,"Grade Laojun Chemical Co., Ltd.",SIL International Company,P2017-3390,Approved
Scud 250 EC,Difenoconazole 25% EC,"Syntech International Co., Ltd.",Golden Lion High Tech Agric,P2017-1574,Approved
Seinn D-Pro 30 EC,Difenoconazole 15% + Propiconazole 15% EC,"Nanjing Bestgreen Chemical Co., Ltd.","Seinn Ywetnu Co., Ltd.",P2020-4758,Approved
Shae Lay,Kresoxim-methyl 50%w/w WG,"Jiangsu Greenscie Chemical Co., Ltd.","Agro Frey Co., Ltd.",P2017-3614,Approved
Shwe Hymex 30 SL,Hymexazol 30% SL,Makro Chemical,"Golden Key Co., Ltd.",2016-1479,Approved
Shwe Mido,Mancozeb 56% + Oxadixyl 8% WP,Makro Chemical,"Golden Key Co., Ltd.",P2017-1674,Approved
Shwe Myzine 11% SC,Hexaconazole 2.5% + Validamycin 8.5% SC,Makro Chemical,"Golden Key Co., Ltd.",P2017-2022,Approved
Shwe Nobel 30% EC,Prochloraz 5% + Propiconazole 25% EC,Makro Chemical,"Golden Key Co., Ltd.",P2017-1675,Approved
SHWE PYOE PIN 300 EC,Difenoconazole 150g/l + Propiconazole 150g/l EC,Guangxi Tianyuan Biochemistry Co.,"Arvis Cropscience Co., Ltd.",P2020-4237,Approved
Shwe Sunco,Mancozeb 80% WP,Makro Chemical,"Golden Key Co., Ltd.",P2017-3497,Approved
Shwe Taung Thu Thamarta,Bismerthiazol 20% WP,"Bing Hui Pte., Ltd.","Shwe Thit Oo Co., Ltd.",P2018-4205,Approved
Shwe Thiyar Min,Bismerthiazol 20% WP,Makro Chemical,"Golden Key Co., Ltd.",P2018-4137,Approved
Shwe Zo Morph,Azoxystrobin 15% + Dimethomorph 55% WDG,Makro Chemical,"Golden Key Co., Ltd.",P2020-3524,Approved
Shwetaungthu Pro 30 EC,Prochloraz 5% + Propiconazole 25% EC,"Bing Hui Pte., Ltd.","Shwe Thit Oo Co., Ltd.",P2017-3127,Approved
Shwetaungthu Sulphur 80,Sulphur 80% WDG,"Bing Hui Pte., Ltd.","Shwe Thit Oo Co., Ltd.",P2017-3368,Approved
Sigon,Hexaconazole 10% SC,"Agro Star Pte., Ltd.","Min Mahaw Co., Ltd.",2016-3084,Approved
Sinabintop 32.5 SC,Azoxystrobin 20% + Difenoconazole 12.5% SC,"Sinamyang Group Pte., Ltd.","Asian Crops Global Co., Ltd.",P2017-3901,Approved
Sinacopper 85 WP,Copper Oxychloride 85% WP,"Sinamyang Group Pte., Ltd.","Anawrahta Production Co., Ltd.",P2017-3906,Approved
Sinameisu 5 SL,Validamycin A 5% SL,"Sinamyang Group Pte., Ltd.","Golden Rocket Co., Ltd.",P2017-3920,Approved
Sinaprop 70 WP,Propineb 70% WP,"Sinamyang Group Pte., Ltd.",Zabu Htate Tan Myanmar Agri,P2017-3916,Approved
Sino-King 500g/l SC,Iprodione 500g/l SC,Sino-Agri Leading Biosciences Co.,"Anawrahta Production Co., Ltd.",P2017-3798,Approved
Skevoice,Myclobutanil 12.5% EC,Shenzhen Noposion Agrochemical,Myanmar Wai Fung Agriculture,P2020-4719,Approved
Skitty,Propiconazole 40% ME,Shenzhen Noposion Agrochemical,Myanmar Wai Fung Agriculture,P2019-4744,Approved
Snow White 5 SL,Validamycin 5% SL,"AgriGate CropSciences Pte., Ltd.","Myanma Awba Group Co., Ltd.",P2020-5154,Approved
Son Dino 25 EC,Difenoconazole 250g/l EC,I.FI Joint Stock Company,"Pan Ei Myaing Co., Ltd.",P2017-3427,Approved
Soxim 50 SC,Kresoxim-methyl 50%w/v SC,The Erawan Agricultural Chemical,Aventine Limited,P2019-4519,Approved
Speed Kaung 5 SC,Hexaconazole 5% SC,"Optimus Agri-Tech Pte., Ltd.",Myanmar Kaung Thu Kha Co.,P2020-5181,Approved
Starconazole,Propiconazole 250g/l EC,"Lier Chemical Co., Ltd.",Agro Green Land Chemical,P2017-3572,Approved
Starlet 60 WP,Dimethomorph 15% + Fosetyl Aluminium 45% WP,"Agro Star Pte., Ltd.","Min Mahaw Co., Ltd.",P2018-2297,Approved
Sulphur TG 99%,Sulphur TG 99%,"AgriGate CropSciences Pte., Ltd.","Myanma Awba Group Co., Ltd.",P2017-3459,Approved
The Frog King 500 WDG,Kresoxim-methyl 50% WDG,Jingbo Agrochemicals Technology,"Anawrahta Production Co., Ltd.",P2020-4837,Approved
Sunrise Azozole 32.5 SC,Azoxystrobin 20% + Difenoconazole 12.5% SC,"Sunrise Agro Chemicals Pte., Ltd.",Wah Wah Agricultural Chem,P2018-4344,Approved
Sunrise Captan 50 WP,Captan 50% WP,"Sunrise Agro Chemicals Pte., Ltd.",Wah Wah Agricultural Chem,P2018-4299,Approved
Sunrise Conazole 30% EC,Difenoconazole 15%w/w + Propiconazole 15% EC,"Sunrise Agro Chemicals Pte., Ltd.",Myanmar Han Yadanar Man,P2019-3862,Approved
Sunrise Copper-Oxy 84 WP,Copper Oxychloride 84%w/w WP,"Sunrise Agro Chemicals Pte., Ltd.",Myanmar Han Yadanar Man,P2017-3628,Approved
Sunrise Cyman 72 WP,Cymoxanil 8% + Mancozeb 64% WP,"Sunrise Agro Chemicals Pte., Ltd.",Myanmar Han Yadanar Man,P2017-3629,Approved
Sunrise Cymanil 30 WP,Cymoxanil 30% WP,"Sunrise Agro Chemicals Pte., Ltd.",Myanmar Han Yadanar Man,2015-2911,Approved
Sunrise Dicomorph 69% W,Dimethomorph 9% + Mancozeb 60% WP,"Sunrise Agro Chemicals Pte., Ltd.",Myanmar Han Yadanar Man,P2020-3863,Approved
Sunrise Difeno 25 EC,Difenoconazole 25% EC,"Sunrise Agro Chemicals Pte., Ltd.",Myanmar Han Yadanar Man,2015-2900,Approved
Sunrise Kasuga 2 SL,Kasugamycin 2%w/v SL,"Sunrise Agro Chemicals Pte., Ltd.",Myanmar Han Yadanar Man,2015-2913,Approved
Sunrise Mancozeb 80 WP,Mancozeb 80%w/w WP,"Sunrise Agro Chemicals Pte., Ltd.",Myanmar Han Yadanar Man,P2017-3630,Approved
Sunrise Metalaxyl 25 WP,Metalaxyl 25% WP,"Sunrise Agro Chemicals Pte., Ltd.",Myanmar Han Yadanar Man,P2017-3631,Approved
Sunrise Methomorph 50 W,Dimethomorph 50%w/w WP,"Sunrise Agro Chemicals Pte., Ltd.",Myanmar Han Yadanar Man,2015-2912,Approved
Sunrise Propineb 70 WP,Propineb 70%w/w WP,"Sunrise Agro Chemicals Pte., Ltd.",Myanmar Han Yadanar Man,P2017-3632,Approved
Sunrise Sulphur 80 WDG,Sulphur 80%w/w WDG,"Sunrise Agro Chemicals Pte., Ltd.",Myanmar Han Yadanar Man,P2017-3633,Approved
Sunrise Thaconil 75 WP,Chlorothalonil 75% WP,"Sunrise Agro Chemicals Pte., Ltd.",Myanmar Han Yadanar Man,2015-2910,Approved
Super Hmoe Shin,Chlorothalonil 72% SC,"Agro Icon Cropscience Pte., Ltd.","Aka Yarzar Co., Ltd.",P2020-5111,Approved
Super Man,Mancozeb 80% WP,"Sigma Agrochemical Co., Ltd.",Agro Green Land Chemical,P2017-3576,Approved
Super Mine 25% EC,Difenoconazole 25% EC,Shandong United Pesticide Indust,Myanmar Shwe Nagar Agriculture,P2019-4557,Approved
Super Nine 50% WP,Dimethomorph 50% WP,"Guangzhou Green Top Co., Ltd.",Myanma Shwe Nagar Agriculture,P2019-4784,Approved
Super Power Mine 32.5 SC,Azoxystrobin 20% + Difenoconazole 12.5% SC,Shandong United Pesticide Indust,Myanma Shwe Nagar Agriculture,P2018-4191,Approved
Super Sulphur,Sulphur 80% DF,"Agro Icon Cropscience Pte., Ltd.","Aka Yarzar Co., Ltd.",P2020-4810,Approved
Super Top 80% WP,Sulphur 80% WP,Shandong United Pesticide Indust,Myanma Shwe Nagar Agriculture,P2018-4192,Approved
Superadi 325 SC,Azoxystrobin 200g/l + Difenoconazole 125g/l SC,"Limin Chemical Co., Ltd.",Limin Chemical (Myanmar),P2017-4023,Approved
Supercol 70 WP,Propineb 70% WP,"Limin Chemical Co., Ltd.",Limin Chemical (Myanmar),P2017-4034,Approved
Super-Difen 250 EC,Difenoconazole 250g/l EC,"Thinkagro Co., Ltd.","Myanmar Golden Byter Co., Ltd.",P2018-4195,Approved
Surprise 75 SC,Chlorothalonil 37.5% + Propamocarb Hydrochloride 37.5% SC,"Optimus Agri-Tech Pte., Ltd.",Myanmar Kaung Thu Kha Co.,P2020-5172,Approved
Swan Kyi,Sulphur 50% SC,Yunnan Yuxi Hongyun Chemical Co.,Diamond Light International,P2018-4184,Approved
Sygastar,Tebuconazole 20% EC,UPL Limited,"Agro Power Co., Ltd.",P2019-4599,Approved
Taw Win 25 SC,Azoxystrobin 25% SC,Xuzhou Fengwei Chemical Factory,"Friends' Helper Co., Ltd.",P2020-4921,Approved
Tempo,Isoprothiolane 40% WP,Lianyungang Liben Crop Science Co.,Myanmar Nicely Crop Science,P2020-4827,Approved
Tha Mar Taw 70 WP,Hymexazol 70% WP,"AgriGate CropSciences Pte., Ltd.","Myanma Awba Group Co., Ltd.",P2018-2243,Approved
Than Check Kar,Propineb 70% WP,Shandong Topagri Limited,"Y Agro Solution Co., Ltd.",P2019-4782,Approved
TH-Aung Myin 30 EC,Difenoconazole 15% + Propiconazole 15% EC,Tonghua Pesticide Chemical Indust,"Friends' Helper Co., Ltd.",P2020-4779,Approved
Theik Di Moe,Hexaconazole 250g/l SC,Shandong United Pesticide Indust,"Y Agro Solution Co., Ltd.",P2018-4151,Approved
Thetop-M 70 WP,Thiophanate-methyl 700g/kg WP,"Kingtai Chemicals Co., Ltd.","Kingtai Myanmar Co., Ltd.",2016-3313,Approved
Thiophanate Methyl TG 97,Thiophanate-methyl TG 97%,"AgriGate CropSciences Pte., Ltd.","Myanma Awba Group Co., Ltd.",P2017-3460,Approved
Thiram TG 98%,Thiram TG 98%,"AgriGate CropSciences Pte., Ltd.","Myanma Awba Group Co., Ltd.",P2017-3461,Approved
TH-Kyee Pwar 25 SC,Azoxystrobin 25% SC,Tonghua Pesticide Chemical Indust,"Friends' Helper Co., Ltd.",P2020-4971,Approved
TH-Kyee Wa 84 WP,Copper Oxychloride 84% WP,Tonghua Pesticide Chemical Indust,"Friends' Helper Co., Ltd.",P2020-4878,Approved
TH-Min Thar 75 WG,Tebuconazole 50% + Trifloxystrobin 25% WG,Tonghua Pesticide Chemical Indust,"Friends' Helper Co., Ltd.",P2020-4683,Approved
TH-Nagar 2 SL,Kasugamycin 2% SL,Tonghua Pesticide Chemical Indust,"Friends' Helper Co., Ltd.",P2020-4920,Approved
TH-Super 32.5 SC,Azoxystrobin 20% + Difenoconazole 12.5% SC,Tonghua Pesticide Chemical Indust,"Friends' Helper Co., Ltd.",P2020-4877,Approved
TH-Yadanar 50 WG,Trifloxystrobin 50% WG,Tonghua Pesticide Chemical Indust,"Friends' Helper Co., Ltd.",P2020-5028,Approved
Tide-IPB,Iprobenfos 48% EC,"Zhejiang Tide Cropscience Co., Ltd.","Myanmar Golden Byter Co., Ltd.",P2020-4838,Approved
Tide-superior,Azoxystrobin 20% + Difenoconazole 12.5% SC,"Zhejiang Tide Cropscience Co., Ltd.","Seinn Lae Thwin Co., Ltd.",P2019-4753,Approved
Tide-Thio 500 SC,Thiophanate-methyl 500g/l SC,"Zhejiang Tide Cropscience Co., Ltd.","Myanmar Golden Byter Co., Ltd.",P2020-4972,Approved
Tim,Tebuconazole 430g/l SC,Shandong United Pesticide Indust,"Huynh Zaw Co., Ltd.",P2018-4371,Approved
Titan 75 SC,Chlorothalonil 37.5% + Propamocarb Hydrochloride 37.5% SC,"Agrinova Cropcare Pte., Ltd.","Wi Sar Ra International Co., Ltd.",P2020-5173,Approved
Top Care 400 SC,Tricyclazole 400g/l SC,"Eastchem Co., Ltd.","Myanma Awba Group Co., Ltd.",P2020-5053,Approved
Top Most 72 SL,Propamocarb Hydrochloride 72% SL,"Optimus Agri-Tech Pte., Ltd.",Myanmar Kaung Thu Kha Co.,P2020-5152,Approved
Top-Biomycin A 2 SL,Kasugamycin 2% SL,"Shanghai Topchems Industry Co., Ltd.","Agriman Myanmar Co., Ltd.",P2017-3414,Approved
Top-Copper 85 WP,Copper Oxychloride 85% WP,"Shanghai Topchems Industry Co., Ltd.","Agro Power Co., Ltd.",P2017-3402,Approved
Top-Cymo 30 WP,Cymoxanil 30% WP,"Shanghai Topchems Industry Co., Ltd.","Agro Power Co., Ltd.",P2017-3403,Approved
Top-Forum 50 WP,Dimethomorph 50% WP,"Shanghai Topchems Industry Co., Ltd.","Agro Power Co., Ltd.",P2017-3404,Approved
Topline 25 WP,Dimethomorph 25% WP,Hanearl Science Ltd.,"Royal Distribution Co., Ltd.",P2017-3985,Approved
Top-Mistar 25 SC,Azoxystrobin 25% SC,"Shanghai Topchems Industry Co., Ltd.","Agro Power Co., Ltd.",P2017-3397,Approved
Topper 70 WP,Thiophanate-methyl 70% WP,"Sinamyang Group Pte., Ltd.",Naing Toe Aung (Myanmar),P2017-3918,Approved
Topsin-M 50 SC,Thiophanate-methyl 50% SC,"Nippon Soda Co., Ltd.",Myanmar Arysta LifeScience,P2017-3441,Approved
Topstar 21.7 SC,Azoxystrobin 21.7% SC,Hanearl Science Ltd.,"Royal Distribution Co., Ltd.",P2017-3978,Approved
Top-Winner 300 EC,Difenoconazole 150g/l + Propiconazole 150g/l EC,"Shanghai Topchems Industry Co., Ltd.","Agro Power Co., Ltd.",P2018-3224,Approved
Tracomix 760 WP,Cymoxanil 60g/kg + Propineb 700g/kg WP,Asiatic Agricultural Industries Pte.,"Farm Link Co.,Ltd.",P2020-2779,Approved
Trepach Bul 722 SL,Propamocarb Hydrochloride 722/l SL,AGRIA S.A. (Bulgaria),"Buronos Private Co.,Ltd.",P2020-4748,Approved
Tri K,Trichoderma harzianum(CFU 106),K & K Agro-Tech Service,K & K Agro-Tech Service,P2019-4607,Approved
Tribu,Tebuconazole 50% + Trifloxystrobin 25% WG,Shandong United Pesticide Indust,"Shwe Sike Khinn Co.,Ltd.",P2020-5120,Approved
Triomax 45 WP,Copper Oxychloride 29% + Mancozeb 12% + Cymoxanil 4% WP,Zenith Crop Sciences Bulgaria Ltd.,"Buronos Private Co.,Ltd.",P2018-2466,Approved
Trisu 75% WDG,Tebuconazole 50% + Trifloxystrobin 25% WDG,Guangxi Baike Biological Techno,"Myanmar Kete Co.,Ltd.",P2020-4721,Approved
Tri-Thio 75 WP,Thiophanate Methyl 37.5% + Tricyclazole 37.5% WP,"Agrigate CropSciences Pte.,Ltd.","Myanmar Awba Group Co.,Lt",P2017-2010,Approved
Trivia 72.7 WP,Fluopicolide 6% + Propineb 66.7% WP,Bayer AG,"Myanmar Golden Farm Co.,L",P2017-2342,Approved
Trixa 25 SC,Hexaconazole 5% + Tricyclazole 20% SC,"Agrigate CropSciences Pte.,Ltd.","Myanmar Awba Group Co.,Lt",P2017-2009,Approved
Trustco Clear 430 SC,Tebuconazole 430g/l SC,Chengdu Kelilong Bio-Chemistry,Myanmar Golden Sun Crop,P2018-4219,Approved
Trustco Defender 30 WP,Difenoconazole 30% WP,Hunan Agriculture University Hear,Myanmar Golden Sun Crop,P2018-4469,Approved
Validamycin TG 62%,Validamycin TG 62%,"Agrigate CropSciences Pte.,Ltd.","Myanmar Awba Group Co.,Lt",P2017-3462,Approved
VIGOROUS,Difenoconazole 25% EC,"Weifang Heyi Agrochemical Co.,Lt","Myanmar Golden Byter Co.,",P2018-4222,Approved
Vitasul 80 WDG,Sulphur 80%w/w WDG,Asiatic Agricultural Industries Pte.,"Y Agro Solution Co.,Ltd.",P2019-4528,Approved
VN Bismero 20 WP,Bismerthiazol 200g/kg WP,I.FI Agriculture Techniques Joint S,AVM Limited,P2020-5101,Approved
VN Robino 40 SC,Azoxystrobin 25% + Difenoconazole 15% SC,I.FI Agriculture Techniques Joint S,AVM Limited,P2020-5119,Approved
Vote 5 SL,Validamycin 5% SL,"Syntech International Co.,Ltd.",Golden Lion High Tech Agric,P2017-3438,Approved
V-T Cone 5 SC,Hexaconazole 5% SC,Viet Trung Pesticide Joint Stock Co,Naing Toe Aung (Myanmar),P2017-3940,Approved
V-T Sun 325 SC,Azoxystrobin 200g/l + Difenoconazole 125g/l SC,Viet Trung Pesticide Joint Stock Co,Naing Toe Aung (Myanmar),P2017-3937,Approved
Win Copper 85 WP,Copper Oxychloride 85% WP,"Nanjing Ronch Chemical Co.,Ltd.",Myanmar Win Star Internati,P2017-3582,Approved
Worrior 250 EC,Pyraclostrobin 250g/l EC,"Shanghai Forever Chemical Co.,Lt",Myanmar Golden Sun Crop,P2020-3328,Approved
Thukha Hmoe Shinn,Propamocarb Hydrochloride 66.5% SL,Anhui Guangxin Agrochemical Co.,"Agri Leading Biotech Co.,Ltd",P2020-4698,Approved
Yu Head 5 SC,Hexaconazole 5% SC,"Yingdee Intertrade Co.,Ltd.","Yupa Dagon Trading Co.,Ltd",P2020-5100,Approved
Zaconbin,Azoxystrobin 25% + Difenoconazole 15% SC,"Zagro Singapore Pte.,Ltd.",Zagro Myanmar Limited,P2020-4922,Approved
ZADIFEN 325 SC,Azoxystrobin 20% + Difenoconazole 12.5%w/v SC,"Zagro Singapore Pte.,Ltd.",Zagro Myanmar Limited,P2018-4369,Approved
ZB-Shield 40% SC,Difenoconazole 40% SC,Guangxi Baikal Biochemical Produ,Myanmar Shwe Thein Tradi,P2020-5026,Approved
ZB-Strong Plus 300 EC,Difenoconazole 150g/l + Propiconazole 150g/l EC,Jiangxi Zhengbang Crop Protectior,Myanmar Shwe Thein Tradi,P2020-5027,Approved
ZB-Super Star 55% ME,Propiconazole 55% ME,Guangxi Baikal Biochemical Produ,Myanmar Shwe Thein Tradi,P2020-5025,Approved
ZB-Winner Plus 32.5% SC,Azoxystrobin 20% + Difenoconazole 12.5% SC,Jiangxi Zhengbang Crop Protectior,Myanmar Shwe Thein Tradi,P2019-4802,Approved
Ziflo 76 WG,Ziram 76% WG,Taminco BVBA,"Myanmar Awba Group Co.,Lt",P2014-1305,Approved
Zineb EU 80 WP,Zineb 80%w/w WP,Advanced Agriculture Solution Joi,Advance Agriculture Solutio,P2017-3867,Approved
Ziram TG 96%,Ziram TG 96%,"AgriGate CropSciences Pte.,Ltd.","Myanma Awba Group Co.,Lt",P2017-3463,Approved
ZMC CLEAR UP 25 SC,Azoxystrobin 250g/l SC,Zhejiang Medicines & Health Prod,Diamond Light International,P2018-4201,Approved
Zwekapin 400 EC,Isoprothiolane 400g/l EC,"Chrysalis Crop Pte.,Ltd.","Evogro Co.,Ltd.",P2020-5157,Approved
Zymonil 30 WP,Cymoxanil 30%w/w WP,"Zagro Singapore Pte.,Ltd.",Zagro Myanmar Limited,P2017-3451,Approved
Blogger 700 WP,Propineb 70% WP,"AgriGate CropSciences Pte.,Ltd.","Myanma Awba Group Co.,Lt",P2021-5347,Approved
Mask 700 WP,Propineb 70% WP,"Agrinova Cropcare Pte.,Ltd.","Wi Sar Ra International Co.,",P2021-5369,Approved
YN-Magik 48 SC,Azoxystrobin 30% + Difenoconazole 18% SC,"Huizhou Yinnong Technology Co.,","Friends' Helper Co.,Ltd.",P2021-5385,Approved
Zi Wa Ka,Oxolinic Acid 20% WP,"Agro Icon Cropscience Pte.,Ltd.","Aka Yarzar Co.,Ltd.",P2021-5386,Approved
Te Tri,Tebuconazole 50% + Trifloxystrobin 25% WG,"Agro Icon Cropscience Pte.,Ltd.","Aka Yarzar Co.,Ltd.",P2021-5387,Approved
DL-Kasuga,Kasugamycin 6% SL,Hailir Pesticides and Chemicals Gr,Diamond Light International,P2021-5388,Approved
Dimecure 50 WP,Dimethomorph 50% WP,Shandong Weifang Rainbow Chem,"Rainbow Agrosciences Co.,L",P2021-5389,Approved
Tri Super,Azoxystrobin 12.5% + Bismerthiazol 20% + Dimethomorph 25%,"Agro Icon Cropscience Pte.,Ltd.",Agri Idol Company Limited,P2021-5438,Approved
Coper-chloride,Copper Oxychloride 85% WP,"Agro Icon Cropscience Pte.,Ltd.",Agri Idol Company Limited,P2021-5439,Approved
Daung Major,Dimethomorph 50% WP,"Agro Icon Cropscience Pte.,Ltd.",Agri Idol Company Limited,P2021-5440,Approved
Hmoe Queen,Epoxiconazole 5% + Pyraclostrobin 13.3% SE,"Agro Icon Cropscience Pte.,Ltd.",Agri Idol Company Limited,P2021-5441,Approved
Kasugar,Kasugamycin 4% SL,"Agro Icon Cropscience Pte.,Ltd.",Agri Idol Company Limited,P2021-5442,Approved
Hmoe Shal,Tebuconazole 50% + Trifloxystrobin 25% WG,"Agro Icon Cropscience Pte.,Ltd.",Agri Idol Company Limited,P2021-5443,Approved
Hmoe Shin Thant,Epoxiconazole 5% + Pyraclostrobin 13.3% SE,"Agro Icon Cropscience Pte.,Ltd.","Aka Yarzar Co.,Ltd.",P2021-5445,Approved
Marga ParRaGu,Azoxystrobin 12.5% + Bismerthiazol 20% + Dimethomorph 25%,"Agro Icon Cropscience Pte.,Ltd.","Marga Min Co.,Ltd.",P2021-5447,Approved
Marga Guru,Epoxiconazole 5% + Pyraclostrobin 13.3% SE,"Agro Icon Cropscience Pte.,Ltd.","Marga Min Co.,Ltd.",P2021-5448,Approved
Bacticide,Oxolinic Acid 20% WP,"Agro Icon Cropscience Pte.,Ltd.","Marga Min Co.,Ltd.",P2021-5449,Approved
Hmoe Yar Zar,Tebuconazole 50% + Trifloxystrobin 25% WG,"Agro Icon Cropscience Pte.,Ltd.","Marga Min Co.,Ltd.",P2021-5450,Approved
Pirastar 183 SE,Epoxiconazole 50g/l + Pyraclostrobin 133g/l SE,Shandong Weifang Rainbow Chem,"Rainbow Agrosciences Co.,L",P2021-5451,Approved
Shwe Taung Thu Hero 75 WG,Tebuconazole 50% + Trifloxystrobin 25% WDG,Jiangsu Hoso Import and Export Co.,"Shwe Thit Oo Co.,Ltd.",P2021-5472,Approved
Pyramid,Epoxiconazole 5% + Pyraclostrobin 13.3% SE,"Mountain Peak Cropcare Pte.,Ltd.",Marlarmyaing Public Company,P2021-5483,Approved
Sulphur,Sulphur 80% DF,"Agro Icon Cropscience Pte.,Ltd.",Agri Idol Company Limited,P2021-5484,Approved
Backen 20 WP,Oxolinic Acid 20% WP,"Optimus Agri-Tech Pte.,Ltd.",Myanmar Kaung Thu Kha Co.,P2018-2695,Approved
Kent 80 WDG,Sulfur 80% WDG,"Syntech International Co.,Ltd.","Farm Link Co.,Ltd.",P2017-3386,Approved
MAP Vincal 0.32% SL,Methyl 2-methylbutanoate 0.32% SL,"Map Pacific Pte.,Ltd.","Map Pacific Pte.,Ltd.",P2017-1800,Approved
Prev-AM 6 SL,Orange Oil 6% SL,Oro Agri International Ltd.,Wah Wah Agricultural Chem,P2017-3998,Approved
Standak Top,Fipronil 250g/l + Pyraclostrobin 25g/l + Thiophanate Methyl,"BASF SE, Germany","Aka Yarzar Co.,Ltd.",P2017-2335,Approved
Royal-Zapic,Imazapic 240g/l SL,Zibo NAB Agrochemicals Limited,"Agro Power Co.,Ltd.",P2021-4286,Approved
Atraone,Atrazine 20% + Mesotrione 5% OD,Anhui Byter Agriculture Technology,"Myanmar Kete Co.,Ltd.",P2021-4707,Approved
BNS Bean Star 240 EC,Bentazone 15% + Fomesafen 7% + Quizalofop-P-ethyl 2% EC,Shandong Binnong Technology Co,"Myanmar Golden Byter Co.,",P2021-4854,Approved
BNS Corn Star 260 OD,Atrazine 20% + Mesotrione 4% + Nicosulfuron 2% OD,Shandong Binnong Technology Co,"Myanmar Golden Byter Co.,",P2021-4853,Approved
Byter Peno 20 OD,Penoxsulam 20% OD,Anhui Byter Agriculture Technology,"Myanmar Golden Byter Co.,",P2021-4705,Approved
Evo 4 Aloo 500 EC,Acetochlor 400g/l + Metribuzin 100g/l EC,"Chrysalis Crop Pte., Ltd.","Evogro Co., Ltd.",P2021-5141,Approved
Evo 4 Onions 500 EC,Metolachlor 300g/l + Oxyfluorfen 50g/l + Pendimethalin 150g/l EC,"Chrysalis Crop Pte., Ltd.","Evogro Co., Ltd.",P2021-5140,Approved
Hight voltage 480 SL,Bentazone 480g/l SL,Shandong Vicome Greenland Chem,"Shenbon Agrosciences Co.,Ltd",P2021-4603,Approved
Mepoxy 500 EC,Metolachlor 300g/l + Oxyfluorfen 50g/l + Pendimethalin 150g/l EC,"Optimus Agri-Tech Pte., Ltd.",Myanmar Kaung Thu Kha Co,P2021-5139,Approved
Metric 500 EC,Acetochlor 400g/l + Metribuzin 100g/l EC,"Agrinova Cropcare Pte., Ltd.","Wi Sar Ra International Co.,",P2021-5142,Approved
PARAMI 282.5 WP,Pretilachlor 25% + Pyrazosulfuron-ethyl 3.25% + Fenclorim 1% WP,"Agrigate CropSciences Pte., Ltd.","Myanma Awba Group Co., Ltd",P2021-4929,Approved
Paung Ma Shi 10 EC,Fluoroglycofen-ethyl 10% EC,Shandong Vicome Greenland Chem,"Shenbon Agrosciences Co.,Ltd",P2021-4609,Approved
SPR Benta,Bentazone 480g/l AS,Hefei Spr Chemistry Technology Co,"Myanmar Kete Co.,Ltd.",P2021-4644,Approved
SPR Penoxsu,Penoxsulam 5% OD,Hefei Spr Chemistry Technology Co,"Myanmar Kete Co.,Ltd.",P2021-4641,Approved
Super Acetochlor,Acetochlor 50% EC,Changzhou Kangmei Chemical Ind,Delicious Food Limited,P2021-1976,Approved
ZB-Maize Helper 30% OD,Atrazine 24% + Mesotrione 6% OD,Jiangxi Zhengbang Crop Protection,Myanmar Shwe Thein Tradi,P2021-4797,Approved
AP-Meto,S-Metolachlor 960g/l EC,Zibo NAB Agrochemicals Limited,"Agro Power Co.,Ltd.",P2021-4311,Approved
Royal-Penzi,Oxyfluorfen 9% + Pendimethalin 25% EC,Shandong Topagri Limited,"Agro Power Co.,Ltd.",P2021-4312,Approved
Gold Corn 55 SC,Atrazine 50% + Mesotrione 5% SC,"Syntech International Co.,Ltd.",Golden Lion High Tech Agric,P2021-4470,Approved
Guang Diu,Diuron 46.8% + Hexazione 13.2% WG,Anhui Guangxin Agrochemical Co.,Agro Green Land Chemical,P2021-4727,Approved
Meteor 500 EC,Metolachlor 30% + Oxyfluorfen 5% + Pendimethalin 15% EC,"Agrinova Cropcare Pte., Ltd.","Wi Sar Ra International Co.,",P2021-4309,Approved
Motoril 75% WG,Metribuzin 75% WG,Rallis India Limited,Aventine Limited,P2021-3850,Approved
Paddy Queen,Bispyribac-Sodium 5% + Quinclorac 30% WP,Makro Chemical,"Golden Key Co.,Ltd.",P2021-2310,Approved
Shwe Pyaung Paung Shin,Atrazine 40% + Mesotrione 10% WP,Makro Chemical,"Golden Key Co.,Ltd.",P2021-4421,Approved
"2,4 Star","2,4-D Sodium Salt 85% SP",Makro Chemical,"Golden Key Co.,Ltd.",P2017-3531,Approved
Ace 500,Acetochlor 50 EC,"Eastchem Co.,Ltd.","Myanma Awba Group Co.,Lt",P2018-2659,Approved
Aceto,Acetochlor TG 95%,"AgriGate CropSciences Pte.,Ltd.","Myanma Awba Group Co.,Lt",P2020-4980,Approved
Acetoron 20 WP,Acetochlor 15.5% + Bensulfuron-methyl 4.5% WP,Hailir Pesticides and Chemicals Gr,"Hailir Myanmar Co.,Ltd.",P2020-4997,Approved
Acumen 100 EC,Quizalofop-P-ethyl 10% EC,Jingbo Agrochemicals Technology,Taung Paw Thar Yee Shinn,P2019-4586,Approved
Adika 200 SL,Diquat dibromide 200g/l SL,"AgriGate CropSciences Pte.,Ltd.","Myanma Awba Group Co.,Lt",P2021-5144,Approved
Agrifop 100 EC,Cyhalofop-Butyl 10% EC,"Agsin Pte.,Ltd.","Agsin Pte.,Ltd. (Rep. Office)",2016-3189,Approved
Altra-Z 60 SC,Atrazine 60% SC,"Sims Agrow Chem Co.,Ltd.","International Agro Co.,Ltd.",P2017-3784,Approved
Amery 80 WP,Ametryn 80% WP,"AgriGate CropSciences Pte.,Ltd.","Myanma Awba Group Co.,Lt",P2017-2232,Approved
Ametryn-Madang,Ametryn 80% WP,"Thai Herbicide Co.,Ltd.","Red Dog Trading Co.,Ltd.",P2018-2989,Approved
Ami Queen 80 WP,Ametryn 80% WP,"Agrinova Cropcare Pte.,Ltd.","Wi Sar Ra International Co.,",P2017-2410,Approved
Amine Gold,"2,4-D Amine Salt 860g/l SL","AgriGate CropSciences Pte.,Ltd.","Myanma Awba Group Co.,Lt",2015-2881,Approved
Andren 80 WP,Diuron 80% WP,Ancom Crop Care Sdn.Bhd.,"Marlarmyaing Co.,Ltd.",P2020-5097,Approved
Ann Big 200 EC,Cyhalofop-butyl 200g/l EC,"An Nong Group Co.,Ltd.",Myanmar Kaung Hman Group,P2020-5177,Approved
Ann Bullet 600 EC,Butachlor 600g/l EC,"An Nong Group Co.,Ltd. (Vietnam)",Myanmar Kaung Hman Group,P2021-5281,Approved
Ann Fight 400 SC,Bensulfuron-methyl 60g/l + Quinclorac 340g/l SC,"An Nong Group Co.,Ltd. (Vietnam)",Myanmar Kaung Hman Group,P2021-5280,Approved
Ann Goal 250 EC,Oxadiazon 250g/l EC,"An Nong Group Co.,Ltd. (Vietnam)",Myanmar Kaung Hman Group,P2021-5282,Approved
Ann Killer 100 WP,Pyrazosulfuron-ethyl 100g/kg WP,"An Nong Group Co.,Ltd.",Myanmar Kaung Hman Group,P2021-5179,Approved
Ann Pony 300 EC,Pretilachlor 300g/l EC,"An Nong Group Co.,Ltd.",Myanmar Kaung Hman Group,P2021-5178,Approved
Ann Shoot 100 SC,Bispyribac-sodium 100g/l SC,"An Nong Group Co.,Ltd.",Myanmar Kaung Hman Group,P2020-5176,Approved
Royal Paung Sayar,Fluazifop-P-butyl 150g/l EC,Shandong Topagri Limited,"Royal Shin Thant Co.,Ltd.",P2020-4860,Approved
AP-Daung Bayin,Fenoxaprop-P-ethyl 11% EC,Zibo NAB Agrochemicals Limited,"Agro Power Co.,Ltd.",P2020-4833,Approved
AP-Daung Win,Fenoxaprop-P-ethyl 6.9% EW,Zibo NAB Agrochemicals Limited,"Agro Power Co.,Ltd.",P2018-4301,Approved
AP-Gold,Cyhalofop-butyl 5% + Penoxsulam 1% OD,Shandong Topagri Limited,"Agro Power Co.,Ltd.",P2020-4288,Approved
AP-Oaksay,Pretilachlor 300g/l EC,Zibo NAB Agrochemicals Limited,"Agro Power Co.,Ltd.",P2018-4302,Approved
AP-Tryn,Ametryn 80% WP,Zibo NAB Agrochemicals Limited,"Agro Power Co.,Ltd.",P2020-4287,Approved
AP-Zapya,Imazethapyr 10% SL,Zibo NAB Agrochemicals Limited,"Agro Power Co.,Ltd.",P2020-4279,Approved
Arena 80 WP,Atrazine 80% WP,"Syntech International Co.,Ltd.","Farm Link Co.,Ltd.",P2017-3372,Approved
Armo Auto 25% EC,Oxadiazon 25% EC,"R.H.F Pte.,Ltd.",Aventine Limited,P2017-3718,Approved
Armo Cesar,Acetochlor 50% EC,"R.H.F Pte.,Ltd.",Aventine Limited,P2018-3099,Approved
Armo Halo 10% EC,Cyhalofop-butyl 10% EC,"R.H.F Pte.,Ltd.",Aventine Limited,P2018-4161,Approved
Armo Image 10% SL,Imazethapyr 10% SL,"R.H.F Pte.,Ltd.",Aventine Limited,P2017-3716,Approved
Armo Popular 10% WP,Pyrazosulfuron-ethyl 10% WP,"R.H.F Pte.,Ltd.",Aventine Limited,P2017-3851,Approved
Armo Sapar Paung Shin 70,Fenoxaprop-P-ethyl 13% + Pyrazosulfuron-ethyl 7% + Quinclorac 50%,"R.H.F Pte.,Ltd.",Aventine Limited,P2018-4162,Approved
Armo Top-Herbi 40% WP,Bensulfuron-methyl 6% + Quinclorac 34% WP,"R.H.F Pte.,Ltd.",Aventine Limited,P2017-3853,Approved
AT-Idol 10 SL,Imazethapyr 10% SL,"Syntech International Co.,Ltd.","Farm Link Co.,Ltd.",P2019-4471,Approved
Atra King,Atrazine 90% WG,Zhejiang Provinc changxing First C,"Central Point Co.,Ltd.",P2017-3346,Approved
Atracorn 50 SC,Atrazine 50% SC,"Ningbo Generic Chemical Co.,Ltd.",Golden Wish Agribusiness Co.,P2017-3873,Approved
Atrast 50 SC,Atrazine 50% SC,Lianyungang Liben Crop Science,Myanmar Nicely Crop Science,P2020-4829,Approved
Atrast 80 WP,Atrazine 80% WP,Lianyungang Liben Crop Science,Myanmar Nicely Crop Science,P2020-4830,Approved
Atrazine-Madang,Atrazine 80 % WP,"Thai Herbicide Co.,Ltd.","Red Dog Trading Co.,Ltd.",2015-2992,Approved
Awba Potato Herbicides 50,Acetochlor 400g/l + Metribuzin 100g/l EC,"AgriGate CropSciences Pte.,Ltd.","Myanmar Awba Group Co.,Ltd",P2018-2872,Approved
Awba Sabar Paung Thet Sa,Bispyribac-sodium 20% OD,"AgriGate CropSciences Pte.,Ltd.","Myanmar Awba Group Co.,Ltd",P2020-5188,Approved
Awba Paung Oat Say 960 E,S-metolachlor 96% EC,"AgriGate CropSciences Pte.,Ltd.","Myanmar Awba Group Co.,Ltd",P2018-2869,Approved
AwGo 200 WP,Chlorimuron-ethyl 100g/kg + Metsulfuron-methyl 100g/kg WP,"AgriGate CropSciences Pte.,Ltd.","Myanmar Awba Group Co.,Ltd",P2017-2244,Approved
B Tech 20 OD,Bispyribac-sodium 20% OD,"Optimus Agri-Tech Pte.,Ltd.",Myanmar Kaung Thu Kha Co,P2020-5189,Approved
Bakaron 80 SC,Diuron 80% SC,Ancom Crop Care Sdn.Bhd.,"Many Agrotrade Co.,Ltd.",P2020-5131,Approved
Balance Flexx,Isoxaflutole 240g/l SC,Bayer AG,"Bayer Thai Co.,Ltd. (Myanmar)",P2020-3352,Approved
Be Nice 200 SL,Diquat dibromide 200g/l SL,"Optimus Agri-Tech Pte.,Ltd.",Myanmar Kaung Thu Kha Co,P2020-5145,Approved
Bean Friend,Imazethapyr 10% SL,"Ningbo Cycle Chemical Co.,Ltd.",Golden Wish Agribusiness Co,P2020-4908,Approved
Bean Guard 250 AS,Fomesafen 250g/l AS,"Tianjin Book Agrochemicals Co.,Ltd","Myanmar Kete Co.,Ltd.",P2019-4642,Approved
Bene Farmer,Quizalofop-P-ethyl 15% EC,"Tianjin Book Agrochemicals Co.,Ltd","Myanmar Kete Co.,Ltd.",P2020-4935,Approved
Bensulfuron-methyl 96% T,Bensulfuron-methyl 96% TC,Zibo NAB Agrochemicals Limited,"Agriwest Myanmar Co.,Ltd.",P2019-4622,Approved
Bidium 10 OD,Bispyribac-sodium 100g/l OD,"Ningbo Cycle Chemical Co.,Ltd.",Golden Wish Agribusiness Co,P2020-4902,Approved
Big Ben 35 WP,Bensulfuron 10% + Bispyribac-sodium 25% WP,"Syntech International Co.,Ltd.",Golden Lion High Tech Agric,P2018-1783,Approved
Bingo,Bispyribac 20% WP,"Sigma Agrochemical Co.,Ltd.",Agro Green Land Chemical Co,P2017-3575,Approved
Binhoxa 250g/l EC,Oxadiazon 250g/l EC,"Bailing Agrochemical Co.,Ltd.","Marga Min Co.,Ltd.",P2017-3555,Approved
Biso 10 WP,Bispyribac-sodium 10% WP,"Ningbo Generic Chemical Co.,Ltd.",Golden Wish Agribusiness Co,P2017-3875,Approved
BK Ranger,Pendimethalin 33%w/v EC,"SPKG Biochem Co.,Ltd.","Many Agrotrade Co.,Ltd.",P2020-5018,Approved
BNS Ame 80,Ametryn 80% WP,Shandong Binnong Technology Co,"Myanmar Golden Byter Co.,Ltd",P2020-4341,Approved
BNS Ame A,Ametryn 80% WDG,Shandong Binnong Technology Co,Aventine Limited (from Myanmar),P2020-4342,Approved
BNS Amine,"2,4-D Amine Salt 72% SL",Shandong Binnong Technology Co,"Marga Min Co.,Ltd.",P2017-3642,Approved
BNS Atra 50,Atrazine 50% SC,Shandong Binnong Technology Co,"Marga Min Co.,Ltd.",P2017-3652,Approved
BNS Atra 90,Atrazine 90% WDG,Shandong Binnong Technology Co,Wah Wah Agricultural Chem,P2017-3654,Approved
BNS Bispyri 10,Bispyribac-sodium 10% SC,Shandong Binnong Technology Co,"Myanmar Kete Co.,Ltd.",P2017-3657,Approved
BNS Bispyri 20,Bispyribac-sodium 20% WP,Shandong Binnong Technology Co,"Anawrahta Production Co.,Ltd",P2017-3658,Approved
BNS Buta B,Butachlor 60% EW,Shandong Binnong Technology Co,"Myanmar Kete Co.,Ltd.",P2017-3660,Approved
BNS Full Rice 700 WP,Fenoxaprop-P-ethyl 13% + Pyrazosulfuron 7% + Quinclorac 50% WP,Shandong Binnong Technology Co,"Myanmar Golden Byter Co.,Ltd",P2020-4857,Approved
BNS Glypho,Glyphosate Isopropylamine salt 41%w/w SL,Shandong Binnong Technology Co,"Aka Yarzar Co.,Ltd.",P2017-3644,Approved
BNS Halox 108 EC,Haloxyfop-P-methyl 10.8% EC,Shandong Binnong Technology Co,"Myanmar Golden Byter Co.,Ltd",P2020-4856,Approved
BNS Htoo Shinn,Atrazine 80% WP,Shandong Binnong Technology Co,"Y Agro Solution Co.,Ltd.",P2017-3653,Approved
BNS Kwin Myat Shinn,Quinclorac 25% SC,Shandong Binnong Technology Co,"Y Agro Solution Co.,Ltd.",P2017-3665,Approved
BNS Meso Atra,Atrazine 80.8% + Mesotrione 8% WDG,Shandong Binnong Technology Co,"Myanmar Golden Byter Co.,Ltd",P2020-3639,Approved
BNS Nico Atra,Atrazine 20% + Nicosulfuron 4% OD,Shandong Binnong Technology Co,"Myanmar Golden Byter Co.,Ltd",P2020-3638,Approved
BNS Oxyfluor,Oxyfluorfen 24% EC,Shandong Binnong Technology Co,Wah Wah Agricultural Chem,P2017-3651,Approved
BNS Pendi,Pendimethalin 33% EC,Shandong Binnong Technology Co,"Anawrahta Production Co.,Ltd",P2017-3663,Approved
BNS Prefit,Pretilachlor 30% EC,Shandong Binnong Technology Co,Myanmar Byter Agro Tech Co,P2017-3664,Approved
BNS Pyi Shinn,Butachlor 60% EC,Shandong Binnong Technology Co,"Y Agro Solution Co.,Ltd.",P2017-3659,Approved
BNS Quat,Paraquat 25% SL,Shandong Binnong Technology Co,"Marga Min Co.,Ltd.",P2017-3645,Approved
BNS Qui Fome,Fomesafen 12.5% + Quizalofop-P-ethyl 3.5% EC,Shandong Binnong Technology Co,"Myanmar Golden Byter Co.,Ltd",P2020-3640,Approved
BNS Quizalo,Quizalofop-P-ethyl 10.8% EC,Shandong Binnong Technology Co,"Marga Min Co.,Ltd.",P2017-3666,Approved
BNS S-Meto,S-metolachlor 87.3% EC,Shandong Binnong Technology Co,"Myanmar Golden Byter Co.,Ltd",P2020-3641,Approved
BNS Van To,Fomesafen 25% SL,Shandong Binnong Technology Co,"Y Agro Solution Co.,Ltd.",P2017-3643,Approved
Body Guard 860 SL,"2,4-D Dimethyl Amine salt 860g/l SL","Shanghai Forever Chemical Co.,Ltd",Myanmar Golden Sun Crop,P2017-4017,Approved
Buffet 72 EC,Metolachlor 72% EC,"Optimus Agri-Tech Pte.,Ltd.",Myanmar Kaung Thu Kha Co,P2020-4319,Approved
Burnup 41 SL,Glyphosate 41% SL,"Lier Chemical Co.,Ltd.",Agro Green Land Chemical Co,P2017-3565,Approved
Butasin 60 EC,Butachlor 60% EC,"Sinamyang Group Pte.,Ltd.",Myanmar Agrigreen Group,P2017-3903,Approved
BUTO 5 GR,Butachlor 5% GR,"NongHyup Chemical Co.,Ltd.","1-2-1 Public Co.,Ltd.",P2018-4452,Approved
BUTOXIM 10 GR,Butachlor 10%w/w GR,Saigon Plant Protection Joint Stock,"Golden Rocket Co.,Ltd.",P2018-4328,Approved
Byter An None 10 EC,Quizalofop-P-ethyl 10% EC,Anhui Byter Agriculture Technology,"Myanmar Golden Byter Co.,Ltd",P2017-3693,Approved
Byter Fast 27.6 SL,Paraquat 27.6% SL,Anhui Byter Agriculture Technology,Kesai Eagrow (Myanmar) Co,P2017-3691,Approved
Byter Mar Shal 15 EC,Cyhalofop-butyl 15% EC,Anhui Byter Agriculture Technology,"Myanmar Golden Byter Co.,Ltd",P2017-3678,Approved
Byter Min Lat War 33 EC,Pendimethalin 330g/l EC,Anhui Byter Agriculture Technology,Kesai Eagrow (Myanmar) Co,P2017-3692,Approved
Byter Shovel 32.4 SL,"2,4-D Acid 2.4% + Glyphosate 30% SL",Anhui Byter Agriculture Technology,"Myanmar Golden Byter Co.,Ltd",P2017-3673,Approved
Byter Slow Motion 48 SL,Glyphosate 48% SL,Anhui Byter Agriculture Technology,Kesai Eagrow (Myanmar) Co,P2017-3682,Approved
Byuhar 60% EC,Butachlor 60% EC,"Guangzhou Green Top Co.,Ltd.",Myanma Shwe Nagar Agricu,P2020-4990,Approved
Calaris Xtra 275 SC,Atrazine 25%w/v + Mesotrione 2.5% SC,Syngenta Crop Protection Ltd.,"Myanma Awba Group Co.,Ltd",P2019-2999,Approved
Calm,Haloxyfop-R-methyl 108g/l EC,"Lier Chemical Co.,Ltd.",Agro Green Land Chemical Co,P2017-3566,Approved
Chani 300 OD,Bensulfuron-methyl 20g/l + Pretilachlor 280g/l OD,"Eastchem Co.,Ltd. (China)","Myanma Awba Group Co.,Ltd",P2021-5250,Approved
Chao Cham 90%,Atrazine 90% WG,Shandong Qiaochang Modern Agr,Diamond Light International,P2018-4087,Approved
Chao Chem 50% SC,Atrazine 50% SC,Shandong Qiaochang Modern Agr,Diamond Light International,P2018-4181,Approved
Chao Jar,Pretilachlor 300g/l EC,Shandong Qiaochang Modern Agr,Diamond Light International,P2018-4088,Approved
Chao Jin,Quizalofop-P-ethyl 10% EC,Shandong Qiaochang Modern Agr,Diamond Light International,P2018-4213,Approved
Chao Yi Nao,Acetochlor 15.5% + Bensulfuron-methyl 4.5% WP,Shandong Qiaochang Modern Agr,Diamond Light International,P2018-4182,Approved
Chauk Kan Lin 41 SL,Glyphosate 41% SL,"Fully Light Group Co.,Ltd.","Fully Light Trading Co.,Ltd.",2015-2853,Approved
Click 32 WP,Bensulfuron 4% + Quinclorac 28% WP,Shandong Weifang Rainbow Chem,Agro Green Land Chemical Co,P2017-3949,Approved
Comet Rice Herbicide (2) 5,Pretilachlor 0.5% + Pyrazosulfuron-ethyl 0.04% G,"AgriGate CropSciences Pte.,Ltd.","Myanma Awba Group Co.,Ltd",P2018-2875,Approved
Comet Rice Herbicide 0.41,Penoxsulam 0.015% + Pyrazosulfuron-ethyl 0.40% G,"Chrysalis Crop Pte.,Ltd.","Myanma Awba Group Co.,Ltd",P2017-2240,Approved
Compact 8.5 EC,Cyhalofop-butyl 6% + Pyribenzoxim 2.5% EC,"AgriGate CropSciences Pte.,Ltd.","Myanma Awba Group Co.,Ltd",P2017-2230,Approved
Complete Gold 60 OD,Cyhalofop-butyl 5% + Penoxsulam 1% OD,"Chrysalis Crop Pte.,Ltd.","Myanma Awba Group Co.,Ltd",P2017-2239,Approved
Conquest,Atrazine 90% WDG,"Formular-A Co.,Ltd.","Icon Agro Chemical Co.,Ltd.",P2020-5083,Approved
Correction 10 SC,Bispyribac-Sodium 10% SC,"Agro Star Pte.,Ltd.","Asian Crops Global Co.,Ltd.",2015-2294,Approved
Council 200 SC,Triafamone 200g/l SC,Bayer AG,Charoen Pokphand Produce,P2017-2347,Approved
Credit 60 OD,Cyhalofop-butyl 5% + Penoxsulam 1% OD,"Agrinova Cropcare Pte.,Ltd.","Wi Sar Ra International Co.,",P2017-2412,Approved
Crop-Gcancer 72 SL,"2,4-D Dimethyl Amine 720g/l SL",Crop-China Internationals Limited,Myanmar Byter Agro Tech Co,P2017-3999,Approved
Crop-Gextin 27.6 SL,Paraquat 27.6% SL,Crop-China Internationals Limited,Myanmar Byter Agro Tech Co,P2017-4010,Approved
Crop-Karyard 24 EC,Oxyfluorfen 240g/l EC,Crop-China Internationals Limited,Myanmar Byter Agro Tech Co,P2017-4009,Approved
Crop-Kbroad 25 SL,Fomesafen 250g/l SL,Crop-China Internationals Limited,"Myanmar Golden Byter Co.,Ltd",P2017-4006,Approved
Crux 33 EC,Pendimethalin 330g/l EC,"Lier Chemical Co.,Ltd.",Agro Green Land Chemical Co,P2017-3570,Approved
Cyhalo 10 EC,Cyhalofop-butyl 10% EC,"Agrinova Cropcare Pte.,Ltd.","Wi Sar Ra International Co.,",P2018-4399,Approved
Cyhalofop-butyl 95 TG,Cyhalofop-butyl 95% TG,Zibo NAB Agrochemicals Limited,"Agriwest Myanmar Co.,Ltd.",P2020-5058,Approved
DAR Herbicide,Paraquat dichloride 20% SL,"Yong Nong Biosciences Co.,Ltd.","Central Point Co.,Ltd.",P2017-3345,Approved
Darakoom,Pretilachlor 30%w/v EC,"Thai Herbicide Co.,Ltd.","Red Dog Trading Co.,Ltd.",2015-2996,Approved
Darazochlor,Acetochlor 50%w/v EC,"Thai Herbicide Co.,Ltd.","Red Dog Trading Co.,Ltd.",P2018-2988,Approved
Daung Myee 10 EC,Cyhalofop-butyl 10% EC,"Optimus Agri-Tech Pte.,Ltd.",Myanmar Kaung Thu Kha Co,P2018-4397,Approved
Dawn Shin 6.9 EW,Fenoxaprop-P-ethyl 6.9% EW,"Sunrise Agro Chemicals Pte.,Ltd.",Wah Wah Agricultural Chem,P2020-5032,Approved
DAWN STAR 69 EC,Fenoxaprop-P-ethyl 6.9% EC,"Agro Star Pte.,Ltd.","Min Mahaw Co.,Ltd.",P2018-4358,Approved
Delicacy 15.8 EC,Quizalofop-P-ethyl 15.8% EC,Hailir Pesticides and Chemicals Gr,"Hailir Myanmar Co.,Ltd.",P2020-4996,Approved
Diuron TG 95%,Diuron TG 95%,"AgriGate CropSciences Pte.,Ltd.","Myanma Awba Group Co.,Ltd",P2017-3472,Approved
DKMETRIN 500 SC,Ametryn 50% SC,Zhejiang Zhongshan Chemical Ind,"Zhongshan Myanmar Co.,Ltd",P2020-4687,Approved
DKZINE 500 SC,Atrazine 50% SC,Zhejiang Zhongshan Chemical Ind,"Zhongshan Myanmar Co.,Ltd",P2019-4686,Approved
Doon,Ethoxysulfuron 15% WDG,"Guangzhou Green Top Co.,Ltd.",Myanma Shwe Nagar Agricu,P2020-4992,Approved
Drone,Oxadiazon 250g/l EC,"Ningbo Cycle Chemical Co.,Ltd.",Golden Wish Agribusiness Co,P2020-4901,Approved
DuPontª Almix¨,Chlorimuron-ethyl 100g/kg + Metsulfuron-methyl 100g/kg WP,DuPont Company (Singapore) Pte.,Corteva Agriscience (Myanmar),P2017-3339,Approved
Eagrow Kill,Quizalofop-P-ethyl 10% EC,Shandong Kesaijinong Biotechnolog,Kesai Eagrow (Myanmar) Co,P2020-4945,Approved
Eagrow Luck,Fomesafen 250g/l SL,Shandong Kesaijinong Biotechnolog,Kesai Eagrow (Myanmar) Co,P2020-4946,Approved
Eagrow Star,Cyhalofop-butyl 10% EC,Shandong Kesaijinong Biotechnolog,Kesai Eagrow (Myanmar) Co,P2020-4894,Approved
Eagrow Well,Bispyribac-sodium 100g/l SC,Shandong Kesaijinong Biotechnolog,Kesai Eagrow (Myanmar) Co,P2020-4944,Approved
Eco Clean 25% EC,Oxyfluorfen 25% EC,Hailir Pesticides and Chemicals Gr,"International Agro Co.,Ltd.",P2017-3783,Approved
Eco Paun Star,Cyhalofop-butyl 15% EC,Farmlands International Limited,"Min Galar Hinnthar Co.,Ltd.",P2020-5084,Approved
Eradiazon,Oxadiazon 25%w/v EC,The Erawan Agricultural Chemical,Aventine Limited,P2017-3730,Approved
Erafop,Fluazifop-P-butyl 15%w/v EC,The Erawan Agricultural Chemical,Aventine Limited,2016-3194,Approved
Erafuron,Pyrazosulfuron-ethyl 10% WP,The Erawan Agricultural Chemical,Aventine Limited,P2017-3732,Approved
Erapostrice,Cyhalofop-butyl 10%w/v EC,The Erawan Agricultural Chemical,Aventine Limited,P2017-3725,Approved
Eraprofit 500 EC,Pretilachlor 17% + Propanil 33%w/v EC,The Erawan Agricultural Chemical,Aventine Limited,P2020-3723,Approved
Erapropachlor 70,Butachlor 35% + Propanil 35% EC,The Erawan Agricultural Chemical,Aventine Limited,P2020-3719,Approved
Erapybac 20 WP,Bispyribac-sodium 20% WP,The Erawan Agricultural Chemical,Aventine Limited,P2019-4496,Approved
Erapyr 668,Triclopyr butoxyethyl ester 66.8%w/v EC,The Erawan Agricultural Chemical,Aventine Limited,P2017-3734,Approved
Erasafen,Fomesafen 25%w/v SL,The Erawan Agricultural Chemical,Aventine Limited,2016-3195,Approved
Eratryn 80 WG,Ametryn 80% WG,The Erawan Agricultural Chemical,Aventine Limited,P2020-4495,Approved
Erauron 80 SC,Diuron 80%w/v SC,The Erawan Agricultural Chemical,Aventine Limited,P2017-3726,Approved
Erauron 80 WP,Diuron 80% WP,The Erawan Agricultural Chemical,Aventine Limited,P2019-4497,Approved
Eraxaprop 6.9 EC,Fenoxaprop-P-ethyl 6.9%w/v EC,The Erawan Agricultural Chemical,Aventine Limited,P2019-4520,Approved
Erazalofop,Quizalofop-P-ethyl 5%w/v EC,The Erawan Agricultural Chemical,Aventine Limited,2016-3197,Approved
Eraze,Pretilachlor 50% EC,NACL Industries Limited,Marlarmyaing Public Company,2016-3011,Approved
Eraze Strong,Bensulfuron-methyl 0.6%w/w + Pretilachlor 6%w/w G,NACL Industries Limited,Marlarmyaing Public Company,P2018-2537,Approved
Erazine 50 SC,Atrazine 50%w/v SC,The Erawan Agricultural Chemical,Aventine Limited,2016-3193,Approved
Erazine 80 WP,Atrazine 80% WP,The Erawan Agricultural Chemical,Aventine Limited,P2019-4498,Approved
Erazonil,Clomazone 12% + Propanil 27%w/v EC,The Erawan Agricultural Chemical,Aventine Limited,P2020-3720,Approved
Esxonad 95 Tra Madang,"2,4-D Sodium Salt 95% SP","Thai Herbicide Co.,Ltd.","Red Dog Trading Co.,Ltd.",2015-2991,Approved
E-T Gram 10 EC,Quizalofop-P-ethyl 10% EC,"Shanghai E-Tong Chemical Co.,Ltd","Seinn Lae Thwin Co.,Ltd.",P2017-4021,Approved
E-T Oni 32.5 EC,Pendimethalin 32.5% EC,"Shanghai E-Tong Chemical Co.,Ltd","Yonta Myanmar Co.,Ltd.",P2018-4281,Approved
E-T Parazone 27.6 SL,Paraquat Dichloride 27.6% SL,"Shanghai E-Tong Chemical Co.,Ltd","Seinn Lae Thwin Co.,Ltd.",2016-3179,Approved
E-T Weapon 32 WP,Bensulfuron-methyl 4% + Quinclorac 28% WP,"Shanghai E-Tong Chemical Co.,Ltd","Yonta Myanmar Co.,Ltd.",P2018-4280,Approved
Ethephon TG 85%,Ethephon TG 85%,"AgriGate CropSciences Pte.,Ltd.","Myanma Awba Group Co.,Ltd",P2017-3473,Approved
Evo 4 Peanuts 10 SL,Imazethapyr 10% SL,"Chrysalis Crop Pte.,Ltd.","Evogro Co.,Ltd.",P2020-5159,Approved
Evo Darsat 20 OD,Bispyribac-sodium 20% OD,"Chrysalis Crop Pte.,Ltd.","Evogro Co.,Ltd.",P2020-5187,Approved
Evo Meto 72 EC,Metolachlor 72% EC,"Chrysalis Crop Pte.,Ltd.","Evogro Co.,Ltd.",P2020-4310,Approved
Evo Metso 20 WDG,Metsulfuron-methyl 20% WDG,"Chrysalis Crop Pte.,Ltd.","Evogro Co.,Ltd.",P2017-2673,Approved
Evo One Time 60 OD,Cyhalofop-butyl 5% + Penoxsulam 1% OD,"Chrysalis Crop Pte.,Ltd.","Evogro Co.,Ltd.",P2020-3480,Approved
Evo Oxy Star 23.5 EC,Oxyfluorfen 23.5% EC,"Chrysalis Crop Pte.,Ltd.","Evogro Co.,Ltd.",P2018-4401,Approved
Evo Panda Mi 33 EC,Pendimethalin 33% EC,"Chrysalis Crop Pte.,Ltd.","Evogro Co.,Ltd.",P2018-4314,Approved
Evo Pintat Paung Shin 20%,Pyrazosulfuron-ethyl 20% OD,"Chrysalis Crop Pte.,Ltd.","Evogro Co.,Ltd.",P2020-5186,Approved
Evo Quat 200 SL,Diquat dibromide 200g/l SL,"Chrysalis Crop Pte.,Ltd.","Evogro Co.,Ltd.",P2020-5146,Approved
Extra Rice 15 WDG,Ethoxysulfuron 15% WDG,"Zhejiang Tide Cropscience Co.,Ltd.","Golden Key Co.,Ltd.",P2020-4858,Approved
Farmozine 80 WP,Atrazine 80% WP,Shandong Weifang Rainbow Chem,Marlarmyaing Public Company,P2017-3947,Approved
Farmozine Plus 90 WG,Atrazine 90% WG,Shandong Weifang Rainbow Chem,Charoen Porphand Produce,P2017-3948,Approved
Farmround 41 SL,Glyphosate 41% SL,"Limin Chemical Co.,Ltd.",Limin Chemical (Myanmar),P2017-4029,Approved
Feme 250 SL,Fomesafen 250g/l SL,"Eastchem Co.,Ltd.","Myanma Awba Group Co.,Ltd",P2020-5033,Approved
Fenoxa King,Fenoxaprop-P-ethyl 69g/l EW,"Ningbo Cycle Chemical Co.,Ltd.",Golden Wish Agribusiness Co,P2018-4091,Approved
Fenoxaprop-P-ethyl TG 96,Fenoxaprop-P-ethyl TG 96%,"AgriGate CropSciences Pte.,Ltd.","Myanma Awba Group Co.,Ltd",P2017-3474,Approved
Ferim,Fenclorim TG 98%,"AgriGate CropSciences Pte.,Ltd.","Myanma Awba Group Co.,Ltd",P2020-4978,Approved
Ferti-Cloben,Bensulfuron-methyl 6% + Quinclorac 34% WP,"Fertiagro Pte.,Ltd.","Myanmar Agro Eagle Co.,Ltd",P2020-4982,Approved
Ferti-Fenofuron,Ethoxysulfuron 2.1% + Fenoxaprop-P-ethyl 6.9% OD,"Fertiagro Pte.,Ltd.","Farm Link Co.,Ltd.",P2020-5107,Approved
FERTILE 130 SL,MCPA-sodium 13% SL,"Weifang Heyi Agrochemical Co.,Ltd","Myanmar Golden Byter Co.,Ltd",P2018-4282,Approved
Ferti-Quinpyra,Pyrazosulfuron-ethyl 3% + Quinclorac 47% WP,"Fertiagro Pte.,Ltd.","Myanmar Agro Eagle Co.,Ltd",P2020-4981,Approved
Fist Super,Pendimethalin 456 CS,UPL Limited,"Agro Power Co.,Ltd.",2016-3218,Approved
Fluto 10 WG,Flucetosulfuron 10% WG,"LG Chem, Ltd.",Golden Lion High Tech Agric,P2019-2334,Approved
Fofen,Fomesafen TG 95%,"AgriGate CropSciences Pte.,Ltd.","Myanma Awba Group Co.,Ltd",P2020-4977,Approved
Foison Axe,Triclopyr 480g/l EC,"Lier Chemical Co.,Ltd.",Agro Green Land Chemical Co,P2020-4943,Approved
Formula-One,Fomesafen 250g/l SL,"Lier Chemical Co.,Ltd.","Agri Leading Biotech Co.,Ltd",P2019-4728,Approved
Foison Dropper,Diuron 80% WP,"Lier Chemical Co.,Ltd.",Agro Green Land Chemical Co,P2020-4823,Approved
Foison Longstar,Pretilachlor 50% EC,"Lier Chemical Co.,Ltd.",Agro Green Land Chemical Co,P2020-4824,Approved
Foison Paniclear,Quinclorac 50% WP,"Lier Chemical Co.,Ltd.",Agro Green Land Chemical Co,P2020-4825,Approved
Foison Safa,Atrazine 80% WP,"Lier Chemical Co.,Ltd.",Agro Green Land Chemical Co,P2019-4729,Approved
Foison Speed,Cyhalofop-butyl 10% EC,"Lier Chemical Co.,Ltd.",Agro Green Land Chemical Co,P2020-4822,Approved
Fomesa 25 SL,Fomesafen 25% SL,"Ningbo Generic Chemical Co.,Ltd.",Golden Wish Agribusiness Co,P2017-3881,Approved
Fomesafen 95 TG,Fomesafen 95% TG,Zibo NAB Agrochemicals Limited,"Agriwest Myanmar Co.,Ltd.",P2020-5059,Approved
For Me 25 SL,Fomesafen 25% SL,"Agro Star Pte.,Ltd.","Asian Crops Global Co.,Ltd.",2015-2295,Approved
Fuhua,Glyphosate Isopropylammonium 480g/l SL,Sichuan Leshan Fuhua Tongda Agr,Diamond Light International,P2017-3544,Approved
"Fuhua 2,4-D","2,4-D Dimethyl Ammonium Salt 720g/l SL",Sichuan Leshan Fuhua Tongda Agr,Diamond Light International,P2017-3543,Approved
Gai Cho,Haloxyfop-R-methyl 108g/l EC,"Nanjing Red Sun Co.,Ltd.",Diamond Light International,P2018-4183,Approved
Glykill 48 SL,Glyphosate 480g/l SL,"Sinamyang Group Pte.,Ltd.","Asian Crops Global Co.,Ltd.",P2017-4039,Approved
Glyphosate 62% IPA Techn,Glyphosate 62% IPA Technical,Asiatic Agricultural Industries Pte.,Asiatic Agricultural Industrie,2015-2785,Approved
Glysina 13.6 SL,Glyphosate 13.6% SL,"Sinamyang Group Pte.,Ltd.",Naing Toe Aung (Myanmar),P2017-3909,Approved
Glyweed 41 SL,Glyphosate 41% SL,"Kingtai Chemicals Co.,Ltd.","Kingtai Myanmar Co.,Ltd.",2016-3315,Approved
Gold amine,"2,4-D Dimethyl Amine salt 720g/l SL","Ningbo Generic Chemical Co.,Ltd.",Golden Wish Agribusiness Co,P2017-3870,Approved
Gold Pen,Pendimethalin 33% EC,"Ningbo Cycle Chemical Co.,Ltd.",Golden Wish Agribusiness Co,P2020-4907,Approved
"Golden Plain 2,4-D","2,4-D dimethyl Amine salt 720g/l SL",Shandong United Pesticide Indust,"Golden Plain Co.,Ltd.",P2017-3540,Approved
Golden Plain Atrazine 90,Atrazine 90% WG,"Shandong Kesai Eagrow Co.,Ltd.","Golden Plain Co.,Ltd.",2015-2866,Approved
Golden Plain Glyphosate A,Glyphosate-Ammonium 80% SG,"Shandong Kesai Eagrow Co.,Ltd.","Golden Plain Co.,Ltd.",2015-2867,Approved
Golden Plain Glyphosate I,Glyphosate IPA 41% SL,"Shandong Kesai Eagrow Co.,Ltd.","Golden Plain Co.,Ltd.",P2017-3538,Approved
Golden Plain Haloxyfop-P-,Haloxyfop-P-methyl 10.8% EC,"Shandong Kesai Eagrow Co.,Ltd.","Golden Plain Co.,Ltd.",2015-2868,Approved
Golden Plain Paraquat 25%,Paraquat 25% SL,"Shandong Kesai Eagrow Co.,Ltd.","Golden Plain Co.,Ltd.",P2017-3539,Approved
Golden Rocket Glyphosate,Glyphosate 48% SL,My Golden Crop Enterprise,"Golden Rocket Co.,Ltd.",2016-3020,Approved
Golder 86 SL,"2,4-D 86% SL","Sinamyang Group Pte.,Ltd.","Asian Crops Global Co.,Ltd.",P2017-3895,Approved
"Good Harvest 2,4-D","2,4-D Dimethyl Amine Salt 860g/l SL",Jiangsu Good Harvest-Weien Agro,"7 Star Agro Power Co.,Ltd.",P2017-4013,Approved
G-Q 10% EC,Quizalofop-P-ethyl 10% EC,"Syntech International Co.,Ltd.",Golden Lion High Tech Agric,P2017-3437,Approved
G-Q 5 EC,Quizalofop-P-ethyl 5% EC,"Syntech International Co.,Ltd.",Golden Lion High Tech Agric,P2017-3436,Approved
Great Fome 250 SL,Fomesafen 25% SL,"Yingde Greatchem Chemicals Co.,L",Myanmar Nicely Crop Scien,P2020-4942,Approved
Guide,Propanil 36% EC,"Ningbo Cycle Chemical Co.,Ltd.",Golden Wish Agribusiness C,P2020-4906,Approved
Hallo Super,Haloxyfop-R-methyl 108g/l EC,Shandong Vicome Greenland Chem,"Shenbon Agrosciences Co.,L",P2020-5012,Approved
Halo 1,Haloxyfop-R-methyl Ester 10.8% EC,"Syntech International Co.,Ltd.",Golden Lion High Tech Agric,P2017-1548,Approved
Halo 2,Fomesafen 25% SL,"Syntech International Co.,Ltd.",Golden Lion High Tech Agric,P2017-1549,Approved
Halo-P-M 10.8 EC,Haloxyfop-P-methyl 10.8% EC,"Kingtai Chemicals Co.,Ltd.","Close Friend Co.,Ltd.",P2018-4330,Approved
HD Choice,Atrazine 48% WP,Guangdong Haode Crop Science C,Myanmar Wai Fung Agricult,P2018-4422,Approved
HD Close,Pretilachlor 30% EC,Guangdong Haode Crop Science C,Myanmar Wai Fung Agricult,P2018-4423,Approved
HD Cover,Bensulfuron-methyl 30% WP,Guangdong Haode Crop Science C,Myanmar Wai Fung Agricult,P2018-4425,Approved
HD Elite,Haloxyfop-P-methyl 108g/l EC,Guangdong Haode Crop Science C,Myanmar Wai Fung Agricult,P2018-4450,Approved
HD Partner,Cyhalofop-butyl 100g/l EC,"Guangdong Haode Crop Science Co.,Ltd",Myanmar Wai Fung Agriculture,P2018-4424,Approved
Herbi 2,Pyrazosulfuron-ethyl 10% WP,Makro Chemical,"Golden Key Co.,Ltd.",P2017-3500,Approved
Herbi Nut,Imazethapyr 10% SL,Makro Chemical,"Golden Key Co.,Ltd.",P2017-3496,Approved
Herbi Shin,Quizalofop-P-ethyl 15.8% EC,Makro Chemical,"Golden Key Co.,Ltd.",P2018-4294,Approved
"Herbia ""O"" One",Oxyfluorfen 24% EC,"Hangzhou Xinlong Industrial Co.,Ltd","Myanmar AT Nagar Co.,Ltd.",P2020-5137,Approved
"Herbia ""QB"" Four",Bensulfuron-methyl 2% + Quinclorac 29% EA,"Hangzhou Xinlong Industrial Co.,Ltd","Myanmar AT Nagar Co.,Ltd.",P2021-5277,Approved
Hox,Haloxyfop-R-methyl 108g/l EC,Shandong United Pesticide Industry,"Huynh Zaw Co.,Ltd.",P2018-4484,Approved
Htult Toe 10 WP,Bensulfuron-methyl 10% WP,Shandong Vicome Greenland Chemical,"Shenbon Agrosciences Co.,Ltd",P2019-4605,Approved
Htyak Toe Pyawl 15 EC,Cyhalofop-butyl 15% EC,"Guangxi Tianyuan Biochemistry Co.,Ltd","Arvis Cropscience Co.,Ltd.",P2020-4893,Approved
I QBeen,Quizalofop-P-ethyl 5% EC,"Agforepax Industries Co.,Ltd.","Min Mahaw Co.,Ltd.",P2020-5064,Approved
Imazethapyr TG 97%,Imazethapyr TG 97%,"AgriGate CropSciences Pte.,Ltd.","Myanma Awba Group Co.,Ltd.",P2017-3476,Approved
Irazer 15 EC,Fluazifop-P-butyl 15% EC,Hanearl Science Ltd.,"Royal Distribution Co.,Ltd.",P2017-3964,Approved
Iron 80 WP,Ametryn 80% WP,"Optimus Agri-Tech Pte.,Ltd.","Myanmar Kaung Thu Kha Co.,Ltd",P2020-4396,Approved
Jalan 108 EC,Haloxyfop-R-Methyl Ester 10.8% EC,"Agro Star Pte.,Ltd.","Asian Crops Global Co.,Ltd.",2015-2292,Approved
Jet 20 OD,Bispyribac-sodium 20% OD,"Agrinova Cropcare Pte.,Ltd.","Wi Sar Ra International Co.,Ltd.",P2020-5190,Approved
Jin Ho,Quizalofop-P-ethyl 10% EC,"Hefei Xingyu Chemical Co.,Ltd.",Diamond Light International,P2018-4089,Approved
K.4 Fome 25 SL,Fomesafen 25% SL,"Zhejiang E-Tong Chemical Co.,Ltd.","Anawrahta Production Co.,Ltd",P2017-3801,Approved
K.4 Quiza,Quizalofop-P-ethyl 5% EC,"Zhejiang E-Tong Chemical Co.,Ltd.","Anawrahta Production Co.,Ltd",P2017-3802,Approved
Kaung Htet,Bensulfuron-methyl 6% + Quinclorac 34% WP,"Ningbo Cycle Chemical Co.,Ltd.","Golden Wish Agribusiness Co.,Ltd",P2020-4903,Approved
Kaung Thu Kha Paung Tha,Pyrazosulfuron-ethyl 0.04% G,"Optimus Agri-Tech Pte.,Ltd.","Myanmar Kaung Thu Kha Co.,Ltd",P2017-3482,Approved
Kendiuron 500 SC,Diuron 50%w/v SC,Kenso Corporation (M) Sdn.Bhd.,"Grand Agrocare Co.,Ltd.",2016-3052,Approved
Kenfosat 480 SL,Glyphosate- Isopropylamine 48% SL,Kenso Corporation (M) Sdn.Bhd.,"Grand Agrocare Co.,Ltd.",2016-3054,Approved
Kenlon 480 EC,Triclopyr Butoxy Ethyl Ester,Kenso Corporation (M) Sdn.Bhd.,"Grand Agrocare Co.,Ltd.",2016-3053,Approved
Keywa Amine 86% SL,"2,4-D Dimethyl Amine 86% SL",Guangdong Keywa Chemical Tradi,Myanmar Byter Agro Tech Co.,P2017-3516,Approved
Keywa Gly 41% SL,Glyphosate 41% SL,Guangdong Keywa Chemical Tradi,Myanmar Byter Agro Tech Co.,P2017-3517,Approved
Khay,Fomesafen 25% SL,"Anhui Fengle Agrochemical Co.,Ltd",Agro Green Land Chemical Co.,P2018-4111,Approved
Khi Shin 10 WP,Pyrazosulfuron-ethyl 10% WP,Shandong Vicome Greenland Chemical,"Shenbon Agrosciences Co.,Ltd",P2019-4604,Approved
Kikae 25 SL,Fomesafen 25% SL,"Thep Watana Co.,Ltd.","SASA International Co.,Ltd.",P2017-3600,Approved
Killer 50 SL,Glyphosate potassium salt 500g/l SL,"Iprochem Co.,Ltd.","Myanmar Golden Byter Co.,",P2017-3997,Approved
King 720 SL,"2,4-D Amine Salt 720g/l SL","Kingtai Chemicals Co.,Ltd.","Kingtai Myanmar Co.,Ltd.",2016-3314,Approved
Kingtrazine 48 WP,Atrazine 48% WP,"Kingtai Chemicals Co.,Ltd.","Kingtai Myanmar Co.,Ltd.",P2017-3962,Approved
Knight 200 WP,Chlorimuron-ethyl 10% + Metsulfuron-methyl 10% WP,"Agrinova Cropcare Pte.,Ltd.","Wi Sar Ra International Co.,Ltd.",P2017-2411,Approved
Kris,Bispyribac-sodium 400g/l SC,Riceco International Inc.,"Agro Power Co.,Ltd.",P2019-4499,Approved
Kyan Paung Shin 58 WP,Ametryn 58% WP,Shaanxi Microbe Biotechnology Co.,"THU THU HEIN Co.,Ltd.",P2020-4560,Approved
Kyoshin,Pendimethalin 33% EC,"Syntech International Co.,Ltd.","Farm Link Co.,Ltd.",P2017-3384,Approved
Laban 84 SL,"2,4-D Dimethyl Ammonium 84% SL","Thep Watana Co.,Ltd.","SASA International Co.,Ltd.",P2017-3595,Approved
Lae Minther,Bensulfuron-methyl 6% + Quinclorac 34% WP,"Agro Icon Cropscience Pte.,Ltd.","Si Aka Yarzar Co.,Ltd.",P2021-5199,Approved
Lael Load Thar 20% OD,Pyrazosulfuron-ethyl 20% OD,"Optimus Agri-Tech Pte.,Ltd.",Myanmar Kaung Thu Kha Co.,P2020-5184,Approved
Laudis 420 SC,Tembotrione 420g/l SC,Bayer AG,"Wi Sar Ra International Co.,Ltd.",P2020-3354,Approved
Le Paung That,Bispyribac-sodium 20% WP,"Lier Chemical Co.,Ltd.","Taw Win Dar Co.,Ltd.",P2019-4733,Approved
Lethuma,Bensulfuron-methyl 6% + Quinclorac 34% WP,"Agro Star Pte.,Ltd.","Min Mahaw Co.,Ltd.",2016-3085,Approved
Lightning 50 WP,Quinclorac 50% WP,"Kingtai Chemicals Co.,Ltd.","Close Friend Co.,Ltd.",P2018-4329,Approved
Limit 100 EC,Quizalofop-P-ethyl 100g/l EC,Asiatic Agricultural Industries Pte.,"Marga Min Co.,Ltd.",P2017-3753,Approved
Longtime 800 WP,Diuron 800g/kg WP,"Eastchem Co.,Ltd.","Myanma Awba Group Co.,Ltd",P2017-3486,Approved
Lyphoxim 48 SL,Glyphosate 480g/l SL,Saigon Plant Protection Joint Stock,"Akari Min Trading Co.,Ltd.",2016-3082,Approved
M-72 EC,Metolachlor 72% EC,"Syntech International Co.,Ltd.",Golden Lion High Tech Agric,P2018-4115,Approved
Ma Har Mate 52 WP,Atrazine 48% + Nicosulfuron 4% WP,"AgriGate CropSciences Pte.,Ltd.","Myanma Awba Group Co.,Ltd",P2018-2873,Approved
Madang-Nam,"2,4-D Dimethylammonium 84%w/v SL","Thai Herbicide Co.,Ltd.","Red Dog Trading Co.,Ltd.",2015-2990,Approved
Main 72 EC,Metolachlor 72% EC,"Syntech International Co.,Ltd.","Farm Link Co.,Ltd.",P2020-4448,Approved
Manof,Acetochlor 50%w/v EC,Shandong Qiaochang Modern Agri,"Seven Tigers Trading Co.,Ltd",P2020-4917,Approved
Map Dzo 10 SL,Imazethapyr 10% SL,"Map Pacific Pte.,Ltd.","Map Pacific Co.,Ltd.",P2020-4899,Approved
MAP FANTA 47% WP,Cyhalofop-butyl 10% + Pyrazosulfuron-ethyl 7% + Quinclorac,"Map Pacific Pte.,Ltd.","Map Pacific Co.,Ltd.",P2018-2046,Approved
Map Star 330 EC,Pendimethalin 33% EC,"Map Pacific Pte.,Ltd.","Map Pacific Co.,Ltd.",P2020-4900,Approved
MarGa Daung Super,Fenoxaprop-P-ethyl 7.5% EC,"Agro Icon Cropscience Pte.,Ltd.","Marga Min Co.,Ltd.",P2020-5086,Approved
MarGa Gold,Oxyfluorfen 23.5% EC,"Agro Icon Cropscience Pte.,Ltd.","Marga Min Co.,Ltd.",P2020-5044,Approved
Marga King,Fomesafen 25% SL,"Agro Icon Cropscience Pte.,Ltd.","Marga Min Co.,Ltd.",P2020-5085,Approved
Marga Queen,Quizalofop-P-ethyl 10% EC,"Agro Icon Cropscience Pte.,Ltd.","Marga Min Co.,Ltd.",P2020-4861,Approved
Market,Glyphosate Isopropylammonium 48%w/v SL,"Thai Herbicide Co.,Ltd.","Red Dog Trading Co.,Ltd.",2015-2994,Approved
Mega Baksone,Trifluralin 48% EC,"MAC Chem (Asia) Co.,Ltd.",Mega Grow International Co.,P2018-2322,Approved
Mega Better,Butachlor 60% EC,"MAC Chem (Asia) Co.,Ltd.",Mega Grow International Co.,P2017-3822,Approved
Mega Dephoe,"2,4-D Dimethyl Amine 86% SL","MAC Chem (Asia) Co.,Ltd.",Mega Grow International Co.,P2017-3816,Approved
Mega Glyking,Glyphosate 41% SL,"MAC Chem (Asia) Co.,Ltd.",Mega Grow International Co.,P2017-3827,Approved
Mega Halo,Cyhalofop-butyl 10% EC,"MAC Chem (Asia) Co.,Ltd.",Mega Grow International Co.,P2017-3824,Approved
Mega Mapi,Mepiquat chloride 5% SL,"MAC Chem (Asia) Co.,Ltd.",Mega Grow International Co.,P2017-3829,Approved
Mega Panil,Propanil 36% EC,"MAC Chem (Asia) Co.,Ltd.",Mega Grow International Co.,P2017-3833,Approved
Mega Pendi,Pendimethalin 33% EC,"MAC Chem (Asia) Co.,Ltd.",Mega Grow International Co.,P2017-3831,Approved
Mega Pendi Gold,Oxyfluorfen 9% + Pendimethalin 25% EC,"MAC Chem (Asia) Co.,Ltd.",Mega Grow International Co.,P2020-3812,Approved
Mega Pilot,Oxadiazon 25% EC,"MAC Chem (Asia) Co.,Ltd.",Mega Grow International Co.,P2017-3830,Approved
Mega Sae Yar,Quizalofop-P-ethyl 15.8% EC,"MAC Chem (Asia) Co.,Ltd.",Mega Grow International Co.,P2018-4295,Approved
Mega Shinthant,Pyrazosulfuron-ethyl 10% WP,"MAC Chem (Asia) Co.,Ltd.",Mega Grow International Co.,P2017-3835,Approved
Mega Tilar 2,Pretilachlor 50% EC,"MAC Chem (Asia) Co.,Ltd.",Mega Grow International Co.,P2017-3832,Approved
Mega Xender,Thiobencarb 50% EC,"MAC Chem (Asia) Co.,Ltd.",Mega Grow International Co.,P2017-3836,Approved
Mega Zawgyi,Atrazine 80% WP,"MAC Chem (Asia) Co.,Ltd.",Mega Grow International Co.,P2017-3819,Approved
Megazine 50 SC,Atrazine 50% SC,Shandong Binnong Technology Co.,Myanmar Arysta LifeScience,P2018-4095,Approved
Memo 20 WDG,Metsulfuron-methyl 20% WDG,"Optimus Agri-Tech Pte.,Ltd.",Myanmar Kaung Thu Kha Co.,P2017-2705,Approved
Merlin 330 EC,Pendimethalin 33% EC,"Jiangsu Yongan Chemical Co.,Ltd.",Myanmar Arysta LifeScience,P2017-3440,Approved
Messi 20 WDG,Metsulfuron-methyl 20% WDG,"AgriGate CropSciences Pte.,Ltd.","Myanma Awba Group Co.,Ltd",P2017-2233,Approved
Metolachlor TG 97%,Metolachlor TG 97%,"AgriGate CropSciences Pte.,Ltd.","Myanma Awba Group Co.,Ltd",P2018-4472,Approved
Mettle 72 EC,Metolachlor 72% EC,"AgriGate CropSciences Pte.,Ltd.",Wi Sar Ra International Co.,P2017-1508,Approved
MGM Daung Special,Fenoxaprop-P-ethyl 6.9% EW,"Pilarquim (Shanghai) Co.,Ltd.","Marga Min Co.,Ltd.",P2020-4891,Approved
MGM-Imaze,Imazethapyr 10% SL,"Pilarquim (Shanghai) Co.,Ltd.","Marga Min Co.,Ltd.",P2020-4819,Approved
Min Atra 90 WP,Atrazine 90% WP,"Agro Star Pte.,Ltd.","Min Mahaw Co.,Ltd.",P2020-4984,Approved
MIN TAMEE 40 WP,Bensulfuron-methyl 4% + Pretilachlor 36% WP,Shandong Vicome Greenland Chem,"Shenbon Agrosciences Co.,Ltd",P2018-4455,Approved
Minus 200 SL,Diquat dibromide 200g/l SL,"Agrinova Cropcare Pte.,Ltd.",Wi Sar Ra International Co.,P2020-5143,Approved
Monument 100 OD,Trifloxysulfuron-sodium 10% OD,Syngenta Crop Protection Ltd.,"JJ-Pun Trading Co.,Ltd.",P2019-3199,Approved
MOON STAR 24% EC,Oxyfluorfen 24% EC,"Grade Laojun Chemical Co.,Ltd.","Yoon Yoon Agro Co.,Ltd.",P2018-4327,Approved
M-Queen 10% EC,Quizalofop-P-ethyl 10% EC,"Agro Asia Cropcare Pte.,Ltd.",Marlarmyaing Public Company,P2018-4165,Approved
Mustang,Chlorimuron-ethyl 10% + Metsulfuron-methyl 10% WP,"Zagro Singapore Pte.,Ltd.",Zagro Myanmar Limited,P2020-4941,Approved
Myat Quit,Quizalofop-P-ethyl 10% EC,Guangdong Haode Crop Science,"CY Agro Solution Co.,Ltd.",P2018-4449,Approved
Myat Thee Sayar,Bensulfuron-methyl 3% + Quinclorac 33% WP,"Shanghai Topchems Industry Co.,L","Agro Power Co.,Ltd.",P2017-3398,Approved
Myat Thee Shin,Bensulfuron-methyl 5% + Quinclorac 25% WP,"Lier Chemical Co.,Ltd.","Taw Win Dar Co.,Ltd.",P2020-4859,Approved
Myat Thee Super,Bensulfuron-methyl 3% + Quinclorac 33% WP,Shandong Vicome Greenland Chem,"Shenbon Agrosciences Co.,Ltd",P2020-5010,Approved
Myatt Thee Killer,Bensulfuron-methyl 6% + Quinclorac 34% WP,"Agro Icon Cropscience Pte.,Ltd.","Marga Min Co.,Ltd.",P2021-5201,Approved
NAB-Atrazine,Atrazine 97% TC,Zibo NAB Agrochemicals Limited,"Agriwest Myanmar Co.,Ltd.",P2020-5108,Approved
NAB-Bispyribac,Bispyribac 95% TC,Zibo NAB Agrochemicals Limited,"Agriwest Myanmar Co.,Ltd.",P2020-5057,Approved
NAB-Cleaner 10.4 EC,Cyhalofop-butyl 10.4% EC,Zibo NAB Agrochemicals Limited,"Topagri Myanmar Co.,Ltd.",P2017-3419,Approved
NAB-Dollar,Pretilachlor 50% EC,Zibo NAB Agrochemicals Limited,"Topagri Myanmar Co.,Ltd.",P2020-4836,Approved
NAB-Oxadiazon,Oxadiazon 94% TC,Zibo NAB Agrochemicals Limited,"Agriwest Myanmar Co.,Ltd.",P2020-5060,Approved
NAB-Perfect 24 SL,Imazethapyr 24% SL,Zibo NAB Agrochemicals Limited,"Topagri Myanmar Co.,Ltd.",P2019-4543,Approved
NAB-QB 36 WP,Bensulfuron-methyl 3% + Quinclorac 33% WP,Zibo NAB Agrochemicals Limited,"Topagri Myanmar Co.,Ltd.",2016-3252,Approved
NAB-Queen 25 SC,Quinclorac 25% SC,Zibo NAB Agrochemicals Limited,"Topagri Myanmar Co.,Ltd.",P2017-3425,Approved
NAB-Quik 48 SL,Ethephon 48% SL,Zibo NAB Agrochemicals Limited,"Topagri Myanmar Co.,Ltd.",P2017-3420,Approved
NAB-Radio,Bensulfuron-methyl 4% + Pretilachlor 36% WP,Zibo NAB Agrochemicals Limited,"Topagri Myanmar Co.,Ltd.",P2020-4834,Approved
NAB-Swe Tha Har,Haloxyfop-P-methyl 108g/l EC,Zibo NAB Agrochemicals Limited,"Topagri Myanmar Co.,Ltd.",P2020-4835,Approved
Nabu-S 12.5 EC,Sethoxydim 12.5% EC,"Nippon Soda Co.,Ltd.","Sumitomo Corporation Co.,Ltd.",P2018-010,Approved
New Innovation 15 EC,Quizalofop-P-ethyl 15% EC,"Sims Agrow Chem Co.,Ltd.","International Agro Co.,Ltd.",P2017-3787,Approved
Nicely Glyfos 480 SL,Glyphosate 48% SL,Biogen Crop Science Limited,Myanmar Nicely Crop Science,P2017-3740,Approved
Nominate 100 SC,Bispyribac-sodium 100g/l SC,"Eastchem Co.,Ltd.","Myanma Awba Group Co.,Ltd",P2020-4940,Approved
Noposion Atra 38 SC,Atrazine 38% SC,Shenzhen Noposion Agrochemical,"Htet Thiha Naing Co.,Ltd.",P2017-3925,Approved
Noposion Max Atra 90 WG,Atrazine 90% WG,Shenzhen Noposion Agrochemical,"Htet Thiha Naing Co.,Ltd.",P2017-3926,Approved
Noposion Phosate 480 SL,Glyphosate 480g/l SL,Shenzhen Noposion Agrochemical,"Htet Thiha Naing Co.,Ltd.",P2017-3928,Approved
Noposion Safon 250 SL,Fomesafen 250g/l SL,Shenzhen Noposion Agrochemical,"Htet Thiha Naing Co.,Ltd.",P2017-3927,Approved
Oilson 25 EC,Oxadiazon 25% EC,"Sinamyang Group Pte.,Ltd.","Htet Thiha Naing Co.,Ltd.",P2017-3914,Approved
One Go,Quizalofop-P-ethyl 10% EC,"Syntech International Co.,Ltd.","Farm Link Co.,Ltd.",P2017-3385,Approved
OX 23.5 EC,Oxyfluorfen 23.5% EC,"Syntech International Co.,Ltd.",Golden Lion High Tech Agric,P2017-3435,Approved
Oxyfluorfen 95 TG,Oxyfluorfen 95% TG,Zibo NAB Agrochemicals Limited,"Agriwest Myanmar Co.,Ltd.",P2020-5061,Approved
Oxyfluorfen TG 95%,Oxyfluorfen TG 95%,"AgriGate CropSciences Pte.,Ltd.","Myanma Awba Group Co.,Ltd",P2017-3456,Approved
Oxygame 23.5 EC,Oxyfluorfen 23.5% EC,"Ningbo Cycle Chemical Co.,Ltd.",Golden Wish Agribusiness Co.,P2020-4905,Approved
Paddy Star,Fenoxaprop-P-ethyl 6.9% EC,Makro Chemical,"Golden Key Co.,Ltd.",P2018-4293,Approved
Paddy Up,Cyhalofop-butyl 30% OD,"Tianjin Book Agrochemicals Co.,Ltd","Myanmar Kete Co.,Ltd.",P2020-4939,Approved
Paing Soe 10 WP,Pyrazosulfuron-ethyl 10% WP,"Agrinova Cropcare Pte.,Ltd.",Wi Sar Ra International Co.,P2018-4398,Approved
Pan Taing 330 EC,Pendimethalin 33% EC,"Agro Star Pte.,Ltd.","Min Mahaw Co.,Ltd.",P2018-4092,Approved
Panannayar 50 SC,Atrazine 50% SC,Shaanxi Microbe Biotechnology Co.,"THU THU HEIN Co.,Ltd.",P2019-4529,Approved
Pandar Super,Pendimethalin 330g/l EC,Shandong Vicome Greenland Chem,"Shenbon Agrosciences Co.,Ltd",P2020-5147,Approved
Panida 33% EC,Pendimethalin 33% EC,Rallis India Limited,Aventine Limited,P2017-3860,Approved
Pantera 40 EC,Quizalofop-P-Tefuryl 40% EC,Arysta LifeScience Benelux SprL.,Myanmar Arysta LifeScience,P2017-3443,Approved
Paraover 20 SL,Paraquat 20% SL,"Sinamyang Group Pte.,Ltd.","Min Mahaw Co.,Ltd.",P2017-4043,Approved
Parazone 27.6% SL,Paraquat 27.6% SL,"Grade Laojun Chemical Co.,Ltd.",SIL International Company,P2017-3393,Approved
Pargood,Paraquat 20% SL,"Hubei Sanonda Co.,Ltd.",Diamond Light International,P2017-3542,Approved
Partha 10 SL,Imazethapyr 10% SL,"Sunrise Agro Chemicals Pte.,Ltd.",Wah Wah Agricultural Chem,P2020-5031,Approved
Paung Bayinma 20 WP,Bispyribac-sodium 20% WP,"Guangzhou Green Top Co.,Ltd.",Myanma Shwe Nagar Agric,P2020-5130,Approved
Paung Favourate 33 EC,Pendimethalin 33% EC,"Agro Icon Cropscience Pte.,Ltd.","Aka Yarzar Co.,Ltd.",P2018-4188,Approved
Paung Hero 90 WP,Atrazine 90% WP,"Agro Icon Cropscience Pte.,Ltd.","Aka Yarzar Co.,Ltd.",P2018-4402,Approved
Paung Master,Bispyribac -sodium 20% WP,"Agro Icon Cropscience Pte.,Ltd.","Aka Yarzar Co.,Ltd.",P2018-4093,Approved
PAUNG MHIN SAR 10 EC,Quizalofop-P-ethyl 10% EC,Shandong Vicome Greenland Chem,"Shenbon Agrosciences Co.,L",P2018-4453,Approved
Paung Minthar 35 WP,Bensulfuron-methyl 10% + Bispyribac-sodium 25% WP,"Agro Icon Cropscience Pte.,Ltd.","Aka Yarzar Co.,Ltd.",P2020-4094,Approved
Paung Pyauk 10 SC,Bispyribac-sodium 10% SC,"Kingtai Chemicals Co.,Ltd.","Kingtai Myanmar Co.,Ltd.",P2017-3963,Approved
Paung Special 25 SL,Fomesafen 25% SL,"Agro Icon Cropscience Pte.,Ltd.","Aka Yarzar Co.,Ltd.",P2018-4189,Approved
Paung Star 70 WP,Fenoxaprop-P-ethyl 13% + Pyrazosulfuron-ethyl 7% + Quinclorac,"Agro Icon Cropscience Pte.,Ltd.","Aka Yarzar Co.,Ltd.",P2018-4102,Approved
Paung Super 10% EC,Quizalofop-P-ethyl 10% EC,"Agro Icon Cropscience Pte.,Ltd.","Aka Yarzar Co.,Ltd.",P2018-4187,Approved
Paung Thae Apin Seinn,Pyrazosulfuron-ethyl 0.04% G,"AgriGate CropSciences Pte.,Ltd.","Myanma Awba Group Co.,Lt",P2019-4513,Approved
Paung Thay Pin Tet 0.04%,Pyrazosulfuron-ethyl 0.04% GR,"Guangzhou Green Top Co.,Ltd.",Myanma Shwe Nagar Agric,P2020-5013,Approved
Paung Waikzar,Oxyfluorfen 23.5% EC,"Agro Icon Cropscience Pte.,Ltd.","Aka Yarzar Co.,Ltd.",P2020-5042,Approved
Pay Chaung Khu 20 SL,Paraquat 20% SL,"Fully Light Group Co.,Ltd.","Fully Light Trading Co.,Ltd.",2015-2854,Approved
Pendi Red Dog,Pendimethalin 33%w/v EC,"Thai Herbicide Co.,Ltd.","Red Dog Trading Co.,Ltd.",P2019-4805,Approved
PENGUIN 33% EC,Pendimethalin 33% EC,"Grade Laojun Chemical Co.,Ltd.","Yoon Yoon Agro Co.,Ltd.",P2018-4202,Approved
Penlin,Pendimethalin 330g/l EC,Weifang Sino-agri Union Chemical,"Shwe Sike Khinn Co.,Ltd.",P2020-5068,Approved
Pilar-Neuro Gain,Clethodim 240g/l EC,"Pilarquim (Shanghai) Co.,Ltd.","Marga Min Co.,Ltd.",P2020-5034,Approved
Pilarsafer,Oxyfluorfen 40% SC,"Pilarquim (Shanghai) Co.,Ltd.","Marga Min Co.,Ltd.",P2020-4892,Approved
Pin Sein Atra 50 SC,Atrazine 50% SC,"ITMG Singapore Pte.,Ltd.",Bloom Trading & Manufacturing,P2017-3741,Approved
Pin Sein Ben 10 WP,Bensulfuron-methyl 10% WP,"ITMG Singapore Pte.,Ltd.",Bloom Trading & Manufacturing,P2017-3742,Approved
Pin Sein FZP 15 EC,Fluazifop-P-butyl 15% EC,"ITMG Singapore Pte.,Ltd.",Bloom Trading & Manufacturing,P2018-4283,Approved
Pin Sein Paung Master 70,Fenoxaprop-P-ethyl 13% + Pyrazosulfuron-ethyl 7% + Quinclorac,"ITMG Singapore Pte.,Ltd.",Bloom Trading & Manufacturing,P2018-4212,Approved
Pin Sein Paung Star 25 SL,Fomesafen 25% SL,"ITMG Singapore Pte.,Ltd.",Bloom Trading & Manufacturing,P2017-3744,Approved
Pin Sein Paung Super 10 SC,Bispyribac-sodium 10% SC,"ITMG Singapore Pte.,Ltd.",Bloom Trading & Manufacturing,P2017-3743,Approved
Pin Sein Pendi 33 EC,Pendimethalin 33% EC,"ITMG Singapore Pte.,Ltd.",Bloom Trading & Manufacturing,P2017-3747,Approved
Pin Sein QZP 10% EC,Quizalofop-P-ethyl 10% EC,"ITMG Singapore Pte.,Ltd.",Bloom Trading & Manufacturing,P2018-4284,Approved
Pin Sein Zon 25 EC,Oxadiazon 25% EC,"ITMG Singapore Pte.,Ltd.",Bloom Trading & Manufacturing,P2017-3746,Approved
Polar Star 500 EC,Metolachlor 300g/l + Oxyfluorfen 50g/l + Pendimethalin 150g/l EC,"AgriGate CropSciences Pte.,Ltd.","Myanma Awba Group Co.,Ltd",P2018-2874,Approved
Porishker 10 WP,Pyrazosulfuron-ethyl 100g/kg WP,Asiatic Agricultural Industries Pte.,"Aka Yarzar Co.,Ltd.",P2017-3751,Approved
POUNG SAPAR 40% WP,Bensulfuron-methyl 6% + Quinclorac 34% WP,"Grade Laojun Chemical Co.,Ltd.","Yoon Yoon Agro Co.,Ltd.",P2018-4365,Approved
Power-Grass,Quizalofop-P-ethyl 10% EC,"Shandong Newpower Biotech Co.,Ltd.","Myanmar Golden Byter Co.,",P2020-4948,Approved
Power-Myat,Haloxyfop-P-methyl 108g/l EC,"Shandong Newpower Biotech Co.,Ltd.","Myanmar Golden Byter Co.,",P2020-4949,Approved
Presto 14 EC,Pretilachlor 14% EC,Hanearl Science Ltd.,"Royal Distribution Co.,Ltd.",P2017-3973,Approved
Pulover 41 SL,Glyphosate IPA 41% SL,Hanearl Science Ltd.,"Royal Distribution Co.,Ltd.",P2017-3967,Approved
Pyrazo 20% OD,Pyrazosulfuron-ethyl 20% WP,"Agrinova Cropcare Pte.,Ltd.","Wi Sar Ra International Co.,",P2020-5185,Approved
Python 5 EC,Pyribenzoxim 5% EC,"AgriGate CropSciences Pte.,Ltd.","Wi Sar Ra International Co.,",P2017-1507,Approved
Q-Ben 40 WP,Bensulfuron-methyl 6% + Quinclorac 34% WP,"Syntech International Co.,Ltd.","Farm Link Co.,Ltd.",P2018-4103,Approved
Q-game 5% EC,Quizalofop-P-ethyl 5% EC,"Syntech International Co.,Ltd.","Farm Link Co.,Ltd.",P2017-3523,Approved
Qiaochang Bean Guarder,Fomesafen 250g/l SL,Shandong Qiaochang Modern Agri,Wai Shinn Yone Kyi Linn Co.,P2020-5046,Approved
Qiaochang Haloxyfop-P-me,Haloxyfop-P-methyl 108g/l EC,Shandong Qiaochang Modern Agri,Myanmar Max Agro Science,P2021-5261,Approved
Qiaochang Quizalofop-P-et,Quizalofop-P-ethyl 10.8% EW,Shandong Qiaochang Modern Agri,Wai Shinn Yone Kyi Linn Co.,P2020-5047,Approved
QUAT-20,Paraquat dichloride 20% SL,Shandong Qiaochang Chemical Co,"Central Point Co.,Ltd.",P2017-3343,Approved
QUEE,Quizalofop-P-ethyl 10% EC,"Anhui Fengle Agrochemical Co.,Ltd",Agro Green Land Chemical Co.,P2018-4104,Approved
QUICK BEN 40 WP,Bensulfuron-methyl 60g/kg + Quinclorac 340g/kg WP,"Paragon AgroChem Pte.,Ltd.","Min Galar Hinnthar Co.,Ltd.",P2018-4123,Approved
Quicker 5 EC,Quizalofop-P-ethyl 5% EC,"Sinamyang Group Pte.,Ltd.",Naing Toe Aung (Myanmar),P2017-3917,Approved
Quinclorac 95 TG,Quinclorac 95% TG,Zibo NAB Agrochemicals Limited,"Agriwest Myanmar Co.,Ltd.",P2020-5062,Approved
Quinfuron 40 WP,Bensulfuron-methyl 6% + Quinclorac 34% WP,"Agrinova Cropcare Pte.,Ltd.",Wi Sar Ra International Co.,P2018-4400,Approved
Quizalofop-P-ethyl 95 TG,Quizalofop-P-ethyl 95% TG,Zibo NAB Agrochemicals Limited,"Agriwest Myanmar Co.,Ltd.",P2020-5063,Approved
Radar 300 EC,Pretilachlor 300g/l EC,"Shanghai Forever Chemical Co.,Ltd",Myanmar Golden Sun Crop,P2017-4019,Approved
Rainbow,Paraquat 27.6% SL,"Sigma Agrochemical Co.,Ltd.",Agro Green Land Chemical Co.,P2017-3577,Approved
Raptor 100 EC,Quizalofop-P-ethyl 100g/l EC,"Shanghai Forever Chemical Co.,Ltd",Myanmar Golden Sun Crop,P2017-4020,Approved
Red Rodowf,Quizalofop-P-ethyl 5%w/v EC,"Thai Herbicide Co.,Ltd.","Red Dog Trading Co.,Ltd.",2015-2993,Approved
Revolt 25 EC,Oxadiazon 25% EC,Hextar Chemicals Sdn.Bhd.,Wah Wah Agricultural Chem,P2020-4995,Approved
Rice All Star 700 WP,Fenoxaprop-P-ethyl 13% + Pyrazosulfuron-ethyl 7% + Quinclorac,"Agro Star Pte.,Ltd.","Min Mahaw Co.,Ltd.",P2020-5065,Approved
Rice Pace 10 WP,Pyrazosulfuron-ethyl 10% WP,"Optimus Agri-Tech Pte.,Ltd.",Myanmar Kaung Thu Kha Co.,P2020-5182,Approved
Ricemaster 240 SC,Penoxsulam 240g/l SC,Shandong Weifang Rainbow Chem,"Rainbow Agrosciences Co.,Ltd",P2019-3106,Approved
Ricequick 50 WP,Pyrazosulfuron-ethyl 3% + Quinclorac 47% WP,Shandong Weifang Rainbow Chem,"Rainbow Agrosciences Co.,Ltd",P2018-4154,Approved
Ricer 6.9 EW,Fenoxaprop-P-ethyl 6.9% EW,Hextar Chemicals Sdn.Bhd.,Zabu Htate Tan Myanmar Ag,P2020-4994,Approved
Rotamox 380 SC,Oxadiazon 380g/l SC,"Rotam Agrochemical Co.,Ltd.",Network Marketing Limited,2015-2583,Approved
Ruidong Killer 10 EC,Quizalofop-P-ethyl 10% EC,"Jiangsu Ruidong Pesticide Co.,Ltd.",Diamond Light International,P2017-4061,Approved
Ruidong Tank 40 WP,Bensulfuron-methyl 6% + Quinclorac 34% WP,"Jiangsu Ruidong Pesticide Co.,Ltd.",Diamond Light International,P2017-4057,Approved
Ruidong Water Cleaner 10,Pyrazosulfuron-ethyl 10% WP,"Jiangsu Ruidong Pesticide Co.,Ltd.",Diamond Light International,P2017-4060,Approved
Safen 25 SL,Fomesafen 25% SL,"Agro Star Pte.,Ltd.","Min Mahaw Co.,Ltd.",P2020-5066,Approved
SAGOZA 5 EC,Quizalofop-P-ethyl 50g/l EC,Saigon Plant Protection Joint Stock,"Golden Rocket Co.,Ltd.",P2018-4360,Approved
Select 240 EC,Clethodim 24% EC,"Arysta LifeScience Co.,Ltd.",Myanmar Arysta LifeScience,P2017-1739,Approved
Sencor 70 WP,Metribuzin 700g/kg WP,Bayer AG,Marlarmyaing Public Company,P2018-2346,Approved
Sharp 32 WP,Bensulfuron-methyl 4% + Quinclorac 28% WP,"Jiangsu Tianrong Group Co.,Ltd.",Myanmar Arysta LifeScience,P2017-3439,Approved
Shin Thant Star,Oxadiazon 25% EC,"Shanghai Topchems Industry Co.,Ltd","Agro Power Co.,Ltd.",P2017-3408,Approved
Shin Ye Thike,Acetochlor 15.5% + Bensulfuron-methyl 4.5% WP,Sichuan Province Chuandong Pest,"Central Point Co.,Ltd.",P2017-3344,Approved
Shwe Atrazine,Atrazine 50% SC,Makro Chemical,"Golden Key Co.,Ltd.",P2018-4209,Approved
Shwe Biyam 20,Bispyribac-sodium 20% WP,"MAC Chem (Asia) Co.,Ltd.",Mega Grow International Co.,P2017-3820,Approved
Shwe Biyam 40,Bispyribac-sodium 40% SC,"MAC Chem (Asia) Co.,Ltd.",Mega Grow International Co.,P2017-3821,Approved
Shwe Dow Sone,Fenoxaprop-P-ethyl 13% + Pyrazosulfuron-ethyl 7% + Quinclorac,Makro Chemical,"Golden Key Co.,Ltd.",P2020-5095,Approved
Shwe Kyet Mite Khal 69 EC,Fenoxaprop-P-ethyl 69% EC,"Supernova Intertrade Pte.,Ltd.",TPT Yee Shin (Agriculture) Co.,P2017-3775,Approved
Shwe Meso Corn,Mesotrione 15% SC,Makro Chemical,"Golden Key Co.,Ltd.",P2019-3072,Approved
Shwe Methalin,Pendimethalin 33% EC,Makro Chemical,"Golden Key Co.,Ltd.",P2017-3499,Approved
Shwe Nagar Feno (1) 10%,Fenoxaprop-P-ethyl 10% EC,"Guangzhou Green Top Co.,Ltd.",Myanma Shwe Nagar Agric,P2020-5016,Approved
Shwe Nagar Feno (2) 7.5 E,Fenoxaprop-P-ethyl 7.5% EW,"Guangzhou Green Top Co.,Ltd.",Myanma Shwe Nagar Agric,P2020-4989,Approved
Shwe Nagar Great World 9,Ethoxysulfuron 2.1% + Fenoxaprop-P-ethyl 6.9% OD,"Guangzhou Green Top Co.,Ltd.",Myanma Shwe Nagar Agric,P2020-5014,Approved
Shwe Nagar Paung That Ba,Ethoxysulfuron 4.2% + Fenoxaprop-P-ethyl 13.8% OD,"Guangzhou Green Top Co.,Ltd.",Myanma Shwe Nagar Agric,P2020-5015,Approved
Shwe Nagar Sumo 20% EC,Cyhalofop-butyl 20% EC,"Guangzhou Green Top Co.,Ltd.",Myanma Shwe Nagar Agric,P2020-4991,Approved
Shwe Ooh Lay,Oxadiazon 25% EC,Makro Chemical,"Golden Key Co.,Ltd.",P2018-4210,Approved
Shwe Parquate,Paraquat 27.6% SL,Makro Chemical,"Golden Key Co.,Ltd.",P2017-3498,Approved
Shwe Sunup,Glyphosate 48% SL,Makro Chemical,"Golden Key Co.,Ltd.",P2017-3495,Approved
Shwe Taung Thu Atrazine 5,Atrazine 50% SC,"Bing Hui Pte.,Ltd.","Shwe Thit Oo Co.,Ltd.",P2018-4390,Approved
Shwe Taung Thu Fighter 7,Fenoxaprop-P-ethyl 13% + Pyrazosulfuron-ethyl 7% + Quinclorac,"Bing Hui Pte.,Ltd.","Shwe Thit Oo Co.,Ltd.",P2018-4194,Approved
Shwe Taung Thu Star-1 25,Fomesafen 25% SL,"Bing Hui Pte.,Ltd.","Shwe Thit Oo Co.,Ltd.",P2019-4538,Approved
Shwe Taung Thu Star-2,Quizalofop-P-ethyl 10% EC,"Bing Hui Pte.,Ltd.","Shwe Thit Oo Co.,Ltd.",P2018-4193,Approved
Shwe U Gyi,Pyrazosulfuron-ethyl 2% + Quinclorac 32.5% WP,Makro Chemical,"Golden Key Co.,Ltd.",P2018-4211,Approved
Sickle 20 OD,Cyhalofop-butyl 20% OD,Shandong Zhongxin Kenong Biolog,"Nawarat Myay Co.,Ltd.",P2020-4947,Approved
Sinabenrac 32 WP,Bensulfuron-methyl 4% + Quinclorac 28%WP,"Sinamyang Group Pte.,Ltd.","Anawrahta Production Co.,L",P2017-4048,Approved
Sinacyhalo 10 EC,Cyhalofop-butyl 10% EC,"Sinamyang Group Pte.,Ltd.","Golden Rocket Co.,Ltd.",P2017-4050,Approved
Sinarice 15 WG,Ethoxysulfuron 15% WG,"Sinamyang Group Pte.,Ltd.","Htet Thiha Naing Co.,Ltd.",P2017-4035,Approved
Sinasip Super 70 WP,Fenoxaprop 13% + Pyrazosulfuron-ethyl 7% + Quinclorac 50%,"Sinamyang Group Pte.,Ltd.","Golden Rocket Co.,Ltd.",P2018-4359,Approved
Sinasiper 10 WP,Pyrazosulfuron-ethyl 10% WP,"Sinamyang Group Pte.,Ltd.",Myanmar Kaung Thu Kha Co,P2017-4044,Approved
Sirius 10 WP,Pyrazosulfuron-ethyl 100g/kg WP,Nissan Chemical Corporation,"Sein Wut Hmon Co.,Ltd.",2015-2401,Approved
SME,S-Metolachlor TG 97%,"AgriGate CropSciences Pte.,Ltd.","Myanma Awba Group Co.,Lt",P2020-4979,Approved
SNIPE-P,Fenoxaprop-P-ethyl 6.9% EW,"Mountain Peak Cropcare Pte.,Ltd.",Marlarmyaing Public Compa,P2020-5048,Approved
Softer 30 EC,Pretilachlor 30% EC,"Sinamyang Group Pte.,Ltd.","Htet Thiha Naing Co.,Ltd.",P2017-3915,Approved
Son Bean 5 EC,Quizalofop-P-ethyl 50g/l EC,I.FI Joint Stock Company,"Pan Ei Myaing Co.,Ltd.",P2018-4403,Approved
Son Sofit 30 EC,Fenclorim 100g/l + Pretilachlor 300g/l EC,I.FI Joint Stock Company,"Pan Ei Myaing Co.,Ltd.",P2017-3428,Approved
Soy Pro 250 SL,Fomesafen 250g/l SL,Jingbo Agrochemicals Technology,Diamond Light International,P2019-4587,Approved
SP Ametryn,Ametryn 80% WP,Changzhou Kangmei Chemical Ind,Delicious Food Limited,P2020-4542,Approved
Spada 600 WG,Propanil 60% WG,UPL Limited,"Agro Power Co.,Ltd.",P2019-4611,Approved
SPR Benti,Bensulfuron-methyl 4% + Pretilachlor 36% WP,Hefei Spr Chemistry Technology Co.,"Myanmar Kete Co.,Ltd.",P2020-4936,Approved
SPR Grass,Quizalofop-P-ethyl 8.8% EC,Hefei Spr Chemistry Technology Co.,"Myanmar Kete Co.,Ltd.",P2020-4937,Approved
SPR MAC,MCPA 53% AS,Hefei Spr Chemistry Technology Co.,"Myanmar Kete Co.,Ltd.",P2020-4938,Approved
Starfish,Fenoxaprop-P-ethyl 13% + Pyrazosulfuron-ethyl 7% + Quinclorac,"Ningbo Cycle Chemical Co.,Ltd.",Golden Wish Agribusiness Co,P2020-4904,Approved
Sunrise 4-D Amine 72 SL,"2,4-D 72%w/v SL","Sunrise Agro Chemicals Pte.,Ltd.",Myanmar Han Yadanar Man,2015-2914,Approved
Sunrise Agrostar 25% EC,Oxadiazon 25%w/v EC,"Sunrise Agro Chemicals Pte.,Ltd.",Myanmar Han Yadanar Man,2015-2907,Approved
Sunrise Atrazine 50 SC,Atrazine 50%w/v SC,"Sunrise Agro Chemicals Pte.,Ltd.",Myanmar Han Yadanar Man,2015-2902,Approved
Sunrise Benbi 35 WP,Bensulfuron-methyl 10%w/w + Bispyribac-Sodium 25% WP,"Sunrise Agro Chemicals Pte.,Ltd.",Myanmar Han Yadanar Man,P2019-3635,Approved
Sunrise Benclorac 32 WP,Bensulfuron-methyl 4% + Quinclorac 28%w/w WP,"Sunrise Agro Chemicals Pte.,Ltd.",Myanmar Han Yadanar Man,2015-2903,Approved
Sunrise Fomesa 25 SL,Fomesafen 25%w/v SL,"Sunrise Agro Chemicals Pte.,Ltd.",Myanmar Han Yadanar Man,2015-2905,Approved
Sunrise Glyphosate 48 SL,Glyphosate 48%w/v SL,"Sunrise Agro Chemicals Pte.,Ltd.",Myanmar Han Yadanar Man,2015-2915,Approved
Sunrise Halo Super 10.8 EC,Haloxyfop-P-methyl 10.8%w/v EC,"Sunrise Agro Chemicals Pte.,Ltd.",Myanmar Han Yadanar Man,2015-2906,Approved
Sunrise Para 27.6 SL,Paraquat 27.6%w/v SL,"Sunrise Agro Chemicals Pte.,Ltd.",Myanmar Han Yadanar Man,2015-2916,Approved
Sunrise Pendi 33 EC,Pendimethalin 33%w/v EC,"Sunrise Agro Chemicals Pte.,Ltd.",Myanmar Han Yadanar Man,2015-2917,Approved
Sunrise Quinzalo 10 EC,Quizalofop-P-ethyl 10%w/v EC,"Sunrise Agro Chemicals Pte.,Ltd.",Myanmar Han Yadanar Man,2015-2908,Approved
Super Daung Min,Fenoxaprop-P-ethyl 7.5% EC,"Agro Icon Cropscience Pte.,Ltd.","Aka Yarzar Co.,Ltd.",P2020-5099,Approved
Super Galaxy 68 SL,Glyphosate 68% SL,"Syntech International Co.,Ltd.",Golden Lion High Tech Agric,P2017-3432,Approved
Super Glykill 36 AS,"2,4-D acid 120g/l + Glyphosate 240g/l AS","Sinamyang Group Pte.,Ltd.","Golden Rocket Co.,Ltd.",P2017-4047,Approved
Super Imaze,Imazethapyr 10% SL,"Agro Icon Cropscience Pte.,Ltd.","Marga Min Co.,Ltd.",P2020-5045,Approved
Super One,Fenoxaprop-P-ethyl 13% + Pyrazosulfuron-ethyl 7% + Quincl,"Guangzhou Green Top Co.,Ltd.",Myanma Shwe Nagar Agric,P2020-5017,Approved
Super Oxy Gold,Oxyfluorfen 9% + Pendimethalin 25% EC,Makro Chemical,"Golden Key Co.,Ltd.",P2019-1755,Approved
Super Paung Kinn 27.6 SL,Paraquat 27.6% SL,"Bing Hui Pte.,Ltd.","Shwe Thit Oo Co.,Ltd.",P2017-3366,Approved
Super Paung Shinn 48 SL,Glyphosate 48% SL,"Bing Hui Pte.,Ltd.","Shwe Thit Oo Co.,Ltd.",P2017-3364,Approved
Super Paungsin 10 EC,Bispyribac-sodium 10% EC,"Bing Hui Pte.,Ltd.","Shwe Thit Oo Co.,Ltd.",P2017-3358,Approved
Super Paungway 33 EC,Pendimethalin 33% EC,"Bing Hui Pte.,Ltd.","Shwe Thit Oo Co.,Ltd.",P2017-3367,Approved
SUPER POUNG 40% WP,Bensulfuron-methyl 6% + Quinclorac 34% WP,"Grade Laojun Chemical Co.,Ltd.",SIL International Company,P2018-4208,Approved
Super Top (Three),Metsulfuron-methyl 96.5% TG,"Haw Shee Co.,Ltd.","Ayerwin Trading Co.,Ltd.",P2019-4574,Approved
Super Top (Two),Bensulfuron-methyl 96.8% TG,"Haw Shee Co.,Ltd.","Ayerwin Trading Co.,Ltd.",P2017-4055,Approved
Super Top 50% SC,Atrazine 50% SC,Agro Nature Land Cropsciences Pt,Agro Green Land Chemical C,P2018-4367,Approved
Supermilce 10 WP,Bispyribac-sodium 10% WP,"Sinamyang Group Pte.,Ltd.","Htet Thiha Naing Co.,Ltd.",P2017-3902,Approved
Sweeper,Imazamox 35% + Imazethapyr 35% WG,"BASF South-East Asia Pte.,Ltd.","Farm Link Co.,Ltd.",P2020-3430,Approved
Synopsis 40 WP,Bensulfuron-methyl 6% + Quinclorac 34% WP,Hextar Chemicals Sdn.Bhd.,Zabu Htate Tan Myanmar A,P2020-4993,Approved
Take In,Fenoxaprop-P-ethyl 6.9% EC,"Agro Star Pte.,Ltd.","Asian Crops Global Co.,Ltd.",P2018-4456,Approved
Tattoo 55 SL,"2,4-D Dimethylamine 550 SL",My Golden Crop Enterprise,"Golden Rocket Co.,Ltd.",2015-2448,Approved
Termidor 4 SC,Nicosulfuron 40g/l SC,Zenith Crop Sciences Bulgaria Ltd.,"Buronos Private Co.,Ltd.",P2019-3993,Approved
THAW MEE 60 EC,Butachlor 60% EC,Shandong Vicome Greenland Cher,"Shenbon Agrosciences Co.,L",P2018-4454,Approved
Thepup 48 SL,Glyphosate Isopropylammonium 48% SL,"Thep Watana Co.,Ltd.","SASA International Co.,Ltd.",P2017-3601,Approved
TH-Kan Kaung 10 EC,Cyhalofop-butyl 10% EC,Tonghua Pesticide Chemical Indus,"Friends' Helper Co.,Ltd.",P2020-5070,Approved
TH-Paung Break 10 SC,Bispyribac-sodium 10% SC,Tonghua Pesticide Chemical Indus,"Friends' Helper Co.,Ltd.",P2020-5069,Approved
TH-Star 10 EC,Quizalofop-P-ethyl 10% EC,Tonghua Pesticide Chemical Indus,"Friends' Helper Co.,Ltd.",P2020-5129,Approved
TH-Thu Kha 6 OD,Cyhalofop-butyl 5% + Penoxsulam 1% OD,Tonghua Pesticide Chemical Indus,"Friends' Helper Co.,Ltd.",P2020-5096,Approved
Top-Bisodium 40 SC,Bispyribac-sodium 400g/l SC,"Shanghai Topchems Industry Co.,L","Agro Power Co.,Ltd.",P2017-3399,Approved
Top-Ethrel 48 SL,Ethephon 48% SL,"Shanghai Topchems Industry Co.,L","Agro Power Co.,Ltd.",P2017-3406,Approved
Top-Leader 10 WP,Pyrazosulfuron-ethyl 10% WP,"Shanghai Topchems Industry Co.,L","Topagri Myanmar Co.,Ltd.",P2018-4451,Approved
Top-Nonda 41 SL,Glyphosate 41% SL,"Shanghai Topchems Industry Co.,L","Agro Power Co.,Ltd.",2016-3233,Approved
Top-Peak 250 SL,Fomesafen 250g/l SL,"Shanghai Topchems Industry Co.,L","Agro Power Co.,Ltd.",2016-3228,Approved
Top-PQ 276 SL,Paraquat dichloride 276g/l SL,"Shanghai Topchems Industry Co.,L","Agro Power Co.,Ltd.",P2017-3409,Approved
Total Killing,Bispyribac-sodium 40% SC,"Anhui Jiuyi Agriculture Co.,Ltd.",Myanmar Golden Sun Crop,P2020-4896,Approved
Trazine,Atrazine 38% SC,"Kunming Pesticide Co.,Ltd.","Central Point Co.,Ltd.",P2017-3342,Approved
Triclopyr,Triclopyr butoxyethyl ester 66.8%w/v EC,Farmochem Sdn.Bhd.,"Many Agrotrade Co.,Ltd.",P2021-5262,Approved
Trustco Pendim 330 EC,Pendimethalin 330g/l EC,Hunan Agriculture University Hear,Myanmar Golden Sun Crop,P2018-4082,Approved
Trustco Quick 15 EC,Quizalofop-P-ethyl 15% EC,Chengdu Kelilong Bio-Chemistry C,Myanmar Golden Sun Crop,P2018-4068,Approved
Twae Ma Shaung,"2,4-D 4% + Glyphosate 78.2% WSG",Makro Chemical,"Golden Key Co.,Ltd.",P2017-3530,Approved
Two Go,Fomesafen 25% SL,"Syntech International Co.,Ltd.","Farm Link Co.,Ltd.",P2017-3379,Approved
U-26 20% WP,Bispyribac-sodium 20% WP,"Grade Laojun Chemical Co.,Ltd.",SIL International Company,P2017-3391,Approved
Union 60 OD,Cyhalofop-butyl 5% + Penoxsulam 1% OD,"Optimus Agri-Tech Pte.,Ltd.",Myanmar Kaung Thu Kha Co,P2017-2700,Approved
Vadin,Bispyribac-sodium 10%w/v SC,"Thep Watana Co.,Ltd.","SASA International Co.,Ltd.",P2019-4761,Approved
Van Shay,Quizalofop-P-ethyl 10% EC,Zibo NAB Agrochemicals Limited,"Y Agro Solution Co.,Ltd.",P2019-4602,Approved
Versal 25 EC,Oxadiazon 25% EC,"Agro Star Pte.,Ltd.","Asian Crops Global Co.,Ltd.",2015-2296,Approved
Viron 80 WP,Diuron 800g/kg WP,Asiatic Agricultural Industries Pte.,"Marga Min Co.,Ltd.",P2017-3749,Approved
V-T Boom 276 SL,Paraquat 276g/l SL,Viet Trung Pesticide Joint Stock Co,"Viet Trung Myanmar Co.,Ltd",P2017-3941,Approved
V-T Fan 25 EC,Fomesafen 25% EC,Viet Trung Pesticide Joint Stock Co,"Viet Trung Myanmar Co.,Ltd",P2017-3939,Approved
V-T Fight 90 WP,Atrazine 90% WP,Viet Trung Pesticide Joint Stock Co,"Viet Trung Myanmar Co.,Ltd",P2017-3936,Approved
V-T Laung 32 WP,Bensulfuron-methyl 4% + Quinclorac 28% WP,Viet Trung Pesticide Joint Stock Co,Naing Toe Aung (Myanmar),P2017-3938,Approved
V-T Oni 33 EC,Pendimethalin 33% EC,Viet Trung Pesticide Joint Stock Co,"Viet Trung Myanmar Co.,Ltd",P2017-3942,Approved
V-T Zeal 25 EC,Quizalofop-P-ethyl 25% EC,Viet Trung Pesticide Joint Stock Co,Naing Toe Aung (Myanmar),P2017-3943,Approved
Widerac 5 EC,Quizalofop-P-ethyl 5% EC,"Thep Watana Co.,Ltd.","SASA International Co.,Ltd.",P2017-3604,Approved
Win Phosate 52 SL,Glyphosate 52% SL,"Nanjing Ronch Chemical Co.,Ltd.",Myanmar Win Star Internati,P2017-3584,Approved
Win Pyribac 10 WP,Bispyribac-sodium 10% WP,"Nanjing Ronch Chemical Co.,Ltd.",Myanmar Win Star Internati,P2018-4131,Approved
Y-26 20% WP,Bispyribac-sodium 20% WP,"Grade Laojun Chemical Co.,Ltd.","Yoon Yoon Agro Co.,Ltd.",P2018-4326,Approved
Ya Fat 10% SC,Bispyribac-sodium 10% SC,"Hefei Xingyu Chemical Co.,Ltd.",Diamond Light International,P2018-4178,Approved
Ya Fat 20% WP,Bispyribac-sodium 20% WP,"Hefei Xingyu Chemical Co.,Ltd.",Diamond Light International,P2018-4179,Approved
Ya Fat 40% SC,Bispyribac-sodium 40% SC,"Hefei Xingyu Chemical Co.,Ltd.",Diamond Light International,P2018-4180,Approved
YA Stars 330 EC,Pendimethalin 330g/l EC,"Jiangsu Yongan Chemical Co.,Ltd.","Seven Seven One Co.,Ltd.",P2020-4895,Approved
Yae Monnyin 20% OD,Pyrazosulfuron-ethyl 20% OD,"AgriGate CropSciences Pte.,Ltd.","Myanma Awba Group Co.,Lt",P2020-5183,Approved
Yar Shin 960 EC,S-metolachlor 96% EC,"Agrinova Cropcare Pte.,Ltd.","Wi Sar Ra International Co.,",P2018-2940,Approved
YaZar Ima,Imazethapyr 10% SL,"Agro Icon Cropscience Pte.,Ltd.","Aka Yarzar Co.,Ltd.",P2020-5043,Approved
Yu Fonyl Plus 20,Metsulfuron-methyl 20% WG,"Yingdee Intertrade Co.,Ltd.","Yupa Dagon Trading Co.,Ltd",P2019-4998,Approved
Yu Minee 20% WG,Bispyribac-sodium 20% WG,"Yingdee Intertrade Co.,Ltd.","Yupa Dagon Trading Co.,Ltd",P2019-4999,Approved
Yudo King Plus 5% EC,Quizalofop-P-ethyl 5% EC,"Yingdee Intertrade Co.,Ltd.","Yupa Dagon Trading Co.,Ltd",P2020-5000,Approved
Yupa Rice 75%,Fenoxaprop-P-ethyl 15%w/w + Pyrazosulfuron-ethyl 10%w/w,"Yingdee Intertrade Co.,Ltd.","Yupa Dagon Trading Co.,Ltd",P2020-5001,Approved
Ywat Pyant Super,Fomesafen 250g/l SL,Shandong Vicome Greenland Cher,"Shenbon Agrosciences Co.,L",P2020-5011,Approved
ZAFOP 108 EC,Haloxyfop-R-methyl 10.8%w/v EC,"Zagro Singapore Pte.,Ltd.",Zagro Myanmar Limited,P2018-4366,Approved
Zalam 69 EW,Fenoxaprop-P-ethyl 6.9% EW,"Agsin Pte.,Ltd.",Zagro Myanmar Limited,2016-3188,Approved
Zapwin 25 EC,Oxadiazon 25%w/v EC,"Zagro Singapore Pte.,Ltd.",Zagro Myanmar Limited,P2017-3452,Approved
ZB-Decide,Cyhalofop-butyl 15% EC,Jiangxi Zhengbang Crop Protectior,Myanmar Shwe Thein Tradi,P2018-4364,Approved
ZB-Guarantee 60g/l OD,Cyhalofop-butyl 50g/l + Penoxsulam 10g/l OD,"Guangxi Xinjintai Chemical Co.,Ltd",Myanmar Shwe Thein Tradi,P2020-5067,Approved
ZB-Potent 5% EC,Quizalofop-P-ethyl 5% EC,Jiangxi Zhengbang Crop Protectior,Myanmar Shwe Thein Tradi,P2020-4988,Approved
ZB-Quick,Haloxyfop-P-methyl 108g/l EC,Jiangxi Zhengbang Crop Protectior,Myanmar Shwe Thein Tradi,P2018-4278,Approved
ZB-Weed Clean 18% WP,Acetochlor 14% + Bensulfuron-methyl 4% WP,Jiangxi Zhengbang Crop Protectior,Myanmar Shwe Thein Tradi,P2020-4985,Approved
ZB-Weed Clear 40% WP,Bensulfuron-methyl 4% + Pretilachlor 36% WP,Jiangxi Zhengbang Crop Protectior,Myanmar Shwe Thein Tradi,P2020-4986,Approved
ZB-Weed Vanish 28% WP,Bensulfuron-methyl 3% + Quinclorac 25% WP,Jiangxi Zhengbang Crop Protectior,Myanmar Shwe Thein Tradi,P2020-4987,Approved
Zchlor 50,Acetochlor 50%w/v EC,"Unochem Co.,Ltd.","Vanida Myanmar Co.,Ltd.",P2020-4898,Approved
ZEDA,Fenoxaprop-P-ethyl 69g/l EC,Asiatic Agricultural Industries Pte.,Asiatic Agricultural Industrie,P2018-4457,Approved
Zy Lo 150 EC,Fluazifop-P-butyl 15% EC,"Agro Star Pte.,Ltd.","Min Mahaw Co.,Ltd.",P2020-4983,Approved
Lal Kaung Paung Thae 240,Cyhalofop-butyl 20% + Penoxsulam 4% OD,"AgriGate CropSciences Pte.,Ltd.","Myanma Awba Group Co.,Lt",P2021-5332,Approved
Shan Min Thar 750 WDG,Metribuzin 75% WDG,"AgriGate CropSciences Pte.,Ltd.","Myanma Awba Group Co.,Lt",P2021-5333,Approved
Paung Kone Shin,Cyhalofop-butyl 10% + Penoxsulam 1.33% OD,Makro Chemical,"Golden Key Co.,Ltd.",P2021-5334,Approved
Reclone 200 SL,Diquat dibromide 200g/l SL,"Eastchem Co.,Ltd.","Myanma Awba Group Co.,Lt",P2021-5335,Approved
Macadam 750 WDG,Metribuzin 75% WDG,"Optimus Agri-Tech Pte.,Ltd.",Myanmar Kaung Thu Kha Co,P2021-5337,Approved
Zig Zag 500 EC,Acetochlor 400g/l + Metribuzin 100g/l EC,"Optimus Agri-Tech Pte.,Ltd.",Myanmar Kaung Thu Kha Co,P2021-5338,Approved
Tri-Zin 750 WDG,Metribuzin 75% WDG,"Agrinova Cropcare Pte.,Ltd.","Wi Sar Ra International Co.,Ltd.",P2021-5339,Approved
Tank Top,Bensulfuron-methyl 5% + Quinclorac 25% WP,"Jiangsu Repont Agrochemical Co.,Ltd.","Diamond Light International Co.,Ltd.",P2021-5402,Approved
Wynca-Guard Plus,Bensulfuron-methyl 4% + Quinclorac 32% WP,"Zhejiang Xinan Chemical Industrial Group Co.,Ltd.","Friends' Helper Co.,Ltd.",P2021-5404,Approved
New Generation,Acetochlor 14% + Bensulfuron-methyl 4% WP,"Hangzhou Pinli Chemical Co.,Ltd.","Wai Shinn Yone Kyi Linn Co.,Ltd.",P2021-5405,Approved
Pilarspirit,Cyhalofop-butyl 15% + Penoxsulam 2% OD,"Pilarquim (Shanghai) Co.,Ltd.","Myanmar Max Agro Science Co.,Ltd.",P2021-5433,Approved
Shin Ye Dai 14% WP,Acetochlor 10.5% + Bensulfuron-methyl 3.5% WP,High Hope Zhongtian Corporation,"Thu Thu Hein Co.,Ltd.",P2021-5477,Approved
Cupon 240 OD,Cyhalofop-butyl 20% + Penoxsulam 4% OD,"Optimus Agri-Tech Pte.,Ltd.","Myanmar Kaung Thu Kha Co.,Ltd.",P2021-5478,Approved
Evo Saha 240 OD,Cyhalofop-butyl 20% + Penoxsulam 4% OD,"Chrysalis Crop Pte.,Ltd.","Evogro Co.,Ltd.",P2021-5479,Approved
Crazy 240 OD,Cyhalofop-butyl 20% + Penoxsulam 4% OD,"Agrinova Cropcare Pte.,Ltd.","Wi Sar Ra International Co.,Ltd.",P2021-5480,Approved
AT-BAC 60 EC,Acetamiprid 10% + Fenobucarb (BPMC) 50% EC,"Syntech International Co.,Ltd.","AGT, Agro Tech Co.,Ltd.",P2021-4486,Approved
Benevia¨ 100g/l OD,Cyantraniliprole 100g/l OD,FMC Corporation,"JJ-Pun Trading Co.,Ltd.",P2021-4807,Approved
Byter Bando,Chlorfenapyr 7.5% + Indoxacarb 2.5% SC,"Anhui Byter Agriculture Technology Co.,Ltd.","Myanmar Golden Byter Co.,Ltd.",P2021-4699,Approved
Byter Shal One,Clothianidin 10% + Pymetrozine 40% WP,"Anhui Byter Agriculture Technology Co.,Ltd.","Myanmar Golden Byter Co.,Ltd.",P2021-4696,Approved
Byter Spore,Beauveria Bassiana 15 billion spore/gm SC,"Anhui Byter Agriculture Technology Co.,Ltd.","Myanmar Golden Byter Co.,Ltd.",P2021-4625,Approved
Dinomat,Dinotefuran 10% + Spirotetramat 10% SC,"Anhui Byter Agriculture Technology Co.,Ltd.","Myanmar Byter Agro Tech Co.,Ltd.",P2021-4690,Approved
Emado 10 WDG,Emamectin Benzoate 5% + Indoxacarb 5% WDG,"Bing Hui Pte.,Ltd.","Shwe Thit Oo Co.,Ltd.",P2021-3357,Approved
Organics Matter¨ T-22,Trichoderma harzianum T-22,Orgapower B.V.( THE NETHERLANDS),"Orgaworld Asia (Myanmar) Co.,Ltd.",P2021-4626,Approved
Pyrimat,Pyriproxyfen 8% + Spirotetramat 16% SC,"Anhui Byter Agriculture Technology Co.,Ltd.","Myanmar Byter Agro Tech Co.,Ltd.",P2021-4675,Approved
ABISAK 50 SP,Thiocyclam hydrogen Oxalate 50%w/v SP,Advansia Sdn.Bhd.,"Advansia Agroscience Co.,Ltd.",P2021-4126,Approved
ETHER PLUS 40 WDG,Emamectin Benzoate 200g/kg + Thiamethoxam 200g/kg WDG,"Asiatic Agricultural Industries Pte.,Ltd.","Asiatic Agricultural Industries Co.,Ltd.",P2021-4262,Approved
Glamore 80 WG,Ethiprole 400g/kg + Imidacloprid 400g/kg,Bayer AG,"Bayer Thai Co.,Ltd. (Myanmar Branch)",P2021-3350,Approved
INDOMECT 20 SC,Emamectin Benzoate 4% + Indoxacarb 16% SC,Zhejiang Heben Pesticide & Chem,Myanmar Arysta LifeScience,P2021-4099,Approved
Lamdikap 35 SC,Lambda-cyhalothrin 50g/l + Thiodicarb 300g/l SC,Asiatic Agricultural Industries Pte.,Asiatic Agricultural Industries,P2021-3758,Approved
Lead 500 WDG,Pymetrozine 500g/kg WDG,Asiatic Agricultural Industries Pte.,Asiatic Agricultural Industries,P2021-3760,Approved
NPS Ruler,Spirodiclofen 24% SC,Shenzhen Noposion Agrochemical,Myanmar Wai Fung Agricult,P2021-4430,Approved
NPS Thunder,Acetamiprid 5% + Pyridaben 5% ME,Shenzhen Noposion Agrochemical,Myanmar Wai Fung Agricult,P2021-4258,Approved
Prodigy 50 WDG,Pymetrozine 50% WDG,Shandong Zhongxin Kenong Biolog,"Friends' Helper Co.,Ltd.",P2021-4363,Approved
Shwe Lu Zoe,Emamectin Benzoate 10% + Lufenuron 40% WDG,Makro Chemical,"Golden Key Co.,Ltd.",P2021-4106,Approved
Sino-Pickcarb,Imidacloprid 150g/l + Thiodicarb 450g/l SC,"Sino-Agri Leading Biosciences Co.,","Anawrahta Production Co.,L",P2021-3790,Approved
Sivanto Prime 200 SL,Flupyradifurone 200g/l SL,Bayer AG,"Bayer Thai Co.,Ltd. (Myanm",P2021-3351,Approved
15G,Phoxim 5% GR,Shaanxi Micro Biotechnology Co,"THU THU HEIN Co.,Ltd.",P2018-4203,Approved
Aba-ema 82 WDG,Abamectin 52g/kg + Emamectin benzoate 30g/kg WDG,"Eastchem Co.,Ltd.","Myanma Awba Group Co.,Lt",P2020-3483,Approved
ABENZ 22 EC,Emamectin Benzoate 2.2%w/v EC,Advansia Sdn.Bhd.,"Advansia Agroscience Co.,Lt",P2018-4125,Approved
ABS,Abamectin 3% + Spirodiclofen 21% SC,Makro Chemical,"Golden Key Co.,Ltd.",P2020-3073,Approved
Absina 1.8 EC,Abamectin 1.8% EC,"Sinamyang Group Pte.,Ltd.","Evogro Co.,Ltd.",P2017-3896,Approved
Acet,Acetamiprid 5% EC,Shandong United Pesticide Indust,"Huynh Zaw Co.,Ltd.",P2019-4533,Approved
Aceta 5 EC,Acetamiprid 5% EC,GuangDong ZhenGe Biotechnolog,"Myanmar Golden Byter Co.,",P2018-4113,Approved
Acetamiprid TG 97%,Acetamiprid TG 97%,"AgriGate CropSciences Pte.,Ltd.","Myanma Awba Group Co.,Lt",P2017-3469,Approved
ADELL 200 EC,Carbosulfan 200g/l EC,Advansia Sdn.Bhd.,"Advansia Agroscience Co.,Lt",P2019-4591,Approved
ADOCA 150 SC,Indoxacarb 150g/l SC,Advansia Sdn.Bhd.,"Advansia Agroscience Co.,Lt",P2019-4555,Approved
Agro Ace,Acephate 75%w/w SP,"Jiangsu Lanfeng Biochemical Co.,L","Agro Frey Co.,Ltd.",P2017-3618,Approved
Agro Dizi,Diazinon 50% EC,Wenzhou Lucheng Dongou Dyestu,"Agro Frey Co.,Ltd.",P2017-3623,Approved
Agro San,Cypermethrin 10%w/v EC,"Yixing Xingnong Chemical Co.,Ltd.","Agro Frey Co.,Ltd.",P2017-3624,Approved
Agro Thime,Thiamethoxam 25% WG,"Jiangsu Greenscie Chemical Co.,Lt","Agro Frey Co.,Ltd.",P2017-3615,Approved
Agrofuran 200 WDG,Dinotefuran 20% WDG,"Agsin Pte.,Ltd.",Zagro Myanmar Limited,2016-3190,Approved
Agrothrin 35 EC,Cypermethrin 35% EC,"Sims Agrow Chem Co.,Ltd.","International Agro Co.,Ltd.",2013-1796,Approved
AKOSU 100 SC,Chlorfenapyr 10%w/v SC,Advansia Sdn.Bhd.,"Advansia Agroscience Co.,Lt",P2018-4127,Approved
Alanto 240 SC,Thiacloprid 240g/l SC,Bayer AG,"Bayer Thai Co.,Ltd (Myanma",P2019-2893,Approved
All Shaw,Thiamethoxam 35% FS,Shenzhen Noposion Agrochemical,"Y Agro Solution Co.,Ltd.",P2018-4439,Approved
Alukill 56 TB,Aluminium phosphide 56% TB,"Sinamyang Group Pte.,Ltd.","Asian Crops Global Co.,Ltd.",P2017-3899,Approved
AMIKO 100 EC,Pyriproxyfen 100g/l EC,Advansia Sdn.Bhd.,"Advansia Agroscience Co.,Lt",P2020-4918,Approved
AMMATE¨,Indoxacarb 150g/l EC,"FMC Corporation, USA.","Y Agro Solution Co.,Ltd.",P2017-3341,Approved
AM-Super King 1 EC,Emamectin Benzoate 1% EC,Shandong Topagri Limited,"Agriman Myanmar Co.,Ltd.",P2018-4197,Approved
ANDA SU YAN 14.5 SC,Indoxacarb 14.5% SC,Jiangsu Pesticide Research Institut,Diamond Light International,P2018-4223,Approved
Ann Army 50 EC,Emamectin Benzoate 50g/l EC,"An Nong Group Co.,Ltd.",Myanmar Kaung Hman Gro,P2020-5197,Approved
Anrogen 0.3G,Fipronil 3g/kg G,"An Nong Group Co.,Ltd.",Advance Agriculture Solutio,2015-2559,Approved
Anta,Acetamiprid 200g/kg SP,Shandong United Pesticide Indust,Diamond Light International,P2018-4140,Approved
AP-Domi 24.7 SC,Lambda-cyhalothrin 10.6% + Thiamethoxam 14.1% SC,Zibo NAB Agrochemicals Limited,"Agro Power Co.,Ltd.",P2017-3424,Approved
AP-Joker,Chlorfenapyr 240g/l SC,Zibo NAB Agrochemicals Limited,"Agro Power Co.,Ltd.",P2018-4226,Approved
AP-Mite,Pyridaben 15% EC,Zibo NAB Agrochemicals Limited,"Agro Power Co.,Ltd.",P2018-4272,Approved
AP-Thia,Thiamethoxam 25% WDG,Zibo NAB Agrochemicals Limited,"Agro Power Co.,Ltd.",P2018-4337,Approved
Armo Amar,Acetamiprid 1.6% + Cypermethrin 7.2% EC,"R.H.F Pte.,Ltd.",Aventine Limited.,P2017-3852,Approved
Armo Fit 3% G,Fipronil 3% G,"R.H.F Pte.,Ltd.",Aventine Limited.,P2017-3715,Approved
Armo Guard 15 SC,Indoxacarb 15% SC,"R.H.F Pte.,Ltd.",Aventine Limited,P2017-2139,Approved
Armo Lambda 5% EC,Lambda-cyhalothrin 5% EC,"R.H.F Pte.,Ltd.",Aventine Limited,P2017-3717,Approved
Armo Zinon 10% G,Diazinon 10% G,"R.H.F Pte.,Ltd.",Aventine Limited,P2017-3714,Approved
Asataf 75% SP,Acephate 75% SP,Rallis India Limited,Aventine Limited,P2017-3855,Approved
ASICON 500 EC,Profenofos 500g/l EC,Advansia Sdn.Bhd.,"Advansia Agroscience Co.,Lt",P2019-4590,Approved
ASSASSIN,Thiamethoxam 30% SC,"Weifang Heyi Agrochemical Co.,Lt","Myanmar Golden Byter Co.,",P2018-4384,Approved
AT Pronil 5% SC,Fipronil 5% SC,"Syntech International Co.,Ltd.","AGT, Agro Tech Co.,Ltd.",P2017-3378,Approved
ATHOXAM 25% WDG,Thiamethoxam 25% WDG,"Grade Laojun Chemical Co.,Ltd.","Yoon Yoon Agro Co.,Ltd.",P2018-4144,Approved
AT-Prole 10 SC,Ethiprole 10% SC,"Syntech International Co.,Ltd.",Golden Lion High Tech Agric,P2018-4487,Approved
Awba Myay Kaung 46 G,Abamectin 0.2% + Cartap 4% + Thiamethoxam 0.4% G,"AgriGate CropSciences Pte.,Ltd.","Myanma Awba Group Co.,Lt",P2017-2246,Approved
Awell 2.5% EC,Abamectin 25g/l EC,"Ningbo Longway Chemical Co.,Ltd","Longway Agrochemical Co.,",P2017-3534,Approved
Azphate II 80 SP,Acephate 77.5% + Lambda-cyhalothrin 2.5% SP,"AgriGate CropSciences Pte.,Ltd.","Myanma Awba Group Co.,Lt",P2017-2229,Approved
Banker 75 SP,Acephate 70% + Cartap 5% SP,"Optimus Agri-Tech Pte.,Ltd.",Myanmar Kaung Thu Kha Co,P2018-2696,Approved
B-Cyperfos,Beta-Cypermethrin 5% + Profenofos 20% EC,"Agro Icon Cropscience Pte.,Ltd.","Marga Min Co.,Ltd.",P2020-5088,Approved
Be Lue 150 WDG,Emamectin Benzoate 40g/kg + Thiamethoxam 110g/kg WDG,"AgriGate CropSciences Pte.,Ltd.","Myanma Awba Group Co.,Lt",P2017-2227,Approved
Bentid 50 WG,Diflubenzuron 50% WG,Hanearl Science Ltd.,"Royal Distribution Co.,Ltd.",P2017-3983,Approved
Beta C 100 EC,Beta-cypermethrin 100g/l EC,"Eastchem Co.,Ltd.","Wi Sar Ra International Co.,",P2017-3484,Approved
Bicoaloo 700 WG,Nitenpyram 20% + Pymetrozine 50% WG,"Eastchem Co.,Ltd.","Myanma Awba Group Co.,Lt",P2020-5160,Approved
Bifensta,Bifenthrin 100g/l EC,IMP Biotech Sdn.Bhd.,"MM Import Export Co.,Ltd.",P2018-4096,Approved
BIG GUN 30 SC,Emamectin Benzoate 3% SC,"Agro Star Pte.,Ltd.","Min Mahaw Co.,Ltd.",P2018-4225,Approved
BIOGENE,"Bacillus thuringiensis subsp.aizawai 3.38x1010cfu/g[32,000","Ladda Co.,Ltd.","Seven Tigers Trading Co.,Ltd",P2017-3991,Approved
Bio-V,Bacillus thuringiensis subsp.aizawai [32000 IU/mg (4% WP)],Fujian Green Shell Bio-Pesticide C,"Vanida Myanmar Co.,Ltd.",P2019-4788,Approved
Bisect 10 EC,Bifenthrin 10% EC,UPL Limited,"Agro Power Co.,Ltd.",P2019-4618,Approved
Bit,Bifenthrin 10% EW,Shandong United Pesticide Indust,"Huynh Zaw Co.,Ltd.",P2018-4141,Approved
Block,Emamectin Benzoate 5% SG,"Hebei Veyong Bio-Chemical Co.,Lt",Agro Green Land Chemical,P2019-4766,Approved
Blue Ace 20 SP,Acetamiprid 20% SP,Hailir Pesticides and Chemicals Gr,"Hailir Myanmar Co.,Ltd.",P2021-5274,Approved
BNS Darr Sat Kyar,Emamectin Benzoate 5.7% WDG,Shandong Binnong Technology Co,"Y Agro Solution Co.,Ltd.",P2017-3650,Approved
BNS Lambda 5,Lambda-cyhalothrin 5% EC,Shandong Binnong Technology Co,"Aka Yarzar Co.,Ltd.",P2017-3662,Approved
BNS Wu Khone,Cypermethrin 25% EC,Shandong Binnong Technology Co,"Y Agro Solution Co.,Ltd.",P2017-3649,Approved
Bravo 20 SL,Imidacloprid 20% SL,Zagro Asia Limited,Zagro Myanmar Limited,2016-3192,Approved
Bullet 1 EC,Emamectin Benzoate 1% EC,"Lier Chemical Co.,Ltd.",Agro Green Land Chemical,P2017-3564,Approved
Buprolord,Buprofezin 250g/l SC,UPL Limited,Myanmar Arysta LifeScience,P2020-5165,Approved
Bupro-Top 25 WP,Buprofezin 25% WP,"Zhejiang Tide Cropscience Co.,Ltd.","Seinn Lae Thwin Co.,Ltd.",P2020-4868,Approved
Byter Benzo,Emamectin Benzoate 5% WDG,Guangxi Baike Biological Technolo,"Myanmar Kete Co.,Ltd.",P2019-4606,Approved
Byter Done Pyan 50 SP,Cartap 50% SP,Anhui Byter Agriculture Technolog,Kesai Eagrow (Myanmar) Co,P2017-3677,Approved
Byter Dragular 70 WDG,Imidacloprid 70 % WDG,Anhui Byter Agriculture Technolog,Kesai Eagrow (Myanmar) Co,P2017-3684,Approved
Byter Fighter 4 EC,Abamectin 1% + Acetamiprid 3% EC,Anhui Byter Agriculture Technolog,"Myanmar Golden Byter Co.,",P2019-3696,Approved
Byter Flapper 80 WDG,Cyromazine 80% WDG,Anhui Byter Agriculture Technolog,"Myanmar Golden Byter Co.,",P2018-4121,Approved
Byter Fuji. 1 1.8 WP,Abamectin 0.1% + Imidacloprid 1.7% WP,Anhui Byter Agriculture Technolog,"Myanmar Golden Byter Co.,",P2019-3694,Approved
Byter Green Arrow 1.8 EC,Abamectin 1.8% EC,Anhui Byter Agriculture Technolog,Kesai Eagrow (Myanmar) Co,P2017-3674,Approved
Byter Hero,Thiamethoxam 25% WG,Guangxi Baike Biological Technolo,"Myanmar Golden Byter Co.,",P2019-4654,Approved
Byter Kaung Myan,Matrine 0.5% AS,Guangxi Baike Biological Technolo,"Myanmar Golden Byter Co.,",P2020-4965,Approved
Byter Kaung San 16000 W,Bacillus thuringiensis 16000IU/MG,Anhui Byter Agriculture Technolog,"Myanmar Golden Byter Co.,",P2017-3676,Approved
Byter Kaung Yin,Bacillus thuringiensis 8000IU/ul SC,Guangxi Baike Biological Technolo,Myanmar Byter Agro Tech C,P2019-4778,Approved
Byter Kong Fu 5 EW,Lambda-cyhalothrin 5% EW,Anhui Byter Agriculture Technolog,"Myanmar Golden Byter Co.,",P2017-3688,Approved
Byter Nan Chat Ku 3.2 ME,Cypermethrin 3% + Emamectin Benzoate 0.2% ME,Anhui Byter Agriculture Technolog,Myanmar Byter Agro Tech C,P2018-3512,Approved
Byter NET-20 WDG,Dinotefuran 20% WDG,Anhui Byter Agriculture Technolog,"Myanmar Golden Byter Co.,",P2018-4122,Approved
Byter Pronil 5 EC,Fipronil 5% EC,Anhui Byter Agriculture Technolog,Kesai Eagrow (Myanmar) Co,P2017-3681,Approved
Byter Tiger 15 WP,Buprofezin 10% + Nitenpyram 5% WP,Anhui Byter Agriculture Technolog,"Myanmar Golden Byter Co.,",P2019-3697,Approved
BZ Sniper,Profenofos 500g/l EC,"Shaanxi Biogen Crop Science Co.,L",Myanmar Wai Fung Agricult,P2018-4434,Approved
Canon 50 SP,Cartap hydrochloride 50% SP,"Syntech International Co.,Ltd.","Farm Link Co.,Ltd.",P2017-3374,Approved
Carbo,Carbosulfan 200g/l EC,Shandong United Pesticide Indust,"Huynh Zaw Co.,Ltd.",P2018-4142,Approved
Carbosulfan 95% TG,Carbosulfan 95% TG,"AgriGate CropSciences Pte.,Ltd.","Myanma Awba Group Co.,Lt",2015-2978,Approved
Chao Htet,Emamectin Benzoate 5.7% EC,"Hebei Veyong Bio-Chemical Co.,Lt",Diamond Light International,P2019-4792,Approved
Chao Mi,Acetamiprid 20% SL,"Hebei Veyong Bio-Chemical Co.,Lt",Diamond Light International,P2021-5254,Approved
Chao Yee,Emamectin Benzoate 2.3% EC,"Hebei Veyong Bio-Chemical Co.,Lt",Diamond Light International,P2019-4793,Approved
Chip-5,Fipronil 5% SC,"Sims Agrow Chem Co.,Ltd.","International Agro Co.,Ltd.",P2017-3786,Approved
Chlopyr,Chlorfenapyr TG 98%,"AgriGate CropSciences Pte.,Ltd.","Myanma Awba Group Co.,Lt",P2020-4962,Approved
Chlorfenapyr 95% TC,Chlorfenapyr 95% TC,Zibo NAB Agrochemicals Limited,"Agriwest Myanmar Co.,Ltd.",P2020-5075,Approved
Chlorfensu,Chlorfenapyr 10% SC,Liuzhou Huinong Chemical Industr,"Myanmar kete Co.,Ltd.",P2020-4869,Approved
Controller 560 T,Aluminium phosphide 56%w/w TB,"Optimus Agri-Tech Pte.,Ltd.",Myanmar Kaung Thu Kha Cc,P2017-3481,Approved
CoragenTM Insect Control,Chlorantraniliprole 18.4%w/v SC,FMC Corporation USA,"Y Agro Solution Co.,Ltd.",P2018-4114,Approved
Crop-Farnator 3 GR,Fipronil 3% GR,Crop-China Internationals Limited,Myanmar Byter Agro Tech C,P2017-4005,Approved
Crop-Finice,Dinotefuran 20% SG,Crop-China Internationals Limited,Myanmar Byter Agro Tech C,P2017-4004,Approved
Crop-Skilor 25 WG,Thiamethoxam 25% WG,Crop-China Internationals Limited,Myanmar Byter Agro Tech C,P2017-4011,Approved
Crop-Swenstor 40 EC,Triazophos 40% EC,Crop-China Internationals Limited,Myanmar Byter Agro Tech C,P2017-4012,Approved
CS 85,Carbaryl 85% WP,"Agforepax Industries Co.,Ltd.","Min Mahaw Co.,Ltd.",2015-2619,Approved
Cypertin 25 EC,Cypermethrin 25% EC,"Sinamyang Group Pte.,Ltd.","Golden Rocket Co.,Ltd.",P2017-4051,Approved
Dab Hand 23 EC,Emamectin Benzoate 2.3% EC,Jingbo Agrochemicals Technology,"Myanmar Golden Byter Co.,",P2019-4656,Approved
Dab Hand 50 WDG,Emamectin Benzoate 5% WDG,Jingbo Agrochemicals Technology,Myanmar Golden Sun Crop,P2019-4613,Approved
DAR 260 SC,Flubendiamide 20% +Lambda-cyhalothrin 6% SC,"Chrysalis Crop Pte.,Ltd.","Myanma Awba Group Co.,Lt",P2018-2242,Approved
Deeper 46 G,Abamectin 0.2% + Cartap 4% + Thiamethoxam 0.4% G,"Agrinova Cropcare Pte.,Ltd.","Wi Sar Ra International Co.,",P2018-2407,Approved
Deltamax 2.7 EW,Deltamethrin 2.7% EW,Hanearl Science Ltd.,"Royal Distribution Co.,Ltd.",P2017-3981,Approved
Deltin 2.5 EC,Deltamethrin 2.5% EC,"Sinamyang Group Pte.,Ltd.","Asian Crops Global Co.,Ltd.",P2017-4052,Approved
Dimethoate TG 98%,Dimethoate TG 98%,"AgriGate CropSciences Pte.,Ltd.","Myanma Awba Group Co.,Lt",P2017-3471,Approved
Dinga 5 WDG,Emamectin Benzoate 5% WDG,"Iprochem Co.,Ltd.","Myanmar Golden Byter Co.,",P2017-3995,Approved
Double 25 WP,Emamectin Benzoate 10% + Lambda-cyhalothrin 15% WP,"Agro Star Pte.,Ltd.","Min Mahaw Co.,Ltd.",2015-2291,Approved
DuPontª Pexalon¨ 10 SC,Triflumezopyrim 10%w/w SC,DuPont Company (Singapore) Pte.,"DuPont (Myanmar) Co.,Ltd.",P2020-3338,Approved
Eagrow Knife 5.7 WDG,Emamectin Benzoate 5.7% WDG,"Ningxia Taiyicin Biotech Co.,Ltd.",Kesai Eagrow (Myanmar) Co,P2019-4668,Approved
Ebsinalam 15 WP,Emamectin Benzoate 5% + Lambda-cyhalothrin 10% WP,"Sinamyang Group Pte.,Ltd.","Evogro Co.,Ltd.",P2017-4054,Approved
Eco Fen 10 SC,Chlorfenapyr 10% SC,Farmlands International Limited,"Min Galar Hinnthar Co.,Ltd.",P2020-5118,Approved
Ema Mec 5% SG,Emamectin Benzoate 5% SG,"Guangzhou Green Top Co.,Ltd.",Myanmar Shwe Nagar Agricu,P2019-4787,Approved
Emacide 5.7 EC,Emamectin Benzoate 5.7% EC,"Ningxia Taiyicin Biotech Co.,Ltd.","Friends' Helper Co.,Ltd.",P2019-4688,Approved
Emacure 5.7 ME,Emamectin Benzoate 5.7% ME,"Ningxia Taiyicin Biotech Co.,Ltd.","Friends' Helper Co.,Ltd.",P2019-4659,Approved
Emanen 5 WDG,Emamectin 5% WDG,"Kingtai Chemicals Co.,Ltd.","Kingtai Myanmar Co.,Ltd.",P2016-3302,Approved
Emazo 5.7 WG,Emamectin Benzoate 5.7% WG,"Qingdao Kyx Chemical Co.,Ltd.","Hailir Myanmar Co.,Ltd.",P2020-5007,Approved
EMEX,Emamectin Benzoate 5% SG,"Hebei Veyong Bio-Chemical Co.,Lt","Vanida Myanmar Co.,Ltd.",P2018-4494,Approved
Endura Pbo,Piperonyl Butoxide 92% TG,Endura Fine Chemicals,MSR Green Corporation (S),2015-2716,Approved
Ento 20 SC,Indoxacarb 17% + Lambda cyhalothrin 3% SC,"Optimus Agri-Tech Pte.,Ltd.",Myanmar Kaung Thu Kha Co,P2018-2702,Approved
Epokil 1 EC,Lambda-cyhalothrin 1% EC,Hanearl Science Ltd.,"Royal Distribution Co.,Ltd.",P2017-3969,Approved
Erabaryl 85 WP,Carbaryl 85% WP,The Erawan Agricultural Chemical,Aventine Limited,P2018-4269,Approved
Eramite 200,Pyridaben 20% WP,The Erawan Agricultural Chemical,Aventine Limited,P2017-3733,Approved
Eranufos,Lufenuron 5% + Profenofos 50%w/v EC,The Erawan Agricultural Chemical,Aventine Limited,P2020-3722,Approved
Erathrip 5 SC,Fipronil 5%w/v SC,The Erawan Agricultural Chemical,Aventine Limited,2016-3198,Approved
Eratox,Thiamethoxam 25% WG,The Erawan Agricultural Chemical,Aventine Limited,P2018-4285,Approved
Eros 15 SC,Indoxacarb 15% SC,"Thep Watana Co.,Ltd.","SASA International Co.,Ltd.",P2017-3602,Approved
ESCORT 70 WDG,Thiamethoxam 70% WDG,Shandong Zhongxin Kenong Biolog,"Nawarat Myay Co.,Ltd.",P2018-4338,Approved
E-T Car 95 SP,Cartap 95% SP,"Shanghai E-Tong Chemical Co.,Ltd","Yonta Myanmar Co.,Ltd.",2016-3174,Approved
E-T Prolam 33 EC,Lambda-cyhalothrin 3% + Profenofos 30% EC,"Shanghai E-Tong Chemical Co.,Ltd",Network Marketing Limited,2016-3177,Approved
E-T Wom 44 EC,Cypermethrin 4% + Profenofos 40% EC,"Shanghai E-Tong Chemical Co.,Ltd",Network Marketing Limited,2016-3176,Approved
Evisect S 50% SP,Thiocyclam Hydrogen Oxalate 50% SP,"Nippon Kayaku Co.,Ltd.",Myanmar Arysta LifeScience,P2017-2210,Approved
Than Dote 10 EC,Cypermethrin 8% + Emamectin Benzoate 2% EC,"Chrysalis Crop Pte.,Ltd.","Evogro Co.,Ltd.",P2018-2679,Approved
Evo Soat Sar Poe 50 SP,Nitenpyram 50% SP,"Chrysalis Crop Pte.,Ltd.","Evogro Co.,Ltd.",P2018-2672,Approved
Evo Soat Sar Poe 700 WDG,Nitenpyram 20% + Pymetrozine 50% WDG,"Chrysalis Crop Pte.,Ltd.","Evogro Co.,Ltd.",P2018-2681,Approved
Evo Spartan 3.6 EC,Abamectin 1.8% + Lambda-cyhalothrin 1.8% EC,"Chrysalis Crop Pte.,Ltd.","Evogro Co.,Ltd.",P2018-2671,Approved
Exact-SL,Acetamiprid 200g/l SL,Asiatic Agricultural Industries Pte.,"Aka Yarzar Co.,Ltd.",P2017-3748,Approved
Eye Max 75% EC,Pine Oil 75% EC,"Lovely Organic Co.,Ltd.","Lovely Organic Co.,Ltd.",P2017-3637,Approved
Face 5-3 EC,Acetamiprid 3% + Fipronil 5% EC,"Syntech International Co.,Ltd.",Golden Lion High Tech Agric,P2018-1782,Approved
Farmerimid 10 WP,Imidacloprid 10% WP,"Limin Chemical Co.,Ltd.",Limin Chemical (Myanmar),P2017-4030,Approved
FerterraTM 0.4 GR,Chlorantraniliprole 0.4%w/w GR,FMC Corporation (USA),Myanmar Arysta LifeScience,P2019-4765,Approved
Ferti-Sulfan 20% EC,Carbosulfan 20% EC,"Fertiagro Pte.,Ltd.","Farm Link Co.,Ltd.",P2020-5076,Approved
Fiptop 5 SC,Fipronil 5% SC,"Sinamyang Group Pte.,Ltd.","Asian Crops Global Co.,Ltd.",P2017-3908,Approved
Flagrole 100 SE,Abamectin 33g/l + Flubendiamide 67g/l SE,Shandong Weifang Rainbow Chem,"Rainbow Agrosciences Co.,L",P2020-3108,Approved
Focite 250 EC,Cypermethrin 5% + Profenofos 20% EC,"AgriGate CropSciences Pte.,Ltd.","Myanma Awba Group Co.,Lt",P2018-2870,Approved
Foison Dreat 56 TB,Aluminium Phosphide 56% TB,"Foison SciTech Co.,Ltd.",Agro Green Land Chemical,P2018-4255,Approved
Foison Fendi 5 EC,Emamectin Benzoate 5% EC,"Foison SciTech Co.,Ltd.",Agro Green Land Chemical,P2018-4256,Approved
Thia King 50% WDG,Thiamethoxam 50% WG,"Lier Chemical Co.,Ltd. (China)","Taw Win Dar Co.,Ltd.",P2021-5229,Approved
For You Cole,Abamectin 1.8% + Lambda-cyhalothrin 2.5% EC,"Agro Star Pte.,Ltd.","Min Mahaw Co.,Ltd.",P2020-3892,Approved
Fortenza Duo 480 FS,Cyantraniliprole 24% + Thiamethoxam 24%w/v FS,Syngenta Crop Protection Ltd.,"Myanma Awba Group Co.,Lt",P2019-3002,Approved
G Ace 75 SP,Acephate 75% SP,"Ningbo Generic Chemical Co.,Ltd.",Golden Wish Agribusiness,P2017-3871,Approved
G Carb 37.5 SC,Thiodicarb 37.5% SC,"Ningbo Generic Chemical Co.,Ltd.",Golden Wish Agribusiness,P2017-3887,Approved
G Carbo,Carbosulfan 20% EC,"Ningbo Cycle Chemical Co.,Ltd.",Golden Wish Agribusiness,P2021-5237,Approved
G Chloprid 70 WP,Imidacloprid 70% WP,"Ningbo Generic Chemical Co.,Ltd.",Golden Wish Agribusiness,P2017-3882,Approved
G Emamect,Emamectin Benzoate 5% SG,"Ningbo Cycle Chemical Co.,Ltd.",Golden Wish Agribusiness,P2018-4198,Approved
G Indo,Indoxacarb 150g/l SC,"Ningbo Cycle Chemical Co.,Ltd.",Golden Wish Agribusiness,P2021-5203,Approved
G Mono 50 SP,Monosultap 50% SP,"Ningbo Generic Chemical Co.,Ltd.",Golden Wish Agribusiness,P2017-3885,Approved
G Pyri,Pyridaben 20% WP,"Ningbo Cycle Chemical Co.,Ltd.",Golden Wish Agribusiness C,P2021-5204,Approved
G Rider 25 WP,Acetamiprid 20% + Lambda-cyhalothrin 5% WP,"Ningbo Generic Chemical Co.,Ltd.",Golden Wish Agribusiness C,P2017-3872,Approved
G Tap 95 SP,Cartap 95% SP,"Ningbo Generic Chemical Co.,Ltd.",Golden Wish Agribusiness C,P2017-3876,Approved
G Target 24.7 SC,Lambda-cyhalothrin 10.6% + Thiamethoxam 14.1% SC,"Ningbo Generic Chemical Co.,Ltd.",Golden Wish Agribusiness C,P2017-3884,Approved
G5-5G,Carbosulfan 5% GR,"Agro Star Pte.,Ltd.","Min Mahaw Co.,Ltd.",P2017-3894,Approved
G-fos 56,Aluminium phosphide 56% TB,"Syntech International Co.,Ltd.",Golden Lion High Tech Agric,P2017-3431,Approved
Goldcheck 50 EC,Lambda-cyhalothrin 50g/l EC,"Eastchem Co.,Ltd.","Myanma Awba Group Co.,Lt",P2017-3487,Approved
Golden Blue 20 EC,Carbosulfan 20% EC,Xuzhou Fengwei Chemical Factory,"Grand Agrocare Co.,Ltd.",P2020-5021,Approved
Golden Plain Acetamiprid,Acetamiprid 60% WP,Shandong United Pesticide Indust,"Golden Plain Co.,Ltd.",2015-2861,Approved
Golden Plain Cartap,Cartap 98% SP,Shandong United Pesticide Indust,"Golden Plain Co.,Ltd.",2015-2862,Approved
Golden Plain Pyridaben,Pyridaben 40% WP,Shandong United Pesticide Indust,"Golden Plain Co.,Ltd.",2015-2864,Approved
Golden Rocket Acephate 7,Acephate 75% SP,My Golden Crop Enterprise,"Golden Rocket Co.,Ltd.",2015-2451,Approved
Gongfu 5 EC,Lambda-cyhalothrin 5% EC,"Kingtai Chemicals Co.,Ltd.","Kingtai Myanmar Co.,Ltd.",2016-3325,Approved
Great Beta 45 ME,Beta-Cypermethrin 4.5% ME,"Yingde Greatchem Chemicals Co.,I",Myanmar Nicely Crop Scienc,P2021-5266,Approved
Guang Cyper,Alpha-Cyermethrin 100g/l EC,Anhui Guangxin Agrochemical Co.,Agro Green Land Chemical,P2021-5245,Approved
Guang Xam FS,Thiamethoxam 25% FS,Anhui Guangxin Agrochemical Co.,Agro Green Land Chemical,P2019-4789,Approved
Guang Xam GR,Thiamethoxam 5% GR,Anhui Guangxin Agrochemical Co.,Agro Green Land Chemical,P2019-4774,Approved
Hai Phos,Aluminium Phosphide 56% TB,Jining High Technology Developme,Diamond Light International,P2018-4349,Approved
Hgnet Kyi Taung 18 SC,Emamectin Benzoate 2% + Indoxacarb 16% SC,"AgriGate CropSciences Pte.,Ltd.","Myanma Awba Group Co.,Lt",P2017-2226,Approved
Hopper Star,Nitenpyram 15% + Pymetrozine 45% WG,Makro Chemical,"Golden Key Co.,Ltd.",P2018-2315,Approved
Hoprole 30 WG,Indoxacarb 30% WG,Shandong Weifang Rainbow Chem,Charoen Porphand Produce,P2019-2496,Approved
Hunk 95% SG,Acephate 95% SG,Rallis India Limited,Aventine Limited,P2017-3856,Approved
Hyper Phate 97 WDG,Acephate 97% WDG,"Agro Star Pte.,Ltd.","Min Mahaw Co.,Ltd.",2013-1741,Approved
Imidacloprid TG 95%,Imidacloprid TG 95%,"AgriGate CropSciences Pte.,Ltd.","Myanma Awba Group Co.,Ltd",P2017-3477,Approved
Imidanil 80 WG,Fipronil 40% + Imidacloprid 40% WG,Shandong Weifang Rainbow Chem,Charoen Porphand Produce,P2019-3109,Approved
IMP-Bifenthrin Technical,Bifenthrin 950g/kg TG,IMP Biotech Sdn.Bhd,"MM Import Export Co.,Ltd.",P2018-4073,Approved
IMP-Propoxur Technical,Propoxur Technical 980g/kg TG,IMP Biotech Sdn.Bhd,"MM Import Export Co.,Ltd.",P2018-4074,Approved
Indoxacarb 95% TC,Indoxacarb 95% TC,Zibo NAB Agrochemicals Limited,"Agriwest Myanmar Co.,Ltd.",P2019-4623,Approved
Inka,Indoxacarb 150g/l SC,Shandong United Pesticide Indust,"Shwe Dana Min Co.,Ltd.",P2018-4350,Approved
Innova 70 WP,Imidacloprid 70% WP,"Syntech International Co.,Ltd.","AGT, Agro Tech Co.,Ltd.",P2017-3380,Approved
Intend 20% SC,Indoxacarb 17% + Lambda-cyhalothrin 3% SC,"Syntech International Co.,Ltd.","AGT, Agro Tech Co.,Ltd.",P2020-3371,Approved
"Intera ""EM"" Three",Emamectin Benzoate 1.0% EC,"Hangzhou Xinlong Industrial Co.,Ltd","Myanmar AT Nagar Co.,Ltd.",P2020-5198,Approved
Item 700 WP,Dinotefuran 20% + Pymetrozine 50% WP,"Optimus Agri-Tech Pte.,Ltd.",Myanmar Kaung Thu Kha Co,P2018-2704,Approved
Jacob,Abamectin 1.8% EC,"Shanghai Topchems Industry Co.,Ltd","Agro Power Co.,Ltd.",P2017-3396,Approved
Jiaanlin,Acephate 30 EC,"Hubei Sanonda Co.,Ltd.",Diamond Light International,P2017-3541,Approved
Jo Celphos 56 TB,Aluminium Phosphide 56% TB,Shaanxi Microbe Biotechnology Co,"THU THU HEIN Co.,Ltd.",P2019-4564,Approved
Kan Kaung 20% WG,Thiamethoxam 20% WG,"Yingdee Intertrade Co.,Ltd.","Yupa Dagon Trading Co.,Ltd",P2020-5002,Approved
Ken-Aba 20 EC,Abamectin 2%w/v EC,Kenso Corporation (M) Sdn.Bhd.,"Grand Agrocare Co.,Ltd.",2016-3050,Approved
Kencepat 75 SP,Acephate 75%w/w SP,Kenso Corporation (M) Sdn.Bhd.,"Grand Agrocare Co.,Ltd.",2016-3051,Approved
Kilace 50 WP,Acephate 50% WP,Hanearl Science Ltd.,"Royal Distribution Co.,Ltd.",P2017-3977,Approved
Killworm 20% SC,Fipronil 200g/l SC,"Ningbo Longway Chemical Co.,Ltd","Longway Agrochemical Co.,Ltd",P2017-3536,Approved
Kingsect 20 SP,Acetamiprid 20% SP,"Kingtai Chemicals Co.,Ltd.","Kingtai Myanmar Co.,Ltd.",2016-3296,Approved
KITTA 20% SL,Acetamiprid 20% SL,"Grade Laojun Chemical Co.,Ltd.","Yoon Yoon Agro Co.,Ltd.",P2018-4335,Approved
Knight One 20 SC,Indoxacarb 17% + Lambda-cyhalothrin 3% SC,"Agrinova Cropcare Pte.,Ltd.","Wi Sar Ra International Co.,Ltd",P2017-2408,Approved
K-Nofos 72 EC,Profenofos 72%w/v EC,Spectrum Ethers Ltd.,"1-2-1 Public Co.,Ltd.",P2019-4534,Approved
Koben 150g/l EC,Pyridaben 150g/l EC,"Bailing Agrochemical Co.,Ltd.",Agro Green Land Chemical Co.,P2017-3557,Approved
Konan 2 EC,Emamectin Benzoate 2% EC,Hanearl Science Ltd.,"Royal Distribution Co.,Ltd.",P2017-3986,Approved
Konan Gold 15 WP,Emamectin Benzoate 5% + Lambda-cyhalothrin 10% WP,Hanearl Science Ltd.,"Royal Distribution Co.,Ltd.",P2017-3987,Approved
KSO Pellets,Aluminium Phosphide 56% Tablet,Jining High Technology Development,"Beauty Glan Myanmar Co.,Ltd",P2021-5271,Approved
Kung Fu Good,Lambda-cyhalothrin 25g/l EC,"Ningbo Longway Chemical Co.,Ltd","Longway Agrochemical Co.,Ltd",P2017-3537,Approved
Kungfu 2.5 EC,Lambda-cyhalothrin 25g/l EC,"Lier Chemical Co.,Ltd.",Agro Green Land Chemical Co.,P2017-3569,Approved
LAL MYUEE 5.7 EC,Emamectin Benzoate 5.7% EC,Guangxi Tianyuan Biochemistry Co,"Arvis Cropscience Co.,Ltd.",P2018-4101,Approved
Lambda Cyhalothrin Techn,Lambda-cyhalothrin Technical,Asiatic Agricultural Industries Pte.,Asiatic Agricultural Industries,2016-3221,Approved
Lambo 2.5 EC,Lambda-cyhalothrin 2.5% EC,"Sinamyang Group Pte.,Ltd.",Naing Toe Aung (Myanmar),P2017-3913,Approved
Lan San 40 WG,Acetamiprid 40% WG,"Jiangxi Weiniu Crop Science Co.,Ltd","Arvis Cropscience Co.,Ltd.",P2019-4579,Approved
Lancer Gold,Acephate 50% + Imidacloprid 5% WG,UPL Limited,Myanmar Arysta LifeScience,P2019-3217,Approved
Lat Kha Maung,Acetamiprid 20% SL,Shandong Topagri Limited,"Y Agro Solution Co.,Ltd.",P2018-4080,Approved
Leadrole 80 WG,Ethiprole 40% + Imidacloprid 40% WG,Shandong Weifang Rainbow Chem,Marlarmyaing Public Company,P2019-2499,Approved
Li Bu,Emamectin Benzoate 5.7% WG,Shijiazhuang Xingbai Bioengineering,Diamond Light International,P2018-4170,Approved
Lineout 480 SC,Flubendiamide 240g/l + Thiacloprid 240g/l SC,Bayer AG,"Wi Sar Ra International Co.,Ltd",P2019-2348,Approved
Locker,Buprofezin 40% SC,"Uniprima Co.,Ltd.","Min Mahaw Co.,Ltd.",P2020-5090,Approved
Lucky 5 G,Phoxim 5% G,"Anhui Fengle Agrochemical Co.,Ltd","Lucky Great Co.,Ltd.",P2021-5258,Approved
Lucky Celphos 56 TB,Aluminium Phosphide 56% TB,"Anhui Fengle Agrochemical Co.,Ltd","Lucky Great Co.,Ltd.",P2018-4116,Approved
Lucky Nofos 50 EC,Profenofos 50% EC,Hangzhou Ruijiang Crop Science C,"Lucky Great Co.,Ltd.",P2018-4118,Approved
Lucky Vos 80 EC,Dichlorvos 80% EC,"Hubet Sanonda Co.,Ltd.","Lucky Great Co.,Ltd.",P2018-4117,Approved
Lusay,Carboxin 22.5%+ Imidacloprid 18% + Thiram 22.5% FS,"Agro Star Pte.,Ltd.","Min Mahaw Co.,Ltd.",P2018-3893,Approved
Mahar Dar,Thiodicarb 800g/kg WDG,Shandong United Pesticide Indust,"Y Agro Solution Co.,Ltd.",P2018-4336,Approved
Maizoate,Emamectin Benzoate 50g/kg SC,"Rotam Agrochemical Co.,Ltd.",Network Marketing Limited,2015-2585,Approved
Major 20% WP,Acetamiprid 20% WP,Agro Nature Land Cropsciences Pt,Agro Green Land Chemical C,P2018-4067,Approved
Manipam 5 EC,Fenpropathrin 5% EC,Hanearl Science Ltd.,"Royal Distribution Co.,Ltd.",P2017-3988,Approved
Maple 2.0 EC,Emamectin Benzoate 2% EC,Hextar Chemicals Sdn.Bhd.,Golden Lion High Tech Agric,P2019-4658,Approved
MarGa Ema,Emamectin Benzoate 5% WDG,"Agro Icon Cropscience Pte.,Ltd.","Marga Min Co.,Ltd.",P2020-5080,Approved
Mark X,Abamectin 1.8% EC,Zhejiang Qianjiang Biochemical Co,"Agro Frey Co.,Ltd.",P2017-3626,Approved
Marlarmyaing Mectin 1.8%,Abamectin 1.8% EC,"Mountain Peak Cropcare Pte.,Ltd.",Marlarmyaing Public Compa,P2017-3776,Approved
Marlarmyaing Phate 75% SP,Acephate 75% SP,"Mountain Peak Cropcare Pte.,Ltd.",Marlarmyaing Public Compa,P2017-3777,Approved
Marlarmyaing Tho Hlaung,Aluminium phosphide 56% TB,"Mountain Peak Cropcare Pte.,Ltd.",Marlarmyaing Public Compa,P2017-3778,Approved
Mee Tanact 1.14 EC,Emamectin Benzoate 1.14% EC,Shandong Vicome Greenland Cher,"Shenbon Agrosciences Co.,L",P2019-4612,Approved
Mega Alunlan,Emamectin Benzoate 5% + Lambda-cyhalothrin 10% WP,"MAC Chem (Asia) Co.,Ltd.",Mega Grow International Co,P2017-3825,Approved
Mega Cetar,Acetamiprid 20% SP,"MAC Chem (Asia) Co.,Ltd.",Mega Grow International Co,P2017-3818,Approved
Mega Harmony,Emamectin Benzoate 5% + Imidacloprid 19% + Lufenuron 12%,"MAC Chem (Asia) Co.,Ltd.",Mega Grow International Co,P2018-2323,Approved
Mega Novo,Propargite 73% EC,"MAC Chem (Asia) Co.,Ltd.",Mega Grow International Co,P2017-3834,Approved
Mega Poeshin,Abamectin 3.6% EC,"MAC Chem (Asia) Co.,Ltd.",Mega Grow International Co,P2017-3817,Approved
Mega Venus,Emamectin Benzoate 4% + Indoxacarb 16% SC,"MAC Chem (Asia) Co.,Ltd.",Mega Grow International Co,P2019-3058,Approved
Meter 130 EC,Abamectin 3% + Hexythiazox 10% EC,"Optimus Agri-Tech Pte.,Ltd.",Myanmar Kaung Thu Kha Co,P2018-2984,Approved
Mike OK 100 EC,Chlorfenapyr 20g/l + Hexythiazox 80g/l EC,"Agrinova Cropcare Pte.,Ltd.","Wi Sar Ra International Co.,Ltd.",P2018-2941,Approved
Mimic 20 SC,Tebufenozide 20% SC,"Nippon Soda Co.,Ltd.","Sumitomo Corporation Co.,Ltd.",P2019-1886,Approved
Min Ye 25 EC,Beta-cypermethrin 5% + Profenofos 20% EC,"Agrinova Cropcare Pte.,Ltd.","Wi Sar Ra International Co.,Ltd.",P2018-4334,Approved
Mitacide,Amitraz 20%w/v EC,The Erawan Agricultural Chemical,Aventine Limited,P2017-3724,Approved
MOE KYOE 8.0 ME,Chlorfenapyr 8% ME,Guangxi Tianyuan Biochemistry Co,"Arvis Cropscience Co.,Ltd.",P2018-4100,Approved
Mone Tie 1 EC,Emamectin Benzoate 1% EC,GuangDong ZhenGe Biotechnolog,"Myanmar Golden Byter Co.,Ltd.",P2018-4112,Approved
Moshini 200 WP,Dinotefuran 200g/kg WP,"Eastchem Co.,Ltd.","Myanmar Awba Group Co.,Ltd.",P2017-3485,Approved
Movento 240 SC,Spirotetramat 240g/l SC,Bayer AG,"Myanmar Golden Farm Co.,Ltd.",P2019-2349,Approved
Mycol 40 EC,Dimethoate 40% EC,Hanearl Science Ltd.,"Royal Distribution Co.,Ltd.",P2017-3984,Approved
Myuin Gyaung 5% ME,Emamectin Benzoate 5% ME,"Jiangsu Fengshan Group Co.,Ltd.","Su Lee Pyaung Trading Co.,Ltd.",P2019-4672,Approved
NAB-Acetamiprid,Acetamiprid 97% TC,Shandong Topagri Limited (China),"Agriman Myanmar Co.,Ltd.",P2021-5248,Approved
NAB-Blade 250 WG,Thiamethoxam 25% WG,Zibo NAB Agrochemicals Limited,"Topagri Myanmar Co.,Ltd.",2016-3259,Approved
NAB-Carbodan 20 EC,Carbosulfan 20% EC,Zibo NAB Agrochemicals Limited,"Topagri Myanmar Co.,Ltd.",P2017-3418,Approved
NAB-Coating 350 FS,Thiamethoxam 35% FS,Zibo NAB Agrochemicals Limited,"Topagri Myanmar Co.,Ltd.",2016-3260,Approved
NAB-Done Pyan 10 SC,Chlorfenapyr 10% SC,Zibo NAB Agrochemicals Limited,"Topagri Myanmar Co.,Ltd.",P2018-4076,Approved
NAB-Emamectin Benzoate,Emamectin Benzoate 73% TC,Zibo NAB Agrochemicals Limited,"Agriwest Myanmar Co.,Ltd.",P2018-4493,Approved
NAB-Guard 70 WP,Nitenpyram 20% + Pymetrozine 50% WP,Zibo NAB Agrochemicals Limited,"Topagri Myanmar Co.,Ltd.",P2019-3416,Approved
NAB-Htate Tan 10 EC,Bifenthrin 10% EC,Zibo NAB Agrochemicals Limited,"Topagri Myanmar Co.,Ltd.",P2018-4077,Approved
NAB-Super Queen 20 SP,Acetamiprid 20% SP,Zibo NAB Agrochemicals Limited,"Topagri Myanmar Co.,Ltd.",P2018-4078,Approved
NAB-Thiamethoxam,Thiamethoxam 97% TC,Shandong Topagri Limited (China),"Agriman Myanmar Co.,Ltd.",P2021-5246,Approved
NAB-Warrior,Fipronil 5% SC,Zibo NAB Agrochemicals Limited,"Topagri Myanmar Co.,Ltd.",2016-3262,Approved
Nagarjuna Mida,Imidacloprid 17.8%w/w SL,NACL Industries Limited,Marlarmyaing Public Company,2015-2461,Approved
Nano 46 G,Abamectin 0.2% + Cartap 4% + Thiamethoxam 0.4% G,"Optimus Agri-Tech Pte.,Ltd.","Myanmar Kaung Thu Kha Co.,Ltd.",P2018-2701,Approved
Nghet Poe Kite 5% ME,Emamectin Benzoate 5% ME,"Anhui Fengle Agrochemical Co.,Ltd.","Lucky Great Co.,Ltd.",P2020-5196,Approved
Nicely Victor 3 WG,Emamectin Benzoate 3% WG,Biogen Crop Science Limited,"Myanmar Nicely Crop Science Co.,Ltd.",P2017-3739,Approved
Nine Plus,Diazinon 10% G,Wenzhou Lucheng Dongyu Dyestuff,"Agro Frey Co.,Ltd.",P2017-3622,Approved
No One 700 WP,Dinotefuran 20% + Pymetrozine 50% WP,"Agrinova Cropcare Pte.,Ltd.","Wi Sar Ra International Co.,Ltd.",P2018-2414,Approved
No Two 25 WP,Acetamiprid 15% + Lambda-cyhalothrin 10% WP,"Agro Star Pte.,Ltd.","Min Mahaw Co.,Ltd.",P2018-2298,Approved
NPS Easy,Dichlorvos 90% SL,Shenzhen Noposion Agrochemical,"Myanmar Wai Fung Agriculture Co.,Ltd.",P2018-4268,Approved
NPS Sentry,Deltamethrin 2.5% WP,Shenzhen Noposion Agrochemical,"Myanmar Wai Fung Agriculture Co.,Ltd.",P2018-4267,Approved
Nuclear 50 EC,Profenofos 50% EC,"Agro Icon Cropscience Pte.,Ltd.","Aka Yarzar Co.,Ltd.",P2018-4138,Approved
Nwarr Gyaung 10% SC,Chlorfenapyr 10% SC,"Jiangsu Fengshan Group Co.,Ltd.","Su Lee Pyaung Trading Co.,Ltd.",P2020-5038,Approved
NX EMA,Emamectin Benzoate 2% EC,"Hebei Ruibaode Bio-Chemical Co.,Ltd.","Myanmar Golden Byter Co.,Ltd.",P2019-4655,Approved
OMI 25 WDG,Thiamethoxam 25% WDG,"Beijing Multigrass Formulation Co.,Ltd.","Our Farm Co.,Ltd.",P2018-4316,Approved
Omite 57 EW,Propargite 57% EW,Arysta LifeScience Netherlands B.V.,"Myanmar Arysta LifeScience Co.,Ltd.",P2017-3442,Approved
OSCAR 375 SC,Thiodicarb 375% SC,My Golden Crop Enterprise,"Golden Rocket Co.,Ltd.",2015-2452,Approved
Over 5 WDG,Emamectin Benzoate 5% WDG,Shandong Topagri Limited,"Our Farm Co.,Ltd.",P2019-4624,Approved
OVERLORD 20 WG,Dinotefuran 20% WG,"Beijing Multigrass Formulation Co.,Ltd.","Baigreen Crop Science Co.,Ltd.",P2018-4332,Approved
OzoGro,Azadirachtin 1% EC,Ozone Biotech Sinteved Products,"United Nilar Agribusiness Co.,Ltd.",P2017-3592,Approved
Pa Sein 100 WP,Emamectin Benzoate 2% + Flubendiamide 8% WP,"Chrysalis Crop Pte.,Ltd.","Myanmar Awba Group Co.,Ltd.",P2018-2237,Approved
Pampas 25 WP,Buprofezin 25% WP,Hextar Chemicals Sdn.Bhd.,"Wah Wah Agricultural Chemical Co.,Ltd.",P2020-5006,Approved
Pan Tie 15 SC,Indoxacarb 15% SC,Xuzhou Fengwei Chemical Factory,"Friends' Helper Co.,Ltd.",P2020-5037,Approved
Pandan 70 WDG,Chlorfenapyr 2% + Emamectin benzoate 5% WDG,"Eastchem Co.,Ltd.","Myanmar Kaung Thu Kha Co.,Ltd.",P2018-2662,Approved
Permit 80 SP,Acephate 50% + Monosultap 30% SP,"Optimus Agri-Tech Pte.,Ltd.","Myanmar Kaung Thu Kha Co.,Ltd.",P2020-2982,Approved
Phantom 240 SC,Chlorfenapyr 21.44%w/w SC,"BASF South-East Asia Pte.,Ltd.",Golden Lion High Tech Agric,2016-3047,Approved
Phos Mycin 75 WP,Cyromazine 75% WP,Shaanxi Microbe Biotechnology Co,"THU THU HEIN Co.,Ltd.",P2018-4098,Approved
Phyote King 500 EC,Cypermethrin 50g/l + Fenobucarb 450g/l EC,"AgriGate CropSciences Pte.,Ltd.","Myanma Awba Group Co.,Ltd.",P2018-2877,Approved
Pin Sein Lamectin 25 WP,Emamectin Benzoate 10% + Lambda-cyhalothrin 15% WP,"ITMG Singapore Pte.,Ltd.",Bloom Trading & Manufacturing,P2018-4291,Approved
Pin Sein Lamiprid 25 WP,Acetamiprid 20% + Lambda-cyhalothrin 5% WP,"ITMG Singapore Pte.,Ltd.",Bloom Trading & Manufacturing,P2018-4292,Approved
Plenum 50 WG,Pymetrozine 50% WG,Syngenta Crop Protection Ltd.,"Myanma Awba Group Co.,Ltd.",P2019-2656,Approved
Poe Master 35 EC,Thiamethoxam 35% EC,"Agro Icon Cropscience Pte.,Ltd.","Aka Yarzar Co.,Ltd.",P2018-4139,Approved
Poe Minthar 5 WDG,Emamectin Benzoate 5% WDG,"Agro Icon Cropscience Pte.,Ltd.","Aka Yarzar Co.,Ltd.",P2018-4155,Approved
Poe Star,Thiamethoxam 35% SC,"Agro Icon Cropscience Pte.,Ltd.","Marga Min Co.,Ltd.",P2020-5087,Approved
Poe Yazar,Beta-Cypermethrin 5% + Profenofos 20% EC,"Agro Icon Cropscience Pte.,Ltd.","Aka Yarzar Co.,Ltd.",P2020-5089,Approved
Power-Breath,Profenofos 50% EC,"Shandong Newpower Biotech Co.,Ltd.",Diamond Light International,P2019-4679,Approved
Power-Cell-1,Acetamiprid 20% SP,"Shandong Newpower Biotech Co.,Ltd.","Myanmar Golden Byter Co.,Ltd.",P2019-4593,Approved
Power-Cell-2,Acetamiprid 40% WDG,"Shandong Newpower Biotech Co.,Ltd.","Myanmar Golden Byter Co.,Ltd.",P2019-4592,Approved
Pre Grow,Acetamiprid 20% SL,Shaanxi Microbe Biotechnology Co,"THU THU HEIN Co.,Ltd.",P2018-4199,Approved
Profenofos Technical,Profenofos Technical,Asiatic Agricultural Industries Pte.,Asiatic Agricultural Industries,2016-3222,Approved
Profex Super,Cypermethrin 4% + Profenofos 40% EC,NACL Industries Limited,Marlarmyaing Public Company,2015-2460,Approved
Program,Emamectin Benzoate 2.0% ME,Universal Agro Company Limited,"Seven Tigers Trading Co.,Ltd.",P2019-4535,Approved
Protreat 700 WG,Imidacloprid 700g/kg WG,"Rotam Agrochemical Co.,Ltd.",Network Marketing Limited,2015-2581,Approved
Punto Plus 35 WG,Imidacloprid 25% + Lambda-cyhalothrin 10% WG,Shandong Weifang Rainbow Chem,"Rainbow Agrosciences Co.,Ltd.",P2019-2500,Approved
Pyaing Bact King 5.0 EC,Acetamiprid 5.0% EC,Guangxi Tianyuan Biochemistry Co,"Arvis Cropscience Co.,Ltd.",P2019-4580,Approved
PyDi 700 WDG,Nitenpyram 20% + Pymetrozine 50% WDG,"AgriGate CropSciences Pte.,Ltd.","Myanma Awba Group Co.,Ltd.",P2017-2228,Approved
Pyridaben TG 95%,Pyridaben TG 95%,"AgriGate CropSciences Pte.,Ltd.","Myanma Awba Group Co.,Ltd.",P2017-3458,Approved
Ralist,Acetamiprid 20% SL,"Shaanxi Biogen Crop Science Co.,Ltd.","Myanmar Wai Fung Agriculture Co.,Ltd.",P2020-5008,Approved
RDF Assault,Deltamethrin 2.5% ME,Dongguan Ruidefeng Biotechnology,"Myanmar Wai Fung Agriculture Co.,Ltd.",P2018-4437,Approved
RDF Guard,Bifenthrin 100g/l EC,Dongguan Ruidefeng Biotechnology,"Myanmar Wai Fung Agriculture Co.,Ltd.",P2018-4460,Approved
RDF Predator,Thiamethoxam 25% WG,Dongguan Ruidefeng Biotechnology,"Myanmar Wai Fung Agriculture Co.,Ltd.",P2018-4266,Approved
RDF Replacer,Bifenthrin 10% EW,Dongguan Ruidefeng Biotechnology,"Myanmar Wai Fung Agriculture Co.,Ltd.",P2018-4459,Approved
RDF Roarer,Chlorfenapyr 100g/l SC,Guangdong Haode Crop Science Co,"Myanmar Wai Fung Agriculture Co.,Ltd.",P2018-4435,Approved
RDF Skynet,Buprofezin 25% WP,Dongguan Ruidefeng Biotechnology,"Myanmar Wai Fung Agriculture Co.,Ltd.",P2018-4438,Approved
Red Shark 5 WDG,Emamectin Benzoate 5% WDG,Shandong Topagri Limited,"Topagri Myanmar Co.,Ltd.",P2019-4608,Approved
Redwood 10 EC,Bifenthrin 10% EC,Hextar Chemicals Sdn.Bhd.,"Wah Wah Agricultural Chemical Co.,Ltd.",P2020-5019,Approved
Reno,Thiamethoxam 35% FS,UPL Limited,"Myanmar Arysta LifeScience Co.,Ltd.",2016-3219,Approved
Renova,Thiamethoxam 25% WG,UPL Limited,"Vanida Myanmar Co.,Ltd.",2015-1281,Approved
Roadmap,Fipronil 5% SC,"Uniprima Co.,Ltd.","Min Mahaw Co.,Ltd.",2015-2622,Approved
Ronfos 550 EC,Lufenuron 50g/l + Profenofos 500g/l EC,Shandong Weifang Rainbow Chem,"Charoen Porphand Produce Co.,Ltd.",P2019-3110,Approved
Ruidong Fist 70 WDG,Imidacloprid 70% WDG,"Jiangsu Ruidong Pesticide Co.,Ltd.",Diamond Light International,P2017-4058,Approved
Ruidong Kongfu 2.5 EC,Lambda-cyhalothrin 25g/l EC,"Jiangsu Ruidong Pesticide Co.,Ltd.",Diamond Light International,P2017-4059,Approved
Ruran 20 WP,Dinotefuran 20% WP,"Sinamyang Group Pte.,Ltd.","Asian Crops Global Co.,Ltd.",P2017-4053,Approved
Sanchez 5 SC,Fipronil 5% SC,"Thep Watana Co.,Ltd.","SASA International Co.,Ltd.",P2017-3599,Approved
Santis,Acetamiprid 20% SL,"Thep Watana Co.,Ltd.","SASA International Co.,Ltd.",P2020-5079,Approved
Seinn Ever Green 5 WDG,Emamectin Benzoate 5% WDG,"Nanjing Bestgreen Chemical Co.,Ltd.","Seinn Ywetnu Co.,Ltd.",P2019-4682,Approved
Seinn Knockout 25 WDG,Thiamethoxam 25% WDG,"Nanjing Bestgreen Chemical Co.,Ltd.","Seinn Ywetnu Co.,Ltd.",P2019-4768,Approved
S-Fighter,Nitenpyram 20% + Pymetrozine 50% WDG,Zibo NAB Agrochemicals Limited,"Agro Power Co.,Ltd.",P2020-4383,Approved
Shal Khru,Carbaryl 1.5% + Metaldehyde 4.5% G,Makro Chemical,"Golden Key Co.,Ltd.",P2020-3526,Approved
Sharword 240 SC,Spiromesifen 24% SC,"UPI Cropscience Co.,Ltd.","Close Friend Co.,Ltd.",P2018-4331,Approved
Shin Mida,Imidacloprid 20% WP,"Shanghai Topchems Industry Co.,Ltd.","Agro Power Co.,Ltd.",2016-3237,Approved
Shinn 375 SC,Thiodicarb 37.5% SC,"Agro Star Pte.,Ltd.","Min Mahaw Co.,Ltd.",2013-1748,Approved
SHOOT DOWN 5% WDG,Emamectin Benzoate 50g/kg WDG,"Paragon AgroChem Pte.,Ltd.","Min Galar Hinnthar Co.,Ltd.",P2018-4108,Approved
Shwe Ace,Acephate 75% SP,Makro Chemical,"Golden Key Co.,Ltd.",P2017-3532,Approved
Shwe Bendarzole,Deltamethrin 5% + Emamectin Benzoate 5% EC,Makro Chemical,"Golden Key Co.,Ltd.",P2019-2020,Approved
Shwe Cyper,Cypermethrin 10% EC,Makro Chemical,"Golden Key Co.,Ltd.",P2017-3494,Approved
Shwe Indo,Indoxacarb 15% SC,Makro Chemical,"Golden Key Co.,Ltd.",P2019-4521,Approved
Shwe Kharu,Metaldehyde 1% + Niclosamide ethanolamine salt 25% SC,Makro Chemical,"Golden Key Co.,Ltd.",P2018-1671,Approved
Shwe Sun Fan,Carbosulfan 20% EC,Makro Chemical,"Golden Key Co.,Ltd.",P2018-4105,Approved
Shwe Suntap,Cartap 50 % SP,Makro Chemical,"Golden Key Co.,Ltd.",P2017-3491,Approved
Shwe Tamar (Neem Oil),Azadirachtin 0.2% OD,"Myanmar Golden Crop Co.,Ltd.","Myanmar Golden Crop Co.,Ltd.",P2018-4443,Approved
Shwe Tamar (Neem Pesticide),Azadirachtin 0.5% SC,"Myanmar Golden Crop Co.,Ltd.","Myanmar Golden Crop Co.,Ltd.",P2018-4442,Approved
Shwe Taung Thu Celphos 5,Aluminium Phosphide 56% TB,"Bing Hui Pte.,Ltd.","Shwe Thit Oo Co.,Ltd.",P2019-4561,Approved
Shwe Yan Kinn,Emamectin Benzoate 0.6% + Lambda-cyhalothrin 2% ME,Shenzhen Noposion Agrochemical,"Myanmar Wai Fung Agriculture Co.,Ltd.",P2018-1930,Approved
Shwetaungthu Cartap 95 V,Cartap Hydrochloride 95% WP,"Bing Hui Pte.,Ltd.","Shwe Thit Oo Co.,Ltd.",P2017-3360,Approved
Shwetaungthu Cyperfos 44,Cypermethrin 4% + Profenofos 40% EC,"Bing Hui Pte.,Ltd.","Shwe Thit Oo Co.,Ltd.",P2017-3363,Approved
SIG BOE 20 WDG,Thiamethoxam 20% WDG,"Agro Star Pte.,Ltd.","Min Mahaw Co.,Ltd.",P2018-4072,Approved
Silo Mate,Aluminium Phosphide 56% TB,Shandong Shengpeng Technology,"Green Island Trading Co.,Ltd.",P2019-4767,Approved
Sinacype 10 EC,Cypermethrin 10% EC,"Sinamyang Group Pte.,Ltd.","Golden Rocket Co.,Ltd.",P2017-3907,Approved
Sinafat 75 SP,Acephate 75% SP,"Sinamyang Group Pte.,Ltd.","Aka Yarzar Co.,Ltd.",P2017-3897,Approved
Sinamida 10 WP,Imidacloprid 10% WP,"Sinamyang Group Pte.,Ltd.","Golden Rocket Co.,Ltd.",P2017-3911,Approved
Sino-Dino,Dinotefuran 200g/kg WDG,"Sino-Agri Leading Biosciences Co.,Ltd.","Anawrahta Production Co.,Ltd.",P2017-3795,Approved
Sino-Ema 2.3% EC,Emamectin Benzoate 2.3% EC,"Sino-Agri Leading Biosciences Co.,Ltd.","Anawrahta Production Co.,Ltd.",P2017-3796,Approved
Sino-Fezin 25% WP,Buprofezin 25% WP,"Sino-Agri Leading Biosciences Co.,Ltd.","Anawrahta Production Co.,Ltd.",P2017-3793,Approved
Sino-Lambda 25g/l EC,Lambda-cyhalothrin 25g/l EC,"Sino-Agri Leading Biosciences Co.,Ltd.","Anawrahta Production Co.,Ltd.",P2017-3800,Approved
Sino-Lambdaxam,Lambda-cyhalothrin 106g/l + Thiamethoxam 141g/l SC,"Sino-Agri Leading Biosciences Co.,Ltd.","Anawrahta Production Co.,Ltd.",P2017-3799,Approved
Sino-Mactin 18g/l EC,Abamectin 18g/l EC,"Sino-Agri Leading Biosciences Co.,Ltd.","Anawrahta Production Co.,Ltd.",P2017-3791,Approved
Sino-xacarb,Indoxacarb 150g/l SC,"Sino-Agri Leading Biosciences Co.,Ltd.","Anawrahta Production Co.,Ltd.",P2017-3797,Approved
Sinta 20 SP,Acetamiprid 20% SP,"Sinamyang Group Pte.,Ltd.","Golden Rocket Co.,Ltd.",P2017-3898,Approved
Siren 200 SP,Acetamiprid 20% SP,Jingbo Agrochemicals Technology,"Myanmar Golden Byter Co.,Ltd.",P2019-4653,Approved
S-KILL,Aluminium Phosphide 560g/kg Tablet,"Anhui Santo Chemical Co.,Ltd.",Myanmar Golden Sun Crop,P2019-4572,Approved
SLICE DOWN 25% WDG,Thiamethoxam 25% WDG,"Paragon AgroChem Pte.,Ltd.","Min Galar Hinnthar Co.,Ltd.",P2018-4107,Approved
Smart 80 WG,Fipronil 80% WG,"Sinamyang Group Pte.,Ltd.","Evogro Co.,Ltd.",P2017-4036,Approved
SMART DOWN 50 EC,Profenofos 50% EC,"Paragon AgroChem Pte.,Ltd.","Min Galar Hinnthar Co.,Ltd.",P2018-4109,Approved
Sniper 25% WDG,Thiamethoxam 25% WDG,"Agro Nature Land Cropsciences Pte.,Ltd.","Agro Green Land Chemical Co.,Ltd.",P2018-4374,Approved
Sone Xing,Thiamethoxam 25% WDG,Shijiazhuang Xingbai Bioengineering,Diamond Light International,P2018-4273,Approved
Sorento 1.8 EC,Abamectin 1.8% EC,Hanearl Science Ltd.,"Royal Distribution Co.,Ltd.",P2017-3976,Approved
Special One 15 WDG,Emamectin Benzoate 5% + Lambda-cyhalothrin 10% WDG,"Syntech International Co.,Ltd.","Farm Link Co.,Ltd.",P2017-3377,Approved
Spena,Chlorfenapyr 30% SC,Dongguan Ruidefeng Biotechnology,"Myanmar Wai Fung Agriculture Co.,Ltd.",P2020-4964,Approved
Starkle G,Dinotefuran 1% G,"Sotus International Co.,Ltd.","Min Mahaw Co.,Ltd.",P2017-3989,Approved
Stout 15 EC,Pyridaben 150g/l EC,Asiatic Agricultural Industries Pte.,Asiatic Agricultural Industries,P2017-3752,Approved
Strength 250 WP,Diflubenzuron 25% WP,Jingbo Agrochemicals Technology,"Myanmar Golden Byter Co.,Ltd.",P2020-4866,Approved
STUNT 250 SC,Buprofezin 250g/l SC,Asiatic Agricultural Industries Pte.,"Y Agro Solution Co.,Ltd.",P2018-4391,Approved
Style,Esfenvalerate 5% EC,"Jiangsu Greenscie Chemical Co.,Ltd.","Agro Frey Co.,Ltd.",P2017-3613,Approved
Sucking Cial 700 WDG,Nitenpyram 20% + Pymetrozine 50% WDG,"Syntech International Co.,Ltd.","Farm Link Co.,Ltd.",P2020-4485,Approved
Sunrise Abamectin 1.8 EC,Abamectin 1.8%w/v EC,"Sunrise Agro Chemicals Pte.,Ltd.",Myanmar Han Yadanar Man,2015-2918,Approved
Sunrise Acephate 75 SP,Acephate 75% SP,"Sunrise Agro Chemicals Pte.,Ltd.",Myanmar Han Yadanar Man,2015-2919,Approved
Sunrise Aceta 20 SL,Acetamiprid 20% SL,"Sunrise Agro Chemicals Pte.,Ltd.",Myanmar Han Yadanar Man,2015-2920,Approved
Sunrise Acetapronil 40% W,Acetamiprid 20% + Fipronil 20% WDG,"Sunrise Agro Chemicals Pte.,Ltd.",Myanmar Han Yadanar Man,P2017-3634,Approved
Sunrise Amitraz 20% EC,Amitraz 20%w/v EC,"Sunrise Agro Chemicals Pte.,Ltd.",Myanmar Han Yadanar Man,2015-2921,Approved
Sunrise BMC 50 EC,BPMC Fenobucarb 50% EC,"Sunrise Agro Chemicals Pte.,Ltd.","Wah Wah Agricultural Chemical Co.,Ltd.",P2018-4303,Approved
Sunrise Carbosulfan 20% E,Carbosulfan 20%w/v EC,"Sunrise Agro Chemicals Pte.,Ltd.",Myanmar Han Yadanar Man,2015-2923,Approved
Sunrise Cartap 50 SP,Cartap Hydrochloride 50% SP,"Sunrise Agro Chemicals Pte.,Ltd.",Myanmar Han Yadanar Man,P2017-3636,Approved
Sunrise Furan 20 WDG,Dinotefuran 20% WDG,"Sunrise Agro Chemicals Pte.,Ltd.","Wah Wah Agricultural Chemical Co.,Ltd.",P2018-4304,Approved
Sunrise Indolam 20 SC,Indoxacarb 17% + Lambda-cyhalothrin 3% SC,"Sunrise Agro Chemicals Pte.,Ltd.",Myanmar Han Yadanar Man,P2020-3864,Approved
Sunrise Profos 50 EC,Profenofos 50% EC,"Sunrise Agro Chemicals Pte.,Ltd.",Myanmar Han Yadanar Man,2015-2927,Approved
Sunrise Prolam 64 EC,Lambda-cyhalothrin 4.8%w/w + Profenofos 60%w/w EC,"Sunrise Agro Chemicals Pte.,Ltd.",Myanmar Han Yadanar Man,P2020-3865,Approved
Super 4 G,Cartap Hydrochloride 4% G,"Bing Hui Pte.,Ltd.","Shwe Thit Oo Co.,Ltd.",P2017-3359,Approved
Super Chlocype 7.2 EC,Abamectin 3.6% + Lambda-cyhalothrin 3.6% EC,"Optimus Agri-Tech Pte.,Ltd.","Myanmar Kaung Thu Kha Co.,Ltd.",P2018-2706,Approved
Super Imida 10 WP,Imidacloprid 10% WP,"Shanghai Forever Chemical Co.,Ltd",Myanmar Golden Sun Crop,P2017-4018,Approved
Super Nofos,Profenofos 50% EC,Makro Chemical,"Golden Key Co.,Ltd.",P2021-5255,Approved
SUPER YAMI,Imidacloprid 10% WP,"Bailing Agrochemical Co.,Ltd.",Agro Green Land Chemical,P2017-3553,Approved
Super-Ema 5% WDG,Emamectin Benzoate 5% WDG,"Thinkagro Co.,Ltd.","Myanmar Golden Byter Co.,Ltd.",P2018-4065,Approved
Super-Thia 25% WDG,Thiamethoxam 25% WDG,"Thinkagro Co.,Ltd.","Myanmar Golden Byter Co.,Ltd.",P2018-4064,Approved
Surge 5 EC,Abamectin 5% EC,"Kingtai Chemicals Co.,Ltd.","Kingtai Myanmar Co.,Ltd.",2016-3295,Approved
Tacomi 24 WG,Flubendiamide 24% WG,"Sinamyang Group Pte.,Ltd.","Asian Crops Global Co.,Ltd.",P2017-4037,Approved
Tam,Thiamethoxam 250g/kg WG,Shandong United Pesticide Indust,"Shwe Dana Min Co.,Ltd.",P2018-4270,Approved
Tan Kho Shin 240 SC,Chlorfenapyr 240g/l SC,Xuzhou Fengwei Chemical Factory,Myanmar Golden Sun Crop,P2020-4959,Approved
Temeguard 1% SG,Temephos 1%w/w SG,"ICP Ladda Co.,Ltd.",Eternal Victory General Trading,2015-2790,Approved
Tender 24.7 SC,Lambda-cyhalothrin 10.6% + Thiamethoxam 14.1% SC,"Syntech International Co.,Ltd.","Farm Link Co.,Ltd.",P2017-3382,Approved
Tenoxsu,Thiamethoxam 21% SC,Liuzhou Huinong Chemical Industry,"Myanmar Kete Co.,Ltd.",P2019-4652,Approved
Thame 80 WP,Fipronil 20% + Imidacloprid 60% WP,"AgriGate CropSciences Pte.,Ltd.","Myanma Awba Group Co.,Ltd.",P2020-3467,Approved
Than Lat Tee,Thiamethoxam 25% WG,Shandong Topagri Limited,"Y Agro Solution Co.,Ltd.",P2018-4079,Approved
TH-Arr Pay 10 EC,Bifenthrin 10% EC,Tonghua Pesticide Chemical Indus,"Friends' Helper Co.,Ltd.",P2020-5074,Approved
The Next 5 WG,Emamectin Benzoate 5% WG,"Thep Watana Co.,Ltd.","SASA International Co.,Ltd.",P2017-3598,Approved
Thiame,Thiamethoxam 21% SC,Shandong United Pesticide Indust,"Shwe Sike Khinn Co.,Ltd.",P2018-5117,Approved
Thor 247 SC,Lambda-cyhalothrin 106g/l + Thiamethoxam 141g/l SC,"Shanghai Forever Chemical Co.,Ltd",Myanmar Golden Sun Crop,2016-3332,Approved
Thunderbolt 25 WDG,Thiamethoxam 25% WDG,"Kingtai Chemicals Co.,Ltd.","Kingtai Myanmar Co.,Ltd.",2016-3305,Approved
THURIA 80 SP,Acephate 50% + Monosultap 30% SP,"Agrinova Cropcare Pte.,Ltd.","Wi Sar Ra International Co.,Ltd.",P2018-2406,Approved
TH-Yan Kinn 37.5 SC,Thiodicarb 37.5% SC,Tonghua Pesticide Chemical Indust,"Friends' Helper Co.,Ltd.",P2020-5020,Approved
TH-Yan Shin 25 WG,Thiamethoxam 25% WG,Tonghua Pesticide Chemical Indust,"Friends' Helper Co.,Ltd.",P2020-4963,Approved
Tide-Delta 2.5 EC,Deltamethrin 2.5% EC,"Zhejiang Tide Cropscience Co.,Ltd.","Seinn Lae Thwin Co.,Ltd.",P2020-4867,Approved
TOD 40 SC,Thiodicarb 40% SC,"Syntech International Co.,Ltd.","Farm Link Co.,Ltd.",P2018-4476,Approved
Toe Pwar Ku 4.5 EC,Beta-cypermethrin 4.5% EC,Guangxi Tianyuan Biochemistry Co,"Arvis Cropscience Co.,Ltd.",P2019-4581,Approved
Tomahawk 25 EC,Lambda-cyhalothrin 25g/l EC,"Shanghai Forever Chemical Co.,Ltd",Myanmar Golden Sun Crop,2016-3336,Approved
Top 24.7 SC,Lambda-cyhalothrin 10.6% + Thiamethoxam 14.1%SC,"Bing Hui Pte.,Ltd.","Shwe Thit Oo Co.,Ltd.",P2017-3365,Approved
Top Killer 25% SC,Pymetrozine 25% SC,GuangDong ZhenGe Biotechnolog,"Myanmar Golden Byter Co.,Ltd.",P2020-4066,Approved
Top-Carbsect 20 EC,Carbosulfan 20% EC,"Shanghai Topchems Industry Co.,Ltd","Agriman Myanmar Co.,Ltd.",P2017-3410,Approved
Top-Cyper 10 EC,Cypermethrin 10% EC,"Shanghai Topchems Industry Co.,Ltd","Agriman Myanmar Co.,Ltd.",2016-3236,Approved
Top-Force 15 WP,Emamectin Benzoate 5% + Lambda-cyhalothrin 10% WP,"Shanghai Topchems Industry Co.,Ltd","Agro Power Co.,Ltd.",P2017-3405,Approved
Top-Padan 50 SP,Cartap 50% SP,"Shanghai Topchems Industry Co.,Ltd","Agro Power Co.,Ltd.",P2017-3400,Approved
Top-Prince 50 SC,Fipronil 50g/l SC,"Shanghai Topchems Industry Co.,Ltd","Agriman Myanmar Co.,Ltd.",P2017-3411,Approved
Top-Raid 75 SP,Acephate 75% SP,"Shanghai Topchems Industry Co.,Ltd","Agro Power Co.,Ltd.",2016-3234,Approved
Torac 15 EC,Tolfenpyrad 15% EC,"Nihon Nohyaku Co.,Ltd.",Myanmar Arysta LifeScience,P2019-3444,Approved
TRIPLE NINE PLUS 5% EC,Emamectin Benzoate 5% EC,"Grade Laojun Chemical Co.,Ltd.","Yoon Yoon Agro Co.,Ltd.",P2018-4475,Approved
TRIPLE TWO 5% WDG,Emamectin Benzoate 5% WDG,"Grade Laojun Chemical Co.,Ltd.","Yoon Yoon Agro Co.,Ltd.",P2018-4474,Approved
Trustco Aphidcure 5 EC,Acetamiprid 5% EC,Jiangxi Zhongxun Agrochemical Co,Myanmar Golden Sun Crop,P2019-4556,Approved
Trustco Profens 40 EC,Profenofos 40% EC,Jiangxi Zhongxun Agrochemical Co,Myanmar Golden Sun Crop,P2018-4271,Approved
Trustco Spidekiller 20 WP,Pyridaben 20% WP,Jiangxi Zhongxun Agrochemical Co,Myanmar Golden Sun Crop,P2019-4532,Approved
Ultimate 10 SC,Alpha-Cypermethrin 100g/l SC,Asiatic Agricultural Industries Pte.,"Y Agro Solution Co.,Ltd.",P2018-4462,Approved
Mike OK 100 EC,Chlorfenapyr 20g/l + Hexythiazox 80g/l EC,"Agrinova Cropcare Pte.,Ltd.","Wi Sar Ra International Co.,Ltd.",P2018-2941,Approved
Mimic 20 SC,Tebufenozide 20% SC,"Nippon Soda Co.,Ltd.","Sumitomo Corporation Co.,Ltd.",P2019-1886,Approved
Min Ye 25 EC,Beta-cypermethrin 5% + Profenofos 20% EC,"Agrinova Cropcare Pte.,Ltd.","Wi Sar Ra International Co.,Ltd.",P2018-4334,Approved
Mitacide,Amitraz 20%w/v EC,The Erawan Agricultural Chemical,Aventine Limited,P2017-3724,Approved
MOE KYOE 8.0 ME,Chlorfenapyr 8% ME,Guangxi Tianyuan Biochemistry Co,"Arvis Cropscience Co.,Ltd.",P2018-4100,Approved
Mone Tie 1 EC,Emamectin Benzoate 1% EC,GuangDong ZhenGe Biotechnolog,"Myanmar Golden Byter Co.,Ltd.",P2018-4112,Approved
Moshini 200 WP,Dinotefuran 200g/kg WP,"Eastchem Co.,Ltd.","Myanmar Awba Group Co.,Ltd.",P2017-3485,Approved
Movento 240 SC,Spirotetramat 240g/l SC,Bayer AG,"Myanmar Golden Farm Co.,Ltd.",P2019-2349,Approved
Mycol 40 EC,Dimethoate 40% EC,Hanearl Science Ltd.,"Royal Distribution Co.,Ltd.",P2017-3984,Approved
Myuin Gyaung 5% ME,Emamectin Benzoate 5% ME,"Jiangsu Fengshan Group Co.,Ltd.","Su Lee Pyaung Trading Co.,Ltd.",P2019-4672,Approved
NAB-Acetamiprid,Acetamiprid 97% TC,Shandong Topagri Limited (China),"Agriman Myanmar Co.,Ltd.",P2021-5248,Approved
NAB-Blade 250 WG,Thiamethoxam 25% WG,Zibo NAB Agrochemicals Limited,"Topagri Myanmar Co.,Ltd.",2016-3259,Approved
NAB-Carbodan 20 EC,Carbosulfan 20% EC,Zibo NAB Agrochemicals Limited,"Topagri Myanmar Co.,Ltd.",P2017-3418,Approved
NAB-Coating 350 FS,Thiamethoxam 35% FS,Zibo NAB Agrochemicals Limited,"Topagri Myanmar Co.,Ltd.",2016-3260,Approved
NAB-Done Pyan 10 SC,Chlorfenapyr 10% SC,Zibo NAB Agrochemicals Limited,"Topagri Myanmar Co.,Ltd.",P2018-4076,Approved
NAB-Emamectin Benzoate,Emamectin Benzoate 73% TC,Zibo NAB Agrochemicals Limited,"Agriwest Myanmar Co.,Ltd.",P2018-4493,Approved
NAB-Guard 70 WP,Nitenpyram 20% + Pymetrozine 50% WP,Zibo NAB Agrochemicals Limited,"Topagri Myanmar Co.,Ltd.",P2019-3416,Approved
NAB-Htate Tan 10 EC,Bifenthrin 10% EC,Zibo NAB Agrochemicals Limited,"Topagri Myanmar Co.,Ltd.",P2018-4077,Approved
NAB-Super Queen 20 SP,Acetamiprid 20% SP,Zibo NAB Agrochemicals Limited,"Topagri Myanmar Co.,Ltd.",P2018-4078,Approved
NAB-Thiamethoxam,Thiamethoxam 97% TC,Shandong Topagri Limited (China),"Agriman Myanmar Co.,Ltd.",P2021-5246,Approved
NAB-Warrior,Fipronil 5% SC,Zibo NAB Agrochemicals Limited,"Topagri Myanmar Co.,Ltd.",2016-3262,Approved
Nagarjuna Mida,Imidacloprid 17.8%w/w SL,NACL Industries Limited,Marlarmyaing Public Company,2015-2461,Approved
Nano 46 G,Abamectin 0.2% + Cartap 4% + Thiamethoxam 0.4% G,"Optimus Agri-Tech Pte.,Ltd.","Myanmar Kaung Thu Kha Co.,Ltd.",P2018-2701,Approved
Nghet Poe Kite 5% ME,Emamectin Benzoate 5% ME,"Anhui Fengle Agrochemical Co.,Ltd.","Lucky Great Co.,Ltd.",P2020-5196,Approved
Nicely Victor 3 WG,Emamectin Benzoate 3% WG,Biogen Crop Science Limited,"Myanmar Nicely Crop Science Co.,Ltd.",P2017-3739,Approved
Nine Plus,Diazinon 10% G,Wenzhou Lucheng Dongyu Dyestuff,"Agro Frey Co.,Ltd.",P2017-3622,Approved
No One 700 WP,Dinotefuran 20% + Pymetrozine 50% WP,"Agrinova Cropcare Pte.,Ltd.","Wi Sar Ra International Co.,Ltd.",P2018-2414,Approved
No Two 25 WP,Acetamiprid 15% + Lambda-cyhalothrin 10% WP,"Agro Star Pte.,Ltd.","Min Mahaw Co.,Ltd.",P2018-2298,Approved
NPS Easy,Dichlorvos 90% SL,Shenzhen Noposion Agrochemical,"Myanmar Wai Fung Agriculture Co.,Ltd.",P2018-4268,Approved
NPS Sentry,Deltamethrin 2.5% WP,Shenzhen Noposion Agrochemical,"Myanmar Wai Fung Agriculture Co.,Ltd.",P2018-4267,Approved
Nuclear 50 EC,Profenofos 50% EC,"Agro Icon Cropscience Pte.,Ltd.","Aka Yarzar Co.,Ltd.",P2018-4138,Approved
Nwarr Gyaung 10% SC,Chlorfenapyr 10% SC,"Jiangsu Fengshan Group Co.,Ltd.","Su Lee Pyaung Trading Co.,Ltd.",P2020-5038,Approved
NX EMA,Emamectin Benzoate 2% EC,"Hebei Ruibaode Bio-Chemical Co.,Ltd.","Myanmar Golden Byter Co.,Ltd.",P2019-4655,Approved
OMI 25 WDG,Thiamethoxam 25% WDG,"Beijing Multigrass Formulation Co.,Ltd.","Our Farm Co.,Ltd.",P2018-4316,Approved
Omite 57 EW,Propargite 57% EW,Arysta LifeScience Netherlands B.V.,"Myanmar Arysta LifeScience Co.,Ltd.",P2017-3442,Approved
OSCAR 375 SC,Thiodicarb 375% SC,My Golden Crop Enterprise,"Golden Rocket Co.,Ltd.",2015-2452,Approved
Over 5 WDG,Emamectin Benzoate 5% WDG,Shandong Topagri Limited,"Our Farm Co.,Ltd.",P2019-4624,Approved
OVERLORD 20 WG,Dinotefuran 20% WG,"Beijing Multigrass Formulation Co.,Ltd.","Baigreen Crop Science Co.,Ltd.",P2018-4332,Approved
OzoGro,Azadirachtin 1% EC,Ozone Biotech Sinteved Products,"United Nilar Agribusiness Co.,Ltd.",P2017-3592,Approved
Pa Sein 100 WP,Emamectin Benzoate 2% + Flubendiamide 8% WP,"Chrysalis Crop Pte.,Ltd.","Myanmar Awba Group Co.,Ltd.",P2018-2237,Approved
Pampas 25 WP,Buprofezin 25% WP,Hextar Chemicals Sdn.Bhd.,"Wah Wah Agricultural Chemical Co.,Ltd.",P2020-5006,Approved
Pan Tie 15 SC,Indoxacarb 15% SC,Xuzhou Fengwei Chemical Factory,"Friends' Helper Co.,Ltd.",P2020-5037,Approved
Uni-Dinotefuran 20 WDG,Dinotefuran 20%w/w WDG,Union-Agrochem Crop Protection,"Nay Myo Nwe Co.,Ltd.",P2021-5264,Approved
Uni-Indoxacarb 30 SC,Indoxacarb 30%w/v SC,Union-Agrochem Crop Protection,"Nay Myo Nwe Co.,Ltd.",P2021-5284,Approved
Uni-Lufenuron 5 SC,Lufenuron 5%w/v SC,Union-Agrochem Crop Protection,"Nay Myo Nwe Co.,Ltd.",P2021-5263,Approved
Veteran 40 EC,Phoxim 40% EC,"Lier Chemical Co.,Ltd.","Agro Green Land Chemical Co.,Ltd.",P2017-3571,Approved
Virtako 40 WG,Chlorantraniliprole 20% + Thiamethoxam 20% WG,Syngenta Crop Protection Ltd.,"Myanma Awba Group Co.,Ltd.",P2019-2654,Approved
Vitatap 50 SP,Cartap 500g/kg SP,Asiatic Agricultural Industries Pte.,"Y Agro Solution Co.,Ltd.",2016-3223,Approved
VN Napy 24 SC,Chlorfenapyr 24% SC,I.FI Agriculture Techniques Joint Stock,AVM Limited,P2020-5077,Approved
Voliam Targo 063 SC,Abamectin 1.8% + Chlorantraniliprole 4.5%w/v SC,Syngenta Crop Protection Ltd.,"Myanma Awba Group Co.,Ltd.",P2019-3000,Approved
Win Lammer 15 WP,Emamectin Benzoate 5% + Lambda-cyhalothrin 10% WP,"Nanjing Ronch Chemical Co.,Ltd.",Myanmar Win Star International,P2017-3583,Approved
Win Mida 20 WP,Imidacloprid 20% WP,"Nanjing Ronch Chemical Co.,Ltd.",Myanmar Win Star International,P2017-3585,Approved
Xterm Termite Bait,Bistrifluron 1.0%w/w,Sumitomo Chemical (Asia Pacific),Sumitomo Chemical Singapore,2015-1417,Approved
Yamida 70 WG,Imidacloprid 70% WG,"Sinamyang Group Pte.,Ltd.","Golden Rocket Co.,Ltd.",P2017-4040,Approved
Yan Gyi Aung 400 SC,Flubendiamide 20% + Indoxacarb 20% SC,"Chrysalis Crop Pte.,Ltd.","Myanma Awba Group Co.,Ltd.",P2017-2236,Approved
Yankar,Lambda-cyhalothrin 2.5%w/v EC,"Yixing Xingnong Chemical Co.,Ltd.","Agro Frey Co.,Ltd.",P2017-3625,Approved
Yein Nwet Par,Indoxacarb 30% SC,Shandong Jophne Biotechnology Co,"Y Agro Solution Co.,Ltd.",P2018-4461,Approved
Y-Special 7% EC,Emamectin Benzoate 2% + Lambda-cyhalothrin 5% EC,"Yingdee Intertrade Co.,Ltd.","Yupa Dagon Trading Co.,Ltd",P2019-2764,Approved
Y-Special Plus WDG,Emamectin Benzoate 5%w/w WDG,"Yingdee Intertrade Co.,Ltd.","Yupa Dagon Trading Co.,Ltd",P2019-4522,Approved
Ywet Seinn Neem Oil Pesti,Azadirachtin 0.3%w/w SC,Shan Maw Myae Manufacturing Co,Shan Maw Myae Manufacturing,P2019-4575,Approved
Ywet Seinn Neem Pesticide,Azadirachtin 0.75% SC,Shan Maw Myae Manufacturing Co,Shan Maw Myae Manufacturing,P2019-4576,Approved
YYY 2.0% EC,Emamectin Benzoate 2% EC,"Grade Laojun Chemical Co.,Ltd.","Yoon Yoon Agro Co.,Ltd.",P2018-4473,Approved
Zathron 70 WP,Imidacloprid 70% WP,"Agsin Pte.,Ltd.",Zagro Myanmar Limited,2015-2270,Approved
ZB-Free,Emamectin Benzoate 3.4% EW,Jiangxi Zhengbang Crop Protection,Myanmar Shwe Thein Trading,P2018-4265,Approved
ZB-Sniper,Emamectin Benzoate 5.7% WG,Jiangxi Zhengbang Crop Protection,Myanmar Shwe Thein Trading,P2018-4373,Approved
ZB-Success 20% SP,Acetamiprid 20% SP,Jiangxi Zhengbang Crop Protection,Myanmar Shwe Thein Trading,P2019-4800,Approved
Znailmide 70 WP,Niclosamide 70% WP,"Agsin Pte.,Ltd.",Zagro Myanmar Limited,2016-3187,Approved
Sin Yaine,Aluminium phosphide 56%,"Fumitech Industrial Co., Ltd.","Smart Highway Co.,Ltd",P2021-5297,Approved
ZB-Nimble 240 SC,Spirodiclofen 240g/l SC,Jiangxi Zhengbang Crop Protection,"Friends' Helper Co.,Ltd.",P2021-5304,Approved
Pyri 100 EC,Pyriproxyfen 10% EC,"AgriGate CropSciences Pte.,Ltd.","Myanmar Awba Group Co.,Ltd",P2021-5360,Approved
Proxy 100 EC,Pyriproxyfen 10% EC,"Agrinova Cropcare Pte.,Ltd.","Wi Sar Ra International Co.,Ltd.",P2021-5361,Approved
Gold-Aladdin,Flubendiamide 20% WDG,Shandong Weifang Rainbow Chem,Myanmar Golden Sun Crop,P2021-5362,Approved
Pro 9 550 EC,Lufenuron 5% + Profenofos 50% EC,Agro Nature Land Cropsciences Pte,Agro Green Land Chemical,P2021-5363,Approved
Proxyfen 100 EC,Pyriproxyfen 10% EC,"Optimus Agri-Tech Pte.,Ltd.",Myanmar Kaung Thu Kha Co.,P2021-5379,Approved
Sit Thu Gyi 70 WG,Dinotefuran 20% + Pymetrozine 50% WG,Shandong Weifang Rainbow Chem,"Rainbow Agrosciences Co.,Ltd.",P2021-5416,Approved
Amitraz,Amitraz 20%w/w EC,"SPKG Biochem Co.,Ltd.","Many Agrotrade Co.,Ltd.",P2021-5417,Approved
Clever 100 SL,Nitenpyram 10% SL,"Agrinova Cropcare Pte.,Ltd.","Wi Sar Ra International Co.,Ltd.",P2021-5431,Approved
Cho Thar 100 SL,Nitenpyram 10% SL,"AgriGate CropSciences Pte.,Ltd.","Myanmar Awba Group Co.,Ltd",P2021-5432,Approved
Evo Pointer 100 SL,Nitenpyram 10% SL,"Chrysalis Crop Pte.,Ltd.","Evogro Co.,Ltd.",P2021-5473,Approved
Nibble 100 SL,Nitenpyram 10% SL,"Optimus Agri-Tech Pte.,Ltd.",Myanmar Kaung Thu Kha Co.,P2021-5474,Approved
Malathion,Malathion 83%w/v EC,"SPKG Biochem Co.,Ltd.","Many Agrotrade Co.,Ltd.",P2021-5475,Approved
AP Ywat Htwin,Cyromazine 75% WP,Shandong Topagri Limited,"Agro Power Co.,Ltd.",P2021-5476,Approved
Fluben,Flubendiamide TG 95%,"AgriGate CropSciences Pte.,Ltd.","Myanmar Awba Group Co.,Ltd",P2021-5493,Approved
Wetcit 8.15 SL,Alcohol Ethoxylate 8.15% SL,Oro Agri International Ltd.,Wah Wah Agricultural Chem,2016-3155,Approved
ABLE MAX,Cypermethrin 25%w/w EC,Asiatic Agricultural Industries Pte.,"JJ-Pun Trading Co.,Ltd.",P2018-4466,Approved
Alpha Gold,Alpha-cypermethrin 8% SC,"Sherwood Chemicals Public Co.,Ltd",Royal MATA International Co.,P2017-3703,Approved
ARMOUR 200 SC,Imidacloprid 200g/l SC,Asiatic Agricultural Industries Pte.,"JJ-Pun Trading Co.,Ltd.",P2018-4478,Approved
Arrow Mosquito Coils,Meperfluthrin 0.05%,Nanjing Aogrand International Tra,"Htun Linn Kyaw Co.,Ltd.",P2017-3503,Approved
ARS Gold Plus,Cyphenothrin 0.15%w/w + Imiprothrin 0.03%w/w,"Earth (Thailand) Co.,Ltd.",Greenline Myanmar Group,P2017-3588,Approved
ARS Mat 12,D-allethrin 5.33%w/w + Piperonyl Butoxide 1.33%w/w,"Earth (Thailand) Co.,Ltd.",Greenline Myanmar Group,P2017-3590,Approved
ARS Odorless 1,Cyphenothrin 0.1% + d-tetramethrin 0.178% + Permethrin 0.1%,"Earth (Thailand) Co.,Ltd.",Greenline Myanmar Group,P2017-3586,Approved
ARS Plus,D-allethrin 0.3%w/w,"Earth (Thailand) Co.,Ltd.",Excel United International Co.,P2017-3589,Approved
ARS Powder,Deltamethrin 0.11%w/w DP,"Thanaporn Paisal Enterprise Co.,Ltd",Greenline Myanmar Group,P2020-5166,Approved
"Baygon 23, Pesticide Meta",Cypermethrin 0.1%w/w + Imiprothrin 0.03%w/w + Prallethrin 0.05%w/w,"S.C. Johnson & Son Co.,Ltd.",Rainbow Bridge Distribution,P2020-4910,Approved
"Baygon 23, Pesticide Meta",Cypermethrin 0.1%w/w + Imiprothrin 0.03%w/w + Prallethrin 0.05%w/w,"S.C. Johnson & Son Co.,Ltd.",Rainbow Bridge Distribution,P2020-4909,Approved
"Baygon 40, Aerosol Insecti",d-Phenothrin 0.098%w/w + d-Tetramethrin 0.104%w/w + Prallethrin 0.05%w/w,S.C. Johnson & Son Ltd.,Rainbow Bridge Distribution,P2017-3548,Approved
"Baygon 44, Aerosol insecti",Cypermethrin 0.1%w/w + Imiprothrin 0.1%w/w,S.C. Johnson & Son Ltd.,Rainbow Bridge Distribution,P2017-3547,Approved
"Baygon 45, Aerosol insecti",Cypermethrin 0.1%w/w + Imiprothrin 0.1%w/w,S.C. Johnson & Son Ltd.,Rainbow Bridge Distribution,P2017-3546,Approved
"Baygon Electric Liquid, Liqu",Prallethrin 1.6%w/w,S.C. Johnson & Son Ltd.,Rainbow Bridge Distribution,P2017-3551,Approved
Bentacide 100 EC,Cypermethrin 10% EC,"Bentz Jaz Singapore Pte.,Ltd.","Bentz Jaz Myanmar Co.,Ltd.",P2017-3765,Approved
Bentacide 250 EC,Cypermethrin 25% EC,"Bentz Jaz Singapore Pte.,Ltd.","Bentz Jaz Myanmar Co.,Ltd.",P2017-3766,Approved
Bentacide 50 EC,Cypermethrin 5% EC,"Bentz Jaz Singapore Pte.,Ltd.","Bentz Jaz Myanmar Co.,Ltd.",P2017-3767,Approved
Biforce 200 SC,Bifenthrin 20%w/v SC,Sherwood Chemicals Australasia Pty,Royal MATA International Co.,P2017-3951,Approved
BithorTM Dual Action Inse,Bifenthrin 4.5%w/v + Imidacloprid 5.5%w/v,Ensystex II Inc,Green Pest Management Co.,P2017-3507,Approved
Chaindrite 1,Alpha-Cypermethrin 0.1% + Bifenthrin 0.03%w/v,Sherwood Corporation (Thailand),Royal MATA International Co.,P2021-5286,Approved
Chaindrite 1 (Wood Preser,Bifenthrin 0.06%w/v,Sherwood Corporation (Thailand),Royal MATA International Co.,P2021-5290,Approved
Chaindrite 1 (Wood Preser,Bifenthrin 0.06%w/v,Sherwood Corporation (Thailand),Royal MATA International Co.,P2021-5291,Approved
Chaindrite 1 (Wood Preser,Bifenthrin 0.06%w/v,Sherwood Corporation (Thailand),Royal MATA International Co.,P2021-5292,Approved
Chaindrite 3,Bifenthrin 0.03%w/v + Deltamethrin 0.02%w/v,Sherwood Corporation (Thailand),Royal MATA International Co.,P2021-5288,Approved
Chaindrite 4,Cyfluthrin 0.015%w/w + Imiprothrin 0.05%w/w + Prallethrin,Sherwood Corporation (Thailand),Royal MATA International Co.,P2021-5293,Approved
Chaindrite Extra Strength (,Cypermethrin 0.2%w/v + Imiprothrin 0.014%w/v Aerosol,Sherwood Chemicals Australasia Pty,Royal MATA International Co.,P2017-3952,Approved
Chaindrite Perforce 500,Permethrin 5%w/v EC,Sherwood Chemicals Australasia Pty,Royal MATA International Co.,P2017-3711,Approved
Chaindrite Permforce Dust,Permethrin 1%w/v Dust,Sherwood Chemicals Australasia Pty,Royal MATA International Co.,P2017-3958,Approved
Chaindrite Steadfast 30 SC,Bifenthrin 3.0%w/v,Sherwood Corporation (Thailand),Royal MATA International Co.,P2021-5289,Approved
Chaindrite Steadfast 40 EC,Alpha-Cypermethrin 4.0%w/v,Sherwood Corporation (Thailand),Royal MATA International Co.,P2021-5287,Approved
Classique 0.04% MC,Meperfluthrin 0.04%w/w Mosquito coil,"Aestar (Zhongshan) Co.,Ltd.",Diamond Light International,P2019-4798,Approved
Contorz Roach Gel (Gel Bai,Fipronil 0.05%,"Bentz Jaz Singapore Pte.,Ltd.","Bentz Jaz Myanmar Co.,Ltd.",P2017-3769,Approved
Controz AIK Aerosol,Imiprothrin 0.04% + Metofluthrin 0.01% + Permethrin 1.0%,"Bentz Jaz Singapore Pte.,Ltd.","Bentz Jaz Myanmar Co.,Ltd.",P2017-3763,Approved
Controz F1 0.76%,Metofluthrin 0.76%,"Bentz Jaz Singapore Pte.,Ltd.","Bentz Jaz Myanmar Co.,Ltd.",P2017-3764,Approved
Cyanoforce 15 SC,Alpha-cypermethrin 1.5%w/v SC,Sherwood Chemicals Australasia Pty,Royal MATA International Co.,P2017-3950,Approved
Delforce,Deltamethrin 1%w/v SC,Sherwood Chemicals Australasia Pty,Royal MATA International Co.,P2017-3953,Approved
Diamond Dragon D Mosqu,Dimefluthrin 0.1%w/w,"Diesel King Co.,Ltd.","Diesel King Co.,Ltd.",P2020-5193,Approved
Diamond Dragon Mosquito,Meperfluthrin 0.1%w/w,"Diesel King Co.,Ltd.","Diesel King Co.,Ltd.",P2021-5252,Approved
Diesel D-allethrin,d-allethrin 90%w/w,Changzhou Kangmei Chemical Ind,"Diesel King Co.,Ltd.",2015-2183,Approved
Dredger 10 SC,Alpha-cypermethrin 10% SC,"Sherwood Chemicals Public Co.,Ltd",Royal MATA International Co.,P2017-3702,Approved
Ensystex Requiem Termite,Chlorfluazuron 0.1%w/w,Ensystex II Inc,Green Pest Management Co.,P2017-3509,Approved
Evo Green 15% EW,Pyrethrin 15% EW,"Bentz Jaz Singapore Pte.,Ltd.","Bentz Jaz Myanmar Co.,Ltd.",P2017-3771,Approved
Fighter 1 DPD Aerosol,Deltamethrin 0.015%w/w + D-Tetramethrin 0.15%w/w + Per,"Mosfly Vietnam Industries Co.,Ltd","Diesel King Co.,Ltd.",2015-2817,Approved
Fighter A Aerosol,Transfluthrin 0.06%w/w,"Diesel King Co.,Ltd.","Diesel King Co.,Ltd.",2015-2187,Approved
Fighter D Aerosol,Dimefluthrin 0.05%w/w,"Diesel King Co.,Ltd.","Diesel King Co.,Ltd.",2015-2191,Approved
Fighter DIC Aerosol,Cypermethrin 0.3%w/w + D-Allethrin 0.2%w/w + Imiprothrin,"Diesel King Co.,Ltd.","Diesel King Co.,Ltd.",2015-2805,Approved
Fighter Dime Aerosol,Dimefluthrin 0.1%w/w AE,Changzhou Kangmei Chemical Ind,"Diesel King Co.,Ltd.",P2019-4545,Approved
Fighter M Liquid Vaporizer,Meperfluthrin 2.6%w/w,"Diesel King Co.,Ltd.","Diesel King Co.,Ltd.",2015-2197,Approved
Fighter M Mosquito Coil,Meperfluthrin 0.08%w/w + Turmeric 7%w/w,"Diesel King Co.,Ltd.","Diesel King Co.,Ltd.",P2021-5251,Approved
Fighter Me Mosquito Coil,Meperfluthrin 0.1%w/w,"Diesel King Co.,Ltd.","Diesel King Co.,Ltd.",P2021-5253,Approved
Fighter TIC Aerosol,Cypermethrin 0.2%w/w + Imiprothrin 0.015%w/w + Tetrame,"Diesel King Co.,Ltd.","Diesel King Co.,Ltd.",2015-2801,Approved
Fighter-King Mosquito Coil,Metofluthrin 0.04% MC,Shandong United Pesticide Indust,Myanma Shwe Nagar Agric,P2019-4562,Approved
Fighter-Min Mosquito Coil,Meperfluthrin 0.04% MC,Shandong United Pesticide Indust,Myanma Shwe Nagar Agric,P2019-4563,Approved
Fipforce Aqua,Fipronil 10%w/v SC,Sherwood Chemicals Australasia P,Royal MATA International C,P2017-3956,Approved
Fipronil Ant Gel 0.05% (Ge,Fipronil 0.05%,"Bentz Jaz Singapore Pte.,Ltd.","Bentz Jaz Myanmar Co.,Ltd.",P2017-3768,Approved
FUMITHORTM Delta Insect,Deltamethrin 20%w/w,Ensystex Inc.,Green Pest Management Co,P2018-4275,Approved
Genza Termite Buster,Dinotefuran 25% TB,"Genzayemon Co.,Ltd.","Genza Myanmar Co.,Ltd.",P2017-3447,Approved
Godzilla 1 DPD Aerosol,Deltamethrin 0.015%w/w + D-Tetramethrin 0.15%w/w + Per,"Mosfly Vietnam Industries Co.,Ltd","Diesel King Co.,Ltd.",2015-2818,Approved
Godzilla A Aerosol,Transfluthrin 0.06%w/w,"Mosfly Vietnam Industries Co.,Ltd","Diesel King Co.,Ltd.",2015-2186,Approved
Godzilla Anti Mosquito Rep,Transfluthrin 0.1%w/w,"Mosfly Vietnam Industries Co.,Ltd","Diesel King Co.,Ltd.",P2019-4565,Approved
Godzilla D Aerosol,Dimefluthrin 0.05%w/w,"Diesel King Co.,Ltd.","Diesel King Co.,Ltd.",2015-2190,Approved
Godzilla D Mosquito Coil,Dimefluthrin 0.08%w/w,"Diesel King Co.,Ltd.","Diesel King Co.,Ltd.",P2020-5191,Approved
Godzilla DIC Aerosol,Cypermethrin 0.3%w/w + D-Allethrin 0.2%w/w + Imiprothrin,"Diesel King Co.,Ltd.","Diesel King Co.,Ltd.",2015-2806,Approved
Godzilla Dime Aerosol,Dimefluthrin 0.1%w/w AE,Changzhou Kangmei Chemical Ind,"Diesel King Co.,Ltd.",P2019-4546,Approved
Godzilla DIP Aerosol,Dimefluthrin 0.05%w/w + Imiprothrin 0.02%w/w + Permethr,Changzhou Kangmei Chemical Ind,"Diesel King Co.,Ltd.",P2019-4547,Approved
Godzilla IC Aerosol,Cypermethrin 0.2%w/w + Imiprothrin 0.06%w/w,"Diesel King Co.,Ltd.","Diesel King Co.,Ltd.",2015-2804,Approved
Godzilla M Liquid Vaporize,Meperfluthrin 2.6%w/w,"Diesel King Co.,Ltd.","Diesel King Co.,Ltd.",2015-2196,Approved
Godzilla MIP Aerosol,Meperfluthrin 0.05%w/w + Imiprothrin 0.02%w/w + Permetl,Changzhou Kangmei Chemical Ind,"Diesel King Co.,Ltd.",P2019-4548,Approved
Godzilla Mosquito Repelle,Natural Oil of Citronella 100%wt.,"Mosfly Vietnam Industries Co.,Ltd","Diesel King Co.,Ltd.",P2019-4559,Approved
Godzilla TIC Aerosol,Cypermethrin 0.2%w/w + Imiprothrin 0.015%w/w + Tetrame,"Diesel King Co.,Ltd.","Diesel King Co.,Ltd.",2015-2802,Approved
Godzilla TIP Aerosol,Transfluthrin 0.05%w/w + Imiprothrin 0.02%w/w + Permeth,Changzhou Kangmei Chemical Ind,"Diesel King Co.,Ltd.",P2019-4549,Approved
Golden Frog Mosquito Coil,D-allethrin 0.3%w/w,"Control Star Export & Import Co.,L",Control Star Export & Impor,P2019-4551,Approved
Good Knight Xpress System,Transfluthrin 1.6%w/w,Godrej Consumer Products Ltd.,Myanmar Consumer Enterp,P2018-4488,Approved
HymenopthorTMUltra Gra,Fipronil 0.01%w/w,Ensystex II Inc,Green Pest Management Co,P2017-3510,Approved
ICE Roach Bait (Gel Bait),Imidacloprid 2.15%,"Bentz Jaz Singapore Pte.,Ltd.","Bentz Jaz Myanmar Co.,Ltd.",P2017-3770,Approved
Imiforce 200 SC,Imidacloprid 20%w/v SC,Sherwood Chemicals Australasia P,Royal MATA International C,P2017-3957,Approved
Insect Shield Repellent App,Permethrin 0.52%w/w,"Insect Shield, LLC",Myanmar Health & Develop,P2018-4168,Approved
Insect Shield Repellent Gea,Permethrin 0.52%w/w,"Insect Shield, LLC",Myanmar Health & Develop,P2018-4169,Approved
Jintong(1) Mosquito Coil,d-Transallethrin 0.3%,Jintong Mosquito-Repellent Incen,"Shwe Ka Lay Co.,Ltd.",P2017-3923,Approved
Jintong(2) Mosquito Coil,Meperfluthrin 0.04%,Jintong Mosquito-Repellent Incen,"Shwe Ka Lay Co.,Ltd.",P2017-3924,Approved
Jumbo Vape J,Imiprothrin 0.05%w/w + Permethrin 0.20%w/w + Transfluthr,Fumakilla Asia Sdn.Bhd.,DKSH (Myanmar) Ltd.,P2020-4912,Approved
Jumbo Vape L,Imiprothrin 0.05%w/w + Permethrin 0.20%w/w + Transfluthr,Fumakilla Asia Sdn.Bhd.,DKSH (Myanmar) Ltd.,P2020-4913,Approved
Jumbo Vape M1 Vaporizin,Meperfluthrin 6mg/mat,Fumakilla Asia Sdn.Bhd.,"Diethelm & Co.,Ltd.",P2017-3846,Approved
Jumbo Vape M2 Vaporizin,Meperfluthrin 8mg/mat,Fumakilla Asia Sdn.Bhd.,"Diethelm & Co.,Ltd.",P2017-3847,Approved
Jumbo Vape M3 Vaporizin,Meperfluthrin 10mg/mat,Fumakilla Asia Sdn.Bhd.,"Diethelm & Co.,Ltd.",P2017-3848,Approved
Jumbo Vape O,Imiprothrin 0.05%w/w + Permethrin 0.20%w/w + Transfluthr,Fumakilla Asia Sdn.Bhd.,DKSH (Myanmar) Ltd.,P2020-4911,Approved
Keng Hton D Mosquito Coi,Dimefluthrin 0.1%w/w,"Diesel King Co.,Ltd.","Diesel King Co.,Ltd.",P2020-5192,Approved
Khit Mhe Mosquito Stick,Permethrin Liquor 0.13% + Transfluthrin 0.04%,"Shen Long Jin Bian Co.,Ltd. (Camb",New Myanmar Shann Tik Co,P2021-5233,Approved
King Star Insecticide Aeros,D-allethrin 0.15% + Deltamethrin 0.04% + Permethrin 0.27%,"King Show Vietnam Co.,Ltd.","Kaung San Lin Co.,Ltd.",P2017-3868,Approved
Lethwei Kyaw Anti-Mosqui,Meperfluthrin 0.05%,Jinjiang Luoshan Anlu Hygiene Pro,"Myanmar Indo Best Co.,Ltd.",P2017-3349,Approved
M-A Big 1% SG,Temephos 1% SG,"Mountain Peak Cropcare Pte.,Ltd.",Marlarmyaing Public Compa,P2017-3781,Approved
Masgone,Propoxur 200g/l EC,IMP Biotech Sdn.Bhd,"MM Import Export Co.,Ltd.",P2018-4097,Approved
Matrix 1% SG,Temephos 1% SG,"Bentz Jaz Singapore Pte.,Ltd.","Bentz Jaz Myanmar Co.,Ltd.",P2017-3772,Approved
MAXXTHORTM TURBO Tar,Bifenthrin 10% + Imiprothrin 1.0% + Piperonyl Butoxide 12.,Ensystex Inc.,Green Pest Management Co,P2018-4276,Approved
Medi Soft Mosquito Repell,Diethyltoluamide 13%,PT. Sinar Antjol,"Royal Millennium Co.,Ltd.",P2020-4862,Approved
Medi Soft Mosquito Repell,Diethyltoluamide 13%,PT. Sinar Antjol,"Royal Millennium Co.,Ltd.",P2020-4863,Approved
Mei Chong Bao Aerosol,Cypermethrin 0.15% + Tetramethrin 0.5%,Hangzhou Huayi Aerosol Products,"Shine Bright Co.,Ltd.",P2017-3891,Approved
Mosfly Black Mosquito Coi,Meperfluthrin 0.04%w/w,Mosfly International Sdn.Bhd.,"MM Import Export Co.,Ltd.",P2017-3453,Approved
MOSFLY FiKz AEROSOL,Cypermethrin 0.20%w/w + Transfluthrin 0.06%w/w AE,Mosfly International Sdn.Bhd.,"MM Import Export Co.,Ltd.",P2018-4071,Approved
MOSFLY LIQUID VAPORIZE,Prallethrin 2.00%w/w,Mosfly International Sdn.Bhd.,"MM Import Export Co.,Ltd.",P2018-4070,Approved
M-Power-A Ant Gel 0.05%,Fipronil 0.05%,Qingdao Huqing Pests Controlling,"MYAT THWE Trading Co.,Lt",P2017-3670,Approved
M-Power-B 2.5% SC,Fipronil 2.5% SC,Qingdao Huqing Pests Controlling,"MYAT THWE Trading Co.,Lt",P2017-3671,Approved
M-Power-C 0.05% (Cockro,Fipronil 0.05%,Qingdao Huqing Pests Controlling,"MYAT THWE Trading Co.,Lt",P2017-3672,Approved
Muller Abate,Temephos 1%w/w SG,S.T.R Service Limited Partnership,Royal MATA International C,P2017-3959,Approved
New Arrow Aerosol,d-Transallethrin 0.1% + Permethrin 0.2% + Tetramethrin 0.3%,Nanjing Aogrand International Tra,"Htun Linn Kyaw Co.,Ltd.",P2017-3502,Approved
Odomos Mosquito Repelle,"N,N Diethylbenzamide 12%w/w",Dabur India Ltd.,Phoenix Myanmar Ltd.,P2017-3505,Approved
Odomos Mosquito Repelle,"N,N Diethylbenzamide 12%w/w",Dabur India Ltd.,Phoenix Myanmar Ltd.,P2017-3506,Approved
"Off! Clip-On, Liquid mosqu",Metofluthrin 31.2% w/w,S.C. Johnson & Son Ltd.,Rainbow Bridge Distribution,P2017-3549,Approved
"Off! Smooth & Dry, Mosqu","N,N-diethyl-meta-toluamide 15% w/w",S.C. Johnson & Son Ltd.,Rainbow Bridge Distribution,P2017-3550,Approved
OK Insecticide Aerosol,Cypermethrin 0.13% + Propoxur 0.32% + Tetramethrin 0.21%,Guangdong Quanmei Industrial Da,Shwe Myay Htun Trading Co,P2017-3348,Approved
OK Sandalwood Black Mos,Meperfluthrin 0.04%,Linyi Shengjian Industry & Trade C,Shwe Myay Htun Trading Co,P2020-4966,Approved
Outrigger,Deltamethrin 1%w/v EC,"Sherwood Chemicals Public Co.,Lt",Royal MATA International C,P2017-3709,Approved
Perit 25 EC,Cypermethrin 25%w/v EC,"Sherwood Chemicals Public Co.,Lt",Royal MATA International C,P2017-3706,Approved
PermaNet*2.0 long-lasting,Deltamethrin 0.18%w/w,VESTERGAARD S.A,MAST Myanmar Technology,P2018-4274,Approved
Premax 250 EC,Cypermethrin 25%w/v EC,"Sherwood Chemicals Public Co.,Lt",Royal MATA International C,P2017-3705,Approved
Pulli Neem Mosquito Coil,Neem Oil 1.5% + Prallethrin 0.05%,Manaksia Coated Metals & Indust,"OSR International Co.,Ltd.",P2017-4063,Approved
Relief T 1%,Temephos 1% SG,"Bentz Jaz Singapore Pte.,Ltd.","Bentz Jaz Myanmar Co.,Ltd.",P2017-3773,Approved
SafeNet (Long Lasting Inse,Alpha-Cypermethrin 5.0g/kg Net,Mainpol GmbH (Germany),"Eagle Health Mat Co.,Ltd.",P2021-5268,Approved
Shachongling Aerosol,Beta-cypermethrin 0.2% + Permethrin 0.03% + Tetramethrin,Guangdong Lufeng Yuda Enterpris,"Future Smooth Co.,Ltd.",P2017-3890,Approved
Sherwacide-D,Deltamethrin 0.5%w/v + Piperonyl butoxide 10%w/v + S-Bio,"Sherwood Chemicals Public Co.,Lt",Royal MATA International C,P2017-3708,Approved
SHIELD 50 SC,Fipronil 50g/l SC,Asiatic Agricultural Industries Pte.,"JJ-Pun Trading Co.,Ltd.",P2018-4220,Approved
Shieldtox Powergard 3 (Ae,Cypermethrin 0.15%w/w + Imiprothrin 0.03%w/w,Reckitt Benckiser (Malaysia) Sdn.B,"Dagon Win Win Co.,Ltd.",P2017-3754,Approved
Shwegalay Insecticide Aer,d-Transallethrin 0.1% + Permethrin 0.2% + Prallethrin 0.08%,Jintong Mosquito-Repellent Incen,"Shwe Ka Lay Co.,Ltd.",P2017-3922,Approved
Shwegalay Mosquito Coil,d-Transallethrin 0.24%,Jintong Mosquito-Repellent Incen,"Shwe Ka Lay Co.,Ltd.",P2017-3921,Approved
Silver Dragon D Mosquito,Dimefluthrin 0.1%w/w,"Diesel King Co.,Ltd.","Diesel King Co.,Ltd.",P2020-5194,Approved
Silver Dragon Mosquito Co,Meperfluthrin 0.1%w/w,"Diesel King Co.,Ltd.","Diesel King Co.,Ltd.",P2021-5241,Approved
Skin Vape C1 Liquid Pump,Icaridin 10%w/w,Fumakilla Asia Sdn.Bhd.,"Diethelm & Co.,Ltd.",P2017-3837,Approved
Skin Vape C2 Liquid Pump,Icaridin 20%w/w,Fumakilla Asia Sdn.Bhd.,"Diethelm & Co.,Ltd.",P2017-3838,Approved
Skin Vape E1 Liquid Pump,Diethyltoluamide 15%w/w,Fumakilla Asia Sdn.Bhd.,"Diethelm & Co.,Ltd.",P2017-3839,Approved
Skin Vape E2 Liquid Pump,Diethyltoluamide 20%w/w,Fumakilla Asia Sdn.Bhd.,"Diethelm & Co.,Ltd.",P2017-3840,Approved
Skin Vape E3 Liquid Pump,Diethyltoluamide 30%w/w,Fumakilla Asia Sdn.Bhd.,"Diethelm & Co.,Ltd.",P2017-3841,Approved
Skin Vape I1 Lotion,Icaridin 10%w/w,Fumakilla Asia Sdn.Bhd.,"Diethelm & Co.,Ltd.",P2017-3842,Approved
Skin Vape I2 Lotion,Icaridin 20%w/w,Fumakilla Asia Sdn.Bhd.,"Diethelm & Co.,Ltd.",P2017-3843,Approved
Skin Vape T1 Lotion,Diethyltoluamide 15%w/w,Fumakilla Asia Sdn.Bhd.,"Diethelm & Co.,Ltd.",P2017-3844,Approved
Skin Vape T2 Lotion,Diethyltoluamide 20%w/w,Fumakilla Asia Sdn.Bhd.,"Diethelm & Co.,Ltd.",P2017-3845,Approved
SNIPER CG,Fipronil 0.05%w/w CG,Asiatic Agricultural Industries Pte.,"JJ-Pun Trading Co.,Ltd.",P2018-4465,Approved
Solignum All Around Clear,Permethrin 0.20% + Propiconazole 0.15% + Tebuconazole 0.,Jardine Distribution Inc. (Philippin,"Synchro World Co.,Ltd.",P2021-5296,Approved
Super Tumeric Mosquito C,Meperfluthrin 0.04%w/w MC,Myanmar Mosfly Industry Ltd.,"MM Import Export Co.,Ltd.",P2018-4069,Approved
SUPERB SLIGHT-SMOKE M,Meperfluthrin 0.08% MC,Guangzhou Cheerwin Household,International Diamond Grou,P2018-4378,Approved
SUPERB SMOKELESS MOS,Meperfluthrin 0.05% MC,Guangzhou Cheerwin Household,International Diamond Grou,P2018-4379,Approved
Termatrix Foam,Imidacloprid 0.5g/kg Foam,"Sherwood Chemicals Public Co.,Lt",Royal MATA International C,P2017-3710,Approved
U-Daung Min,Dimefluthrin 0.03%,"Guangzhou Green Top Co.,Ltd.","Deco-Land Co.,Ltd.",P2020-5135,Approved
Ultraforce (Gel Bait) (Cockr,Fipronil 0.05%w/v Gel Bait,Sherwood Chemicals Australasia P,Royal MATA International C,P2017-3954,Approved
Ultraforce Foam,Fipronil 0.6g/kg Foam,Sherwood Chemicals Australasia P,Royal MATA International C,P2017-3955,Approved
UltrathorTM Water-Based,Fipronil 10%w/v SC,Ensystex II Inc,Green Pest Management Co,P2017-3511,Approved
VECTOTHORTM In2 Care M,Beauveria bassiana 70g/kg + Pyriproxyfen 700g/kg Powder,Ensystex Inc,Green Pest Management Co,P2018-4351,Approved
VISTA 10 EC,Bifenthrin 100g/l EC,Asiatic Agricultural Industries Pte.,"JJ-Pun Trading Co.,Ltd.",P2018-4464,Approved
Wu Kong Mosquito Coil,Meperfluthrin 0.04%w/w,"Asia Top Seven Co.,Ltd.","Asia Top Seven Co.,Ltd.",P2021-5270,Approved
Yo Yo Mosquito Coil,Metofluthrin 0.05% MC,"Yo Chan Co.,Ltd.","Yo Chan Co.,Ltd.",P2019-4550,Approved
ZENITHORTM GEL ANT BAIT,Indoxacarb 0.5%w/w Bait,Ensystex Inc.,Green Pest Management Co,P2018-4352,Approved
ZENITHORTM GEL COCKROACH BAIT,Indoxacarb 6%w/w Bait,Ensystex Inc.,Green Pest Management Co,P2018-4277,Approved
ZeroFly¨ Storage Bag,Deltamethrin 0.3%w/w,Vestergaard Group S.A,"CHO CHO Co.,Ltd.",P2017-3504,Approved
Zypertac 10 ME,Cypermethrin 10% ME,"Sherwood Chemicals Public Co.,Ltd",Royal MATA International Co,P2017-3704,Approved
Zypertac 25 EC,Cypermethrin 25%w/v EC,"Sherwood Chemicals Public Co.,Ltd",Royal MATA International Co,P2017-3707,Approved
Golden Dragon D Mosquito Coil,Dimefluthrin 0.025%w/w,Golden Dragon Industry,Golden Dragon Industry Co.,2015-2858,Approved
Golden Dragon M Mosquito Coil,Meperfluthrin 0.04%w/w,Golden Dragon Industry,Golden Dragon Industry Co.,2015-2859,Approved
Golden Dragon Mosquito Coil,D-allethrin 0.30%w/w,Golden Dragon Industry,Golden Dragon Industry Co.,2015-2857,Approved
Master Insect Killer (Aerosol),ESBIOTHRIN 0.25% + PERMETHRIN 0.40%,Fujian Tengfeng Daily Chemicals Ltd,Centig Consumer Goods Co.,P2021-5298,Approved
Master Insect Killer (Aerosol),ESBIOTHRIN 0.25% + PERMETHRIN 0.40%,Fujian Tengfeng Daily Chemicals Ltd,Centig Consumer Goods Co.,P2021-5299,Approved
Master Mosquito Coil (Sand),Meperfluthrin 0.05%,Fujian Tengfeng Daily Chemicals Ltd,Centig Consumer Goods Co.,P2021-5300,Approved
Master Mosquito Coil (Tuna),Meperfluthrin 0.05%,Fujian Tengfeng Daily Chemicals Ltd,Centig Consumer Goods Co.,P2021-5301,Approved
Classique 0.18% AE,Imiprothrin 0.08% + Transfluthrin 0.1% AE,"Aestar (Zhongshan)Co.,Ltd.",Diamond Light International,P2021-5364,Approved
Chaindrite 5,Cypermethrin 0.1%w/w + Imiprothrin 0.031%w/w + Prallethrin 0.031%w/w,Sherwood Corporation (Thailand),Royal MATA International Co,P2022-5491,Approved
ANG-Spider 700 WP,Buprofezin 450g/kg + Tebufenpyrad 250g/kg WP,"An Nong Group Co.,Ltd.",Naing Toe Aung (Myanmar),P2018-2556,Approved
Awba Hmwa Pint Ku 130 EC,Abamectin 3% + Hexythiazox 10% EC,"AgriGate CropSciences Pte.,Ltd.","Myanmar Awba Group Co.,Ltd",P2018-2225,Approved
Azphate Mono 80 SP,Acephate 50% + Monosultap 30% SP,"AgriGate CropSciences Pte.,Ltd.","Myanmar Awba Group Co.,Ltd",P2017-2245,Approved
Binhtac 200g/l EC,Amitraz 200g/l EC,"Bailing Agrochemical Co.,Ltd.",Agro Green Land Chemical Co,P2017-3552,Approved
Done 39.5 WP,Imidacloprid 3% + Cartap 25% + Pyridaben 11.5% WP,"Syntech International Co.,Ltd.",Golden Lion High Tech Agric,P2018-1784,Approved
GC Fenoxim 25 EC,Profenofos 6% + Phoxim 19% EC,"Guangxi YDS Bio-Technology Co.,L",TPT Yee Shin (Agriculture) C,P2019-1962,Approved
Huntermac 1.8 EC,Abamectin 1.8% EC,Flourish Axis Business Holding Pte,Myint Myat Agrochemical E,2013-1710,Approved
Jubitar 5 GR,Phoxim 5% GR,"UPI Cropscience Co.,Ltd.","Close Friend Co.,Ltd.",P2019-4806,Approved
Mega Gunner,Lambda-cyhalothrin 4.8% + Profenofos 60% EC,"MAC Chem (Asia) Co.,Ltd.",Mega Grow International C,P2018-2330,Approved
Mega Program,Lufenuron 5% + Profenofos 50% EC,"MAC Chem (Asia) Co.,Ltd.",Mega Grow International C,P2018-2326,Approved
Nissorun 10 WP,Hexythiazox 10% WP,"Nippon Soda Co.,Ltd.","Sumitomo Corporation Co.,L",P2019-214,Approved
Promectin,Abamectin 1.8% + Profenofos 50% EC,"Syntech International Co.,Ltd.","AGT, Agro Tech Co.,Ltd.",P2020-2388,Approved
Reaction 2 WP,Bifenthrin 2% WP,Hanearl Science Ltd.,"Royal Distribution Co.,Ltd.",P2017-3979,Approved
Shwe Lu Phyo,Lufenuron 5% + Profenofos 50% EC,Makro Chemical,"Golden Key Co.,Ltd.",P2017-2314,Approved
Frigate 35.7 FS,Fludioxonil 12.5% + Metalaxyl-M 1% + Thiamethoxam 22.2%,"AgriGate CropSciences Pte.,Ltd.","Myanmar Awba Group Co.,Lt",P2019-2221,Approved
BZ Global Hawk,Cyromazine 75% SP,"Shaanxi Biogen Crop Science Co.,L",Myanmar Wai Fung Agricult,P2018-4433,Approved
Chao Roma,Cyromazine 50% SP,Jiangsu Pesticide Research Institut,Diamond Light International,P2020-5078,Approved
Cyco,Cyromazine 500g/kg SP,Shandong United Pesticide Indust,"Huynh Zaw Co.,Ltd.",P2018-4143,Approved
RDF Witness,Cyromazine 50% SP,Dongguan Ruidefeng Biotechnolog,Myanmar Wai Fung Agricult,P2018-4436,Approved
Sieucheck 700 WP,Diflubenzuron 100g/kg + Nitenpyram 300g/kg + Pymetrozine,"An Nong Group Co.,Ltd.",Advance Agriculture Solutio,P2019-2573,Approved
ZB-Launch 50% WP,Cyromazine 50% WP,Guangxi Baikal Biochemical Produ,Myanmar Shwe Thein Tradi,P2020-5195,Approved
Sino-Mecar 1.5% GR,Carbaryl 1.5% + Metaldehyde 4.5% G,"Sino-Agri Leading Biosciences Co.,","Anawrahta Production Co.,L",P2021-3788,Approved
AP-Snail,Metaldehyde 10% GR,Shandong Topagri Limited,"Agro Power Co.,Ltd.",P2018-4333,Approved
Armo Snailcide 5% GB,Metaldehyde 5% GB,"R.H.F Pte.,Ltd.",Aventine Limited,P2018-4163,Approved
Awar 83.1% WP,Niclosamide Olamine Salt 83.1% WP,"Bailing Agrochemical Co.,Ltd.","Aka Yarzar Co.,Ltd.",P2017-3554,Approved
Eradehyde,Metaldehyde 5% G,The Erawan Agricultural Chemical,Aventine Limited,P2017-3729,Approved
Erasamide,Niclosamide-Olamine 83.1% WP,The Erawan Agricultural Chemical,Aventine Limited,P2019-4511,Approved
Evo Snail 70 WP,Niclosamide 70% WP,"Chrysalis Crop Pte.,Ltd.","Evogro Co.,Ltd.",P2018-4376,Approved
Evo Snail Plus 3 G,Metaldehyde 3% G,"Chrysalis Crop Pte.,Ltd.","Evogro Co.,Ltd.",P2018-4463,Approved
Ferti-Snail 70% WP,Niclosamide-olamine 70% WP,"Fertiagro Pte.,Ltd.","Myanmar Agro Eagle Co.,Ltd",P2020-5039,Approved
Golden Pagoda 10 GR,Metaldehyde 10% GR,Xuzhou Fengwei Chemical Factory,"Friends' Helper Co.,Ltd.",P2019-4666,Approved
Good Harvest Metaldehyd,Metaldehyde 6% G,Jiangsu Good Harvest-Weien Agro,"7 Star Agro Power Co.,Ltd.",P2017-4015,Approved
Hkaru King 50 WP,Niclosamide ethanolamine 50% WP,Guangxi Tianyuan Biochemistry,"Arvis Cropscience Co.,Ltd.",P2020-5133,Approved
Ka Yu Cide,Niclosamide 70% WP,"Agro Star Pte.,Ltd.","Min Mahaw Co.,Ltd.",P2020-5134,Approved
Kha Yu 70 WP,Niclosamide 70% WP,"Optimus Agri-Tech Pte.,Ltd.",Myanmar Kaung Thu Kha Co,P2018-4315,Approved
Kha Yu Bayin,Niclosamide-olamine 83.1% WP,"Mountain Peak Cropcare Pte.,Ltd.",Marlarmyaing Public Company,P2020-5049,Approved
Map Passion 10 G,Metaldehyde 10% G,"Map Pacific Pte.,Ltd","Map Pacific Pte.,Ltd.",P2017-3668,Approved
Metaldehyde TC,Metaldehyde 94% TC,Zibo Nab Agrochemicals Limited,"Agriwest Myanmar Co.,Ltd.",P2021-5269,Approved
Metaldehyde TG 99%,Metaldehyde TG 99%,"AgriGate CropSciences Pte.,Ltd.","Myanmar Awba Group Co.,Ltd",P2017-3454,Approved
Metar,Metaldehyde 6% GR,Shandong United Pesticide Indust,"Huynh Zaw Co.,Ltd.",P2018-4343,Approved
NAB-Alinn 10 GR,Metaldehyde 10% GR,Zibo NAB Agrochemicals Limited,"Topagri Myanmar Co.,Ltd.",P2018-4075,Approved
Nicko 70 WP,Niclosamide 70% WP,"Agrinova Cropcare Pte.,Ltd.","Wi Sar Ra International Co.,",P2018-4377,Approved
Niclosamide TG 97%,Niclosamide TG 97%,"AgriGate CropSciences Pte.,Ltd.","Myanmar Awba Group Co.,Ltd",P2017-3455,Approved
Nill 70 WP,Niclosamide 70% WP,"Sinamyang Group Pte.,Ltd.","Asian Crops Global Co.,Ltd.",P2017-4042,Approved
Notice 70 WP,Niclosamide 70% WP,"Syntech International Co.,Ltd.",Golden Lion High Tech Agric,P2018-4477,Approved
NPS Sweeper,Metaldehyde 6% GR,Shenzhen Noposion Agrochemical,Myanmar Wai Fung Agricult,P2018-4440,Approved
Pencol 6 GR,Metaldehyde 6% GR,Hanearl Science Ltd.,"Royal Distribution Co.,Ltd.",P2017-3972,Approved
RDF Hunter,Niclosamide 70% WP,Dongguan Ruidefeng Biotechnology,Myanmar Wai Fung Agriculture,P2018-4441,Approved
Shal Kayu 15 WDG,Metaldehyde 15% WDG,"Agro Star Pte.,Ltd.","Min Mahaw Co.,Ltd.",P2020-5040,Approved
Shwe Nagar Khayu Say 70%,Niclosamide-Olamine 70%w/w WP,Guangdong Liwei Chemical Industry,Myanma Shwe Nagar Agriculture,P2018-4190,Approved
Shwe Taung Thu Khayu Say,Niclosamide 70% WP,"Bing Hui Pte.,Ltd.","Shwe Thit Oo Co.,Ltd.",P2019-4536,Approved
Siputox,Metaldehyde 5%w/w G,Agricultural Chemicals (M) Sdn.Bhd.,"Sein Wut Hmon Co.,Ltd.",P2017-1770,Approved
Snail,Metaldehyde 15% WDG,"Agro Star Pte.,Ltd.","Asian Crops Global Co.,Ltd.",P2020-5041,Approved
Swe Taw 6 GR,Metaldehyde 6% GR,Xuzhou Fengwei Chemical Factory,"Friends' Helper Co.,Ltd.",P2019-4669,Approved
Tan khon 70 WP,Niclosamide 70% WP,Xuzhou Fengwei Chemical Factory,"Friends' Helper Co.,Ltd.",P2020-5022,Approved
Tatoo 100 G,Metaldehyde 100g/kg G,"Eastchem Co.,Ltd.","Myanma Awba Group Co.,Ltd.",P2017-3488,Approved
Transit 700 WP,Niclosamide 700g/kg WP,"Eastchem Co.,Ltd.","Myanma Awba Group Co.,Ltd.",P2017-3489,Approved
TRIOC Annong 12 WG,Metaldehyde 120g/kg WG,"An Nong Group Co.,Ltd.",Advance Agriculture Solutions,P2017-2574,Approved
ZB-Away,Niclosamide ethanolamine 50% WP,Jiangxi Zhengbang Crop Protection,Myanmar Shwe Thein Trading,P2018-4362,Approved
ZB-Meta 10% GR,Metaldehyde 10% GR,Jiangxi Zhengbang Crop Protection,Myanmar Shwe Thein Trading,P2019-4808,Approved
Casza,Niclosamide ethanolamine salt 83.1% WP,"Thep Watana Co.,Ltd.","SASA International Co.,Ltd.",P2021-5418,Approved
AP Kyee Htwar,Sodium Nitrophenolate 1.8% SL,Shandong Topagri Limited,"Agro Power Co.,Ltd.",P2020-4953,Approved
AP Pin Pwint Kaung,24-Epibrassinolide 0.01% SL,Shandong Topagri Limited,"Agro Power Co.,Ltd.",P2020-4951,Approved
Available 15 WP,Paclobutrazol 15% WP,Sichuan Guoguang Agrochemical,"Myanmar Golden Byter Co.,Ltd.",P2018-4124,Approved
Bidamin 15% WP,Paclobutrazol 15% WP,"Bailing Agrochemical Co.,Ltd.","Marga Min Co.,Ltd.",P2017-3556,Approved
Byter Changer 10 SP,Mepiquat Chloride 10% SP,Anhui Byter Agriculture Technology,"Myanmar Golden Byter Co.,Ltd.",P2018-4175,Approved
Byter Fruitful 3 EC,Gibberellic Acid 3% EC,Anhui Byter Agriculture Technology,"Myanmar Golden Byter Co.,Ltd.",P2018-4176,Approved
CR 7,Triacontanol 0.1% ME,Sichuan Guoguang Agrochemical,"Myanmar Golden Byter Co.,Ltd.",P2018-4174,Approved
Darme,Ethephon 40% SL,Shandong Sino-Agri United Biotech,Diamond Light International,P2018-4171,Approved
Eratrazol 15 WP,Paclobutrazol 15% WP,The Erawan Agricultural Chemical,Aventine Limited,P2019-4771,Approved
Evo Extra Grow,Gibberellic Acid 5g/l + Nitrophenol Compound 2.5g/l SL,"Chrysalis Crop Pte.,Ltd.","Evogro Co.,Ltd.",P2019-4406,Approved
Evo Swal Sant 100 T,Gibberellic Acid 10%w/v T,"Chrysalis Crop Pte.,Ltd.","Evogro Co.,Ltd.",P2018-4407,Approved
GA-Top 3.1 SP,Gibberellic Acid 3.1% SP,Hanearl Science Ltd.,"Royal Distribution Co.,Ltd.",P2017-3965,Approved
GB-007 3.6 SL,Benzylaminopurine 1.8% + Gibberellic Acid 1.8% SL,Sichuan Guoguang Agrochemical,"Myanmar Golden Byter Co.,Ltd.",P2018-4173,Approved
GG Green,Mepiquat Chloride 10% SP,Sichuan Guoguang Agrochemical,"Myanmar Golden Byter Co.,Ltd.",P2020-5132,Approved
Gib Two 100 T,Gibberellic Acid 10% T,"Agrinova Cropcare Pte.,Ltd.","Wi Sar Ra International Co.,Ltd.",P2018-4404,Approved
G-LIT,Gibberellic Acid 3% EC,"Anhui Santo Chemical Co.,Ltd.",Myanmar Golden Sun Crop,P2019-4558,Approved
Golden Gibber 10 ST,Gibberellic Acid (GA3) 10% ST,"Ningbo Cycle Chemical Co.,Ltd.",Golden Wish Agribusiness Co,P2018-4083,Approved
Golden Plain Ethephon,Ethephon 40% SL,Shandong United Pesticide Industry,"Golden Plain Co.,Ltd.",2015-2865,Approved
Green Gibberllic 10% Tablet,Gibberellic Acid 10% Tablet,Agro Nature Land Cropsciences Pte,Agro Green Land Chemical Co,P2019-4530,Approved
Hextarphon 40 SC,Ethephon 40%w/w SC,Hextar Chemicals Sdn.Bhd.,Wah Wah Agricultural Chemical,P2020-5071,Approved
Hulk 1.4 AS,Sodium Nitrophenolate 1.4% AS,Sichuan Guoguang Agrochemical,"Myanmar Golden Byter Co.,Ltd.",P2018-4382,Approved
Increase 5 SL,Naphthylacetic Acid 5% SL,Sichuan Guoguang Agrochemical,"Myanmar Golden Byter Co.,Ltd.",P2018-4172,Approved
Jester 250 SC,Paclobutrazol 250g/l SC,"Rotam Agrochemical Co.,Ltd.",Network Marketing Limited,2015-2578,Approved
Life One 2 SL,Benzylaminopurine 2% SL,Sichuan Guoguang Agrochemical,"Myanmar Golden Byter Co.,Ltd.",P2018-4177,Approved
Lucky 2.243 SL,Aromatic Nitrophenols 2.243% SL,"Sinamyang Group Pte.,Ltd.","Golden Rocket Co.,Ltd.",P2017-3900,Approved
Lucky Ethe 40 SL,Ethephon 40% SL,Hangzhou Ruijiang Crop Science Co,"Lucky Great Co.,Ltd.",P2018-4120,Approved
Map Bonsai 10 WP,Paclobutrazol 10% WP,"Map Pacific Pte.,Ltd.","Map Pacific Co.,Ltd.",P2020-4954,Approved
MarGa Star,Sodium-O-nitrophenolate 0.6% + Sodium-P-nitrophenolate,"Agro Icon Cropscience Pte.,Ltd.","Marga Min Co.,Ltd.",P2021-5202,Approved
Marlarmyaing Mango 15%,Paclobutrazol 15% WP,"Agro Asia Cropcare Pte.,Ltd.",Marlarmyaing Public Company,P2018-4166,Approved
Marlarmyaing TONIK 2% SL,Sodium-O-nitrophenol 0.6% + Sodium-P-nitrophenol 0.8% +,"Agro Asia Cropcare Pte.,Ltd.",Marlarmyaing Public Company,P2018-4167,Approved
Mega Quicker,Gibberellic Acid 20% SP,"MAC Chem (Asia) Co.,Ltd.",Mega Grow International Co.,P2017-3826,Approved
Mega Super Tonic,Sodium Nitro Phenolate 3% SL,"MAC Chem (Asia) Co.,Ltd.",Mega Grow International Co.,2016-3064,Approved
Miracle,Gibberellic Acid 3% EC,Sichuan Guoguang Agrochemical,"Myanmar Golden Byter Co.,Ltd.",P2019-4640,Approved
NAB-Monstar,3-Indolyl-acetic acid 0.00052% + Gibberellic acid 0.135% + 24,Zibo NAB Agrochemicals Limited,"Topagri Myanmar Co.,Ltd.",P2020-4955,Approved
NAB-Super Lann,Sodium Nitrophenolate 1.8% SL,Zibo NAB Agrochemicals Limited,"Topagri Myanmar Co.,Ltd.",P2020-4956,Approved
NITRO,Sodium Nitrophenolate Compound 1.8% SL,"Anhui Santo Chemical Co.,Ltd.",Myanmar Golden Sun Crop,P2019-4573,Approved
NPS Stronger,Sodium Nitrophenolate 1.8% SL,Shenzhen Noposion Agrochemical,Myanmar Wai Fung Agriculture,P2018-4426,Approved
NX Ethe,Ethephon 40% SL,"Hebei Ruibaode Bio-Chemical Co.,","Myanmar Golden Byter Co.,Ltd.",P2020-5003,Approved
Par 10,Paclobutrazol 10% WP,"Agforepax Industries Co.,Ltd.","Min Mahaw Co.,Ltd.",P2020-5109,Approved
Pazol 15 WP,Paclobutrazol 15% WP,"Sinamyang Group Pte.,Ltd.","Asian Crops Global Co.,Ltd.",P2020-5110,Approved
Pin Seinn GA3,Gibberellic Acid 10% T,"ITMG Singapore Pte.,Ltd.",Bloom Trading & Manufacturing,P2018-4290,Approved
Pin Seinn Tonic,Nitrophenolate Mixture 2% SL,"ITMG Singapore Pte.,Ltd.",Bloom Trading & Manufacturing,P2017-3745,Approved
POWER UP 20 TB,Gibberellic Acid 20% TB,Beijing Multigrass Formulation Co,"Y Agro Solution Co.,Ltd.",P2018-4325,Approved
PREDICT,Paclobutrazol 10% WP,"Yancheng Limin Chemical Co.,Ltd.","Vanida Myanmar Co.,Ltd.",P2018-4289,Approved
Primo Maxx 120 SL,Trinexapac-ethyl 12%w/v SL,Syngenta Crop Protection Ltd.,"JJ-Pun Trading Co.,Ltd.",P2017-3450,Approved
Pwar Toe,Sodium-O-nitrophenolate 0.6% + Sodium-P-nitrophenolate,"Agro Icon Cropscience Pte.,Ltd.","Aka Yarzar Co.,Ltd.",P2021-5200,Approved
Rain 40 EC,Ethrel 40% EC,Shaanxi Micro Biotechnology Co.,"THU THU HEIN Co.,Ltd.",P2019-4566,Approved
Ripe 40 SL,Ethephon 40% SL,Sichuan Guoguang Agrochemical,"Myanmar Golden Byter Co.,Ltd.",P2018-4196,Approved
Royal Cham,3-Indolyl-acetic acid 0.00052% + Gibberellic acid 0.135% + ...,Shandong Topagri Limited,"Royal Shin Thant Co.,Ltd.",P2020-4952,Approved
SAB,S-Abscisic Acid TG 90%,"AgriGate CropSciences Pte.,Ltd.","Myanma Awba Group Co.,Ltd",P2020-4958,Approved
Sinagrowth 20 TB,Gibberellic Acid 20% TB,"Sinamyang Group Pte.,Ltd.","Htet Thiha Naing Co.,Ltd.",P2017-4038,Approved
Sofine 1.8 SL,Sodium Nitrophenolate 1.8% SL,Hailir Pesticides and Chemicals Gr,"Hailir Myanmar Co.,Ltd.",P2020-5072,Approved
Sunrise Super Tonic 1.95 S,Sodium Nitrophenolate 1.95% SL,"Sunrise Agro Chemicals Pte.,Ltd.",Wah Wah Agricultural Chem,P2020-4957,Approved
SUPER BOOM 40 SP,Gibberellic Acid 40% SP,Beijing Multigrass Formulation Co,"Baigreen Crop Science Co.,Ltd",P2018-4324,Approved
Swelling,Forchlorfenuron 0.1% SL,Sichuan Guoguang Agrochemical,"Myanmar Golden Byter Co.,Ltd",P2020-4950,Approved
Tet Kaung 100 T,Gibberellic Acid 10% T,"Optimus Agri-Tech Pte.,Ltd.",Myanmar Kaung Thu Kha Co,P2018-4405,Approved
Tide-Paclo 15 WP,Paclobutrazol 15% WP,"Zhejiang Tide Cropscience Co.,Ltd.","Golden Key Co.,Ltd.",P2019-4692,Approved
Top-Bnoa 40 SC,2-Naphthyl-oxyacetic acid 40% SC,"Shanghai Topchems Industry Co.,Ltd","Agro Power Co.,Ltd.",P2017-3395,Approved
Top-GA3 90 TC,Gibberellic Acid 90% TC,"Shanghai Topchems Industry Co.,Ltd","Topagri Myanmar Co.,Ltd.",P2017-3413,Approved
VANIDA PACLO,Paclobutrazol 15% WP,"Yancheng Limin Chemical Co.,Ltd.","Vanida Myanmar Co.,Ltd.",P2019-4492,Approved
Paclozol WP,Paclobutrazol 20% WP,"Bailing Agrochemical Co.,Ltd.","Agri Leading Biotech Co.,Ltd",P2021-5406,Approved
Paclobuzol SC,Paclobutrazol 25% SC,"Bailing Agrochemical Co.,Ltd.","Agri Leading Biotech Co.,Ltd",P2021-5407,Approved
Paclozol TC,Paclobutrazol 95% TC,"Bailing Agrochemical Co.,Ltd.","Agri Leading Biotech Co.,Ltd",P2021-5408,Approved
Phacid 20 SL,Phthalanilic acid 20% SL,Shaanxi Sunger Road Bio-Science,Myanmar Sunger Road Bio-S,P2021-5427,Approved
Pilaroptim,Gibberellic acid 0.135% + Indol-3-ylacetic acid 0.00052% + ...,"Pilarquim (Shanghai) Co.,Ltd.",Myanmar Max Agro Science,P2021-5434,Approved
Rofine,1-naphthylacetic acid 1% + Choline chloride 20% SL,"Brightmart CropScience Co.,Ltd. (C",Myanmar Gold Medal Crop,P2021-5435,Approved
Byter Sein Lan,6-Benzylaminopurine 2% SL,Anhui Byter Agriculture Technolog,"Myanmar Golden Byter Co.,Ltd",P2021-5481,Approved
Up 0.15 SL,Triacontanol 0.15% SL,"Syntech International Co.,Ltd.","Farm Link Co.,Ltd.",P2021-5482,Approved
Dyna 2.1 SL,Sodium-5-nitrotguaiacolate 0.7%w/v + Sodium-O-nitropheno...,"Syntech International Co.,Ltd.","Farm Link Co.,Ltd.",P2021-5485,Approved
Par Klo 15 WP,Paclobutrazol 15% WP,"Agro Star Pte.,Ltd.","Min Mahaw Co.,Ltd.",P2021-5495,Approved
ARS Rat Killer,Warfarin 0.05%w/w Bait,"Earth (Thailand) Co.,Ltd.",Greenline Myanmar Group,P2017-2341,Approved
Happy Rat Killer,Brodifacoum 0.005% Bait,Happy Pest Control & Pesticide,Happy Pest Control & Pestic,P2020-5081,Approved
Kywat Say 80 WP,Zinc Phosphide 80% WP,"Agrinova Cropcare Pte.,Ltd.","Wi Sar Ra International Co.,",P2017-3479,Approved
Longway Xiudilong 0.005 B,Bromadiolone 0.005% Bait,Kaifeng Planck Biochemical Indust,"Longway Agrochemical Co.,",P2018-4348,Approved
Lover 0.005 BB,Brodifacoum 0.005% RB,"Sinamyang Group Pte.,Ltd.","Golden Rocket Co.,Ltd.",P2017-4049,Approved
Power Rodent Bait,Bromadiolone 0.005% Bait,Shaanxi Qinle Pharmaceutical Che,"Jyo Tu Star Co.,Ltd.",P2020-5082,Approved
Prolinez Bait Block 0.005%,Brodifacoum 0.005% RB,"Bentz Jaz Singapore Pte.,Ltd.","Bentz Jaz Myanmar Co.,Ltd.",P2017-3761,Approved
Prolinez Soft Bait,Brodifacoum 0.005% RB,"Bentz Jaz Singapore Pte.,Ltd.","Bentz Jaz Myanmar Co.,Ltd.",P2017-3762,Approved
RATROL,Flocoumafen 0.005%w/w Pellet,Asiatic Agricultural Industries Pte.,Asiatic Agricultural Industrie,P2020-4467,Approved
RodenthorTM Block Bait R,Brodifacoum 0.005%w/w RB,Ensystex II Inc,Green Pest Management Co,P2017-3508,Approved
Shwe Kyaut Shin,Bromadiolone 0.005% RB,Makro Chemical,"Golden Key Co.,Ltd.",P2017-3533,Approved
Sino-Bait 0.005% RB,Bromadiolone 0.005% RB,"Sino-Agri Leading Biosciences Co.,","Anawrahta Production Co.,L",P2017-3792,Approved
Storm BB,Flocoumafen 0.005%w/w Bait,"BASF SE, Germany","Bavita Co.,Ltd.",P2017-2769,Approved
Vector Rat Bait,Bromadiolone 0.005% RB,"Min Naing Khant Co.,Ltd.","Min Naing Khant Co.,Ltd.",P2017-3347,Approved
Aldrin,"Carcinogenicity, Hazard to wild life, Bioaccumulation, Chronic effects",J. Hyman & Co.,-,-,Banned
Aldicarb,Highly Acute Toxicity,-,-,-,Banned
Alachlor,Carcinogenicity,-,-,-,Banned
Alpha Hexachlorocyclohexane,"Adverse liver, Fetotoxic and Reproductive Effects, Tumors in Animals",-,-,-,Banned
Arsenic Compound,"Carcinogenicity, Neurotoxicity, Highly Acute Toxicity",-,-,-,Banned
(BHC) Beta-Hexachlorocyclohexane,"Oncogenicity, Carcinogenicity,",-,-,-,Banned
Binapacryl,"Carcinogenicity, Fetotoxicity",-,-,-,Banned
Captafol,"Oncogenicity, Carcinogenicity",-,-,-,Banned
Chlordimeform,"Oncogenicity, Carcinogenicity",-,-,-,Banned
Chlordane,"Carcinogenicity, Long Residual Effect, Hazard to Living Organism",-,-,-,Banned
Chlordecone,Carcinogenicity,-,-,-,Banned
Chlorobenzilate,"Carcinogenicity, Adverse Testicular Effects",-,-,-,Banned
Cyhexatin,"Teratogenecity, High Risk to the Environment",-,-,-,Banned
Dieldrin,"Carcinogenicity, Bioaccumulation, Hazard to wild life, Other Chronic effect, Long Residual effect,",-,-,-,Banned
Dinoseb,"Teratogenicity, Reproductive Effects, Acute Effects, Carcinogenicity, Possible Teratogenicity",-,-,-,Banned
DNOC,Highly Acute Toxicity,-,-,-,Banned
Ethylene Dibromide (EDB),"Oncogenecity, Mutagenecity, Reproductive Effects, Carcinogenicity, Fetotoxicity",-,-,-,Banned
Ethylene Dichloride,"Neurotoxicity, Persistent in Environment, Chronic Toxicity",-,-,-,Banned
Endosulfan,"Volatile and Persistent, Bioaccumulation in Fatty Tissues",-,-,-,Banned
Endrin,"Oncogenecity, Teratogenecity, Reduction in Endangered and non-Target Species, Long Residual Effects",-,-,-,Banned
EPN,"Neurotoxicity, Hazard to Aquatic Organisms, Cholinesterase Inhibitor, Dermal Toxicity",-,-,-,Banned
Ethylene Oxide,"Carcinogenicity, Mutagenecity",-,-,-,Banned
Fluoroacetamide,Highly Acute Toxicity,-,-,-,Banned
Hexachlorobenzene (HCB),"Carcinogenicity, Persistent in Environment",-,-,-,Banned
Heptachlor,"Long Residual Effect, Bioaccumulation",-,-,-,Banned
Lindane (Gama Hexachlorocyclohexane),"Persistent in Environment, Bioaccumulation, Carcinogenic Potential",-,-,-,Banned
Methomyl,"Acute Toxicity-humans, Cholinesterase Inhibitor, Highly Toxic-crustaceans, Moderate Toxic to Fish",-,-,-,Banned
Mercury Compounds,"Highly Acute Toxicity, Persistent in Environment, Toxic to Aquatic Organisms",-,-,-,Banned
Methamidophos,Highly Acute Toxicity,-,-,-,Banned
Methyl Parathion,"Highly Acute Toxicity, Dermal Toxicity",-,-,-,Banned
Monocrotophos,"High Acute Toxicity, Cholinesterase Inhibitor,",-,-,-,Banned
Mirex,"Carcinogenicity, Persistent in Environment, Biomagnifications in Food Chain",-,-,-,Banned
Parathion Ethyl,"Toxic to Aquatic Organisms, Highly Acute Toxicity",-,-,-,Banned
Pentachlorophenol (PCP),"Highly Acute Toxicity, Persistent in Environment",-,-,-,Banned
Phosphamidon,"Highly Acute Toxicity,",-,-,-,Banned
Strobane (Polychloroterpenes),"Oncogenecity, Persistent in Environment, Bioaccumulation, Carcinogenicity",-,-,-,Banned
"2,4,5-T and 2,4,5-TP","Oncogenecity, Carcinogenicity, Fetotoxicity,",-,-,-,Banned
Toxaphene,"Oncogenicity, Acute Toxicity to Aquatic Organism, Chronic Effects to Wildlife, Carcinogenicity, Long Residual Effect",-,-,-,Banned
Tributyltin,"Highly toxic to Aquatic Organism, Highly Acute Toxicity, Fetotoxicity, Bioaccumulation",-,-,-,Banned
Trichlorfon,"Cholinesterase Inhibitor, Reproductive Effects, Carcinogenicity, Highly Acute Toxicity",-,-,-,Banned
D.D.T (Dichloro-diphenyl-trichloroethane),"Bioaccumulation, Persistent in Environment, Carcinogenicity",-,-,-,Banned
Tridemorph,"Reproductive Effects, Highly Acute Toxicity",-,-,-,Banned
Triflumizole,"Reproductive Effects, Highly Acute Toxicity",-,-,-,Banned
Diafenthiuron,"Persistent in Environment, Bioaccumulation",-,-,-,Banned
Terbufos,"Highly Acute Toxicity, Inhibition of Brain Cholinesterase",-,-,-,Banned
Borax Decahydrate,"Reproductive Effects, Fetotoxicity, Possible Liver Carcinogen",-,-,-,Banned
Hydramethylnon,"Reproductive Effects, Highly Acute Toxicity, Possible Human Carcinogen",-,-,-,Banned
Metaflumizone,"PBT, Neurotoxicity (Block the sodium channel of the Nervous System causing Paralysis)",-,-,-,Banned
Mineral oil,"Carcinogenicity, Skin Burning, Dermal Toxicity",-,-,-,Banned
Boric acid,"Reproductive Effects, Chronic Effect, Kidney Damage",-,-,-,Banned
